YEAR,MONTH,PROVINCE,DISTRICT,TYPE OF LOCALITY,LATITUDE,LONGITUDE,SEX,AGE,CENSUS,CASES,DEATHS
2011,NOV,MIDLANDS,KWEKWE,RESETTLEMENT,-18.37816784,28.98951802,ALL,ADULT,570,6,0
2007,JAN,MATABELELAND SOUTH,INSIZA,RESETTLEMENT,-20.0774999,29.60849015,all,ALL,25,5,2
2011,NOV,MIDLANDS,KWEKWE,COMMERCIAL,-19.72962776,29.29381783,ALL,ADULT,363,4,0
2011,MAY,MIDLANDS,KWEKWE,RESETTLEMENT,-18.70143519,31.85534762,MALE,ADULT,1239,1,0
2011,NOV,MIDLANDS,KWEKWE,COMMUNAL,-18.70143519,31.85534762,MALE,ADULT,998,1,0
2011,FEB,MIDLANDS,KWEKWE,COMMUNAL,-19.97689303,29.01357773,MALE,ADULT,1853,1,0
2011,NOV,MIDLANDS,KWEKWE,COMMUNAL,-32.67694051,23.70513797,ALL,ALL,2400,2,0
2011,NOV,MIDLANDS,KWEKWE,COMMUNAL,-18.0211777,31.49812391,ALL,ALL,1479,16,0
2011,NOV,MIDLANDS,KWEKWE,COMMUNAL,-18.0211777,31.49812391,MALE,ADULT,1100,2,0
2011,MAY,MIDLANDS,GWERU,RESETTLEMENT,-21.84312049,29.27763329,ALL,ALL,1375,66,6
2006,FEB,MASHONALAND WEST,HURUNGWE,COMMUNAL,-18.30781264,31.2042946,MALE,ADULT,21,5,0
2008,JUN,MASHONALAND EAST,MARONDERA,COMMERCIAL,-17.89114209,30.32732324,FEMALE,ADULT,96,,0
2011,NOV,MIDLANDS,KWEKWE,COMMUNAL,-19.15584791,30.35327418,ALL,ADULT,1104,7,0
2011,JUL,MASHONALAND CENTRAL,RUSHINGA,COMMUNAL,-17.89114209,30.32732324,ALL,ADULT,1565,18,0
2011,FEB,MASHONALAND CENTRAL,SHAMVA,COMMUNAL,-20.02952023,29.14716797,MALE,ADULT,2568,1,0
2007,JAN,MATABELELAND SOUTH,UMZINGWANE,COMMERCIAL,-17.77828024,29.98296488,all,ALL,60,31,0
2011,NOV,MIDLANDS,KWEKWE,COMMUNAL,-16.93112859,29.12948876,ALL,ADULT,1810,6,0
2011,NOV,MIDLANDS,KWEKWE,COMMUNAL,-18.92150657,30.38546237,FEMALE,ADULT,2060,6,0
2011,NOV,MIDLANDS,KWEKWE,COMMERCIAL,-20.29410822,29.61592691,ALL,ALL,1000,12,0
2011,MAY,MIDLANDS,KWEKWE,COMMERCIAL,-32.67694051,23.70513797,MALE,ADULT,16,2,0
2011,MAY,MIDLANDS,KWEKWE,RESETTLEMENT,-18.91292782,29.58223892,MALE,ADULT,754,1,0
2011,MAY,MIDLANDS,GOKWE NORTH,COMMUNAL,-17.81048523,28.83509444,FEMALE,ADULT,16,1,0
2011,FEB,MASHONALAND CENTRAL,BINDURA,RESETTLEMENT,-17.02790875,31.61427955,MALE,ADULT,487,10,0
2011,FEB,MASHONALAND CENTRAL,BINDURA,RESETTLEMENT,-18.32968218,29.28501083,ALL,ADULT,1845,1,0
2011,NOV,MIDLANDS,KWEKWE,COMMUNAL,-17.89114209,30.32732324,ALL,ADULT,1066,1,0
2011,MAY,MIDLANDS,KWEKWE,COMMERCIAL,-19.40458858,29.28447303,ALL,ADULT,122,14,5
2011,JAN,MIDLANDS,GOKWE NORTH,COMMUNAL,-17.98062111,30.26747357,FEMALE,ADULT,6,1,0
2011,MAR,MIDLANDS,GOKWE NORTH,COMMUNAL,-16.85106925,29.00475798,ALL,ADULT,6,2,1
2011,NOV,MIDLANDS,KWEKWE,COMMUNAL,-17.78762392,30.50795401,ALL,ALL,1500,24,0
2011,NOV,MIDLANDS,KWEKWE,COMMUNAL,-21.62954627,29.03470694,ALL,ADULT,1766,8,0
2011,FEB,MASHONALAND CENTRAL,SHAMVA,RESETTLEMENT,-21.26663868,29.16648281,FEMALE,ADULT,9,1,0
2011,JAN,MASHONALAND CENTRAL,GURUVE,RESETTLEMENT,-18.17696752,31.80685642,MALE,ADULT,1288,1,
2011,MAR,MIDLANDS,KWEKWE,COMMUNAL,-17.65252888,31.76698225,ALL,ALL,2397,4,0
2007,JAN,MATABELELAND SOUTH,BEITBRIDGE,COMMUNAL,-18.66339744,29.32641749,all,ALL,32,4,0
2011,FEB,MASHONALAND CENTRAL,SHAMVA,RESETTLEMENT,-17.02790875,31.61427955,ALL,ADULT,8,2,
2011,MAR,MASHONALAND CENTRAL,SHAMVA,RESETTLEMENT,-18.86086992,29.42399373,ALL,ADULT,1353,2,0
2011,MAR,MIDLANDS,KWEKWE,COMMUNAL,-21.24761788,28.40411108,ALL,ALL,2157,12,0
2011,FEB,MASHONALAND CENTRAL,SHAMVA,RESETTLEMENT,-18.86086992,29.42399373,ALL,ADULT,8,2,0
2007,FEB,MASHONALAND EAST,MARONDERA,RESETTLEMENT,-20.02843249,29.86174662,ALL,ALL,500,6,0
2011,MAY,MIDLANDS,KWEKWE,COMMUNAL,-18.32968218,29.28501083,MALE,ADULT,1865,3,1
2011,NOV,MIDLANDS,KWEKWE,COMMUNAL,-16.93112859,29.12948876,ALL,ADULT,1767,1,0
2011,FEB,MIDLANDS,SHURUGWI,RESETTLEMENT,-18.92150657,30.38546237,ALL,ALL,125,10,0
2011,FEB,MASHONALAND CENTRAL,GURUVE,RESETTLEMENT,-20.29410822,29.61592691,FEMALE,ADULT,329,1,0
2011,MAR,MASHONALAND CENTRAL,SHAMVA,RESETTLEMENT,-19.97687132,29.01548817,MALE,ADULT,1553,1,0
2008,FEB,MASHONALAND WEST,ZVIMBA,RESETTLEMENT,-19.81852528,29.40189884,ALL,ADULT,13,1,0
2011,APR,MIDLANDS,KWEKWE,COMMERCIAL,-18.5851194,29.06769132,ALL,ADULT,22,2,0
2005,JAN,MASHONALAND WEST,CHEGUTU,COMMERCIAL,-19.76622239,29.25713626,ALL,ADULT,20,2,0
2007,JAN,MIDLANDS,MVUMA,COMMUNAL,-16.96220433,31.29270417,ALL,ADULT,678,32,15
2008,FEB,MASHONALAND WEST,ZVIMBA,RESETTLEMENT,-20.16655719,29.01605845,FEMALE,ADULT,53,3,0
2011,FEB,MASHONALAND CENTRAL,GURUVE,COMMUNAL,-21.41570186,29.48785117,ALL,ADULT,,5,0
2005,JUL,MASHONALAND WEST,HURUNGWE,COMMUNAL,-16.93112859,29.12948876,MALE,ADULT,11,3,0
2007,JAN,MIDLANDS,MVUMA,RESETTLEMENT,-18.92150657,30.38546237,MALE,ADULT,634,3,1
2011,APR,MIDLANDS,KWEKWE,RESETTLEMENT,-17.61037179,30.26936646,FEMALE,ADULT,618,1,0
2007,JAN,MATABELELAND SOUTH,INSIZA,RESETTLEMENT,-20.29410822,29.61592691,FEMALE,ALL,15,1,0
2009,MAR,MATEBELELAND NORTH,TSHOLOTSHO,COMMUNAL,,,FEMALE,ADULT,2160,1,0
2008,FEB,MASHONALAND WEST,ZVIMBA,RESETTLEMENT,-17.89114209,30.32732324,MALE,ADULT,147,1,0
2009,MAR,MASHONALAND WEST,ZVIMBA,RESETTLEMENT,-20.43503235,28.33908951,ALL,ADULT,15,3,0
2007,JAN,MIDLANDS,GOKWE,COMMUNAL,-18.38918627,31.21011559,MALE,ADULT,4,1,0
2011,JUN,MIDLANDS,KWEKWE,COMMERCIAL,-19.26449129,30.37245224,ALL,ADULT,67,7,0
2011,JUN,MIDLANDS,KWEKWE,COMMUNAL,-18.10190378,29.44359511,ALL,ALL,2528,21,0
2007,JAN,MIDLANDS,GWERU,COMMUNAL,-19.23843673,30.62323703,FEMALE,ADULT,14,2,0
2007,JAN,MASHONALAND EAST,MARONDERA,COMMUNAL,-18.30291692,31.71800492,MALE,ADULT,502,,0
2007,JAN,MIDLANDS,KWEKWE,COMMUNAL,-19.40458858,29.28447303,FEMALE,ADULT,13,1,0
2011,APR,MIDLANDS,KWEKWE,RESETTLEMENT,-19.23628145,29.70426162,ALL,ADULT,8,4,1
2009,MAR,MASHONALAND WEST,ZVIMBA,RESETTLEMENT,-17.98062111,30.26747357,MALE,ADULT,7,2,0
2007,JAN,MATABELELAND SOUTH,UMZINGWANE,COMMUNAL,-19.77011603,30.36712565,MALE,JUVENILE,9,1,0
2009,MAR,MATEBELELAND NORTH,BULAWAYO,COMMERCIAL,-21.79670309,30.63233635,ALL,ALL,300,15,0
2007,JAN,MIDLANDS,MVUMA,COMMERCIAL,-20.63811348,29.55744446,ALL,ADULT,39,7,0
2004,OCT,MASHONALAND WEST,KARIBA,COMMUNAL,-18.87029311,29.39379939,ALL,ADULT,1262,12,0
2004,JAN,MASHONALAND WEST,ZVIMBA,COMMUNAL,-18.91106611,29.00144933,MALE,JUVENILE,28,1,0
2008,FEB,MASHONALAND WEST,MAKONDE,RESETTLEMENT,-19.23847436,30.62133793,FEMALE,ADULT,24,2,0
2011,OCT,MIDLANDS,KWEKWE,RESETTLEMENT,-21.06679789,28.42069226,ALL,ADULT,38,2,0
2011,NOV,MIDLANDS,KWEKWE,COMMUNAL,-19.72307107,29.09152901,ALL,ALL,862,21,0
2009,MAR,MATEBELELAND NORTH,BULAWAYO,COMMERCIAL,-20.16058857,28.72800779,MALE,ALL,5,1,0
2011,NOV,MIDLANDS,KWEKWE,COMMUNAL,-18.58961182,29.4466568,MALE,ADULT,1778,4,0
2011,NOV,MIDLANDS,KWEKWE,COMMUNAL,-19.02850278,29.00195911,ALL,ALL,2529,13,0
2007,JAN,MASHONALAND EAST,MUREHWA,COMMUNAL,-17.65252888,31.76698225,MALE,ADULT,10,,0
2007,JAN,MASHONALAND EAST,MUREHWA,COMMUNAL,-17.2458932,31.78003997,FEMALE,ADULT,14,,0
2008,FEB,MASHONALAND WEST,CHEGUTU,COMMERCIAL,-18.70295293,30.25893284,ALL,ADULT,45,8,0
2011,NOV,MIDLANDS,KWEKWE,COMMUNAL,-20.78003736,29.07781838,ALL,ALL,3062,7,0
2007,JAN,MATABELELAND SOUTH,GWANDA,COMMUNAL,-21.26663868,29.16648281,all,ADULT,40,6,1
2011,FEB,MIDLANDS,KWEKWE,RESETTLEMENT,-18.50664145,29.57324831,ALL,ALL,627,8,0
2011,NOV,MIDLANDS,KWEKWE,RESETTLEMENT,-18.46939987,29.65406824,ALL,ADULT,775,7,0
2009,MAR,MATEBELELAND NORTH,UMGUZA,COMMERCIAL,-20.12272387,29.60350411,ALL,ADULT,7,4,3
2009,MAR,MATEBELELAND NORTH,LUPANE,COMMERCIAL,#REF!,#REF!,MALE,ADULT,13,1,0
2008,JUN,MASHONALAND EAST,MUREHWA,COMMUNAL,-17.51585885,31.60117145,MALE,ADULT,13,,1
2008,APR,MASHONALAND WEST,MAKONDE,RESETTLEMENT,-20.12272387,29.60350411,MALE,ADULT,3,1,0
2007,JAN,MATABELELAND SOUTH,INSIZA,RESETTLEMENT,-20.30373302,29.57584459,all,ALL,1541,12,0
2011,MAR,MIDLANDS,KWEKWE,RESETTLEMENT,-20.38822831,29.34747759,ALL,ADULT,400,8,0
2008,MAR,MASHONALAND EAST,HWEDZA,COMMERCIAL,#REF!,#REF!,FEMALE,ADULT,2,,0
2007,JAN,MATABELELAND SOUTH,INSIZA,RESETTLEMENT,-20.7438337,29.08404391,all,ADULT,1541,12,0
2011,FEB,MIDLANDS,KWEKWE,COMMUNAL,-17.54048241,31.28453211,ALL,ALL,1361,1,0
2008,APR,MASHONALAND EAST,HWEDZA,COMMERCIAL,#INVALID MGRS GRID REFERENCE,#INVALID MGRS GRID REFERENCE,MALE,ADULT,1,,0
2007,JAN,MIDLANDS,MBERENGWA,COMMUNAL,-18.43071824,28.07569292,ALL,ALL,1687,4,0
2009,MAR,MATEBELELAND NORTH,BULAWAYO,COMMERCIAL,-17.71778435,30.9293186,ALL,ADULT,236,6,0
2008,MAR,MASHONALAND EAST,HWEDZA,COMMERCIAL,-18.17696752,31.80685642,ALL,ADULT,23,,0
2008,DEC,MASHONALAND EAST,MARONDERA,COMMERCIAL,#INVALID MGRS GRID REFERENCE,#INVALID MGRS GRID REFERENCE,ALL,ALL,26,,0
2007,JAN,MIDLANDS,MBERENGWA,COMMUNAL,-18.66339744,29.32641749,FEMALE,ADULT,2147,1,0
2007,JAN,MATABELELAND SOUTH,MATOBO,COMMUNAL,#REF!,#REF!,all,ALL,1070,20,0
2007,JAN,MIDLANDS,MBERENGWA,RESETTLEMENT,-18.86086992,29.42399373,ALL,ADULT,16,2,0
2011,FEB,MIDLANDS,KWEKWE,COMMUNAL,-21.24761788,28.40411108,ALL,ALL,1361,2,0
2008,FEB,MASHONALAND EAST,UMP,COMMUNAL,-18.86086992,29.42399373,FEMALE,ADULT,10,,0
2007,JAN,MIDLANDS,GOKWE,COMMUNAL,-20.02843249,29.86174662,MALE,ADULT,7,1,0
2011,FEB,MIDLANDS,KWEKWE,COMMUNAL,-18.38280677,29.37275434,ALL,ALL,1361,4,1
2007,JAN,MATABELELAND SOUTH,MATOBO,COMMUNAL,-17.61037179,30.26936646,FEMALE,ADULT,10,1,0
2011,FEB,MIDLANDS,KWEKWE,COMMUNAL,-20.3211909,29.61638211,ALL,ALL,1361,6,2
2007,JAN,MATABELELAND SOUTH,MATOBO,COMMUNAL,-17.45635765,32.32201489,MALE,ADULT,5,1,0
2011,FEB,MIDLANDS,KWEKWE,COMMUNAL,-19.97687132,29.01548817,ALL,ALL,1484,1,0
2007,JAN,MATABELELAND SOUTH,MATOBO,COMMUNAL,-19.81852528,29.40189884,FEMALE,ADULT,8,1,0
2011,APR,MIDLANDS,KWEKWE,COMMERCIAL,-19.76622239,29.25713626,ALL,ALL,24,1,0
2008,FEB,MASHONALAND EAST,UMP,COMMUNAL,-16.96220433,31.29270417,FEMALE,ADULT,5,,0
2008,MAR,MASHONALAND WEST,ZVIMBA,COMMERCIAL,-20.16655719,29.01605845,ALL,ADULT,1111,2,0
2011,APR,MIDLANDS,KWEKWE,COMMUNAL,-21.41570186,29.48785117,MALE,ADULT,2041,2,0
2011,FEB,MIDLANDS,KWEKWE,COMMUNAL,-18.66339744,29.32641749,ALL,ALL,1587,6,3
2008,FEB,MASHONALAND EAST,UMP,COMMUNAL,-17.02816111,31.65181469,ALL,ADULT,17,,0
2008,MAR,MASHONALAND EAST,UMP,COMMUNAL,-21.24761788,28.40411108,MALE,ADULT,10,,0
2011,APR,MIDLANDS,KWEKWE,COMMUNAL,-21.24761788,28.40411108,MALE,ADULT,2537,1,0
2011,FEB,MIDLANDS,KWEKWE,COMMUNAL,-18.86086992,29.42399373,ALL,ALL,1484,1,0
2008,MAR,MASHONALAND WEST,ZVIMBA,COMMUNAL,-20.97752483,28.28615253,FEMALE,ADULT,13,1,0
2007,JAN,MATABELELAND SOUTH,MATOBO,COMMUNAL,-21.24761788,28.40411108,all,ALL,423,6,0
2008,MAR,MASHONALAND EAST,HWEDZA,COMMERCIAL,-17.47207916,31.81813031,MALE,ADULT,1,,0
2008,MAR,MASHONALAND WEST,CHEGUTU,RESETTLEMENT,-20.02843249,29.86174662,FEMALE,ADULT,48,1,1
2007,JAN,MATABELELAND SOUTH,MATOBO,COMMUNAL,-19.29175226,29.61577208,all,ALL,3125,3,0
2011,MAY,MIDLANDS,KWEKWE,COMMERCIAL,-23.11357014,23.57421563,ALL,ADULT,17,5,0
2007,JAN,MATABELELAND SOUTH,MATOBO,COMMUNAL,-19.00913318,31.92836658,all,ALL,1385,11,0
2011,MAR,MIDLANDS,KWEKWE,COMMUNAL,-18.86086992,29.42399373,ALL,ALL,1484,47,0
2011,JUN,MIDLANDS,KWEKWE,COMMERCIAL,-17.71458873,30.64573336,ALL,ALL,1245,2,0
2011,APR,MIDLANDS,KWEKWE,COMMERCIAL,-17.61037179,30.26936646,ALL,ALL,1581,1,0
2008,FEB,MASHONALAND EAST,UMP,COMMUNAL,-17.02816111,31.65181469,FEMALE,ADULT,13,,0
2007,JAN,MIDLANDS,MBERENGWA,RESETTLEMENT,-20.02843249,29.86174662,ALL,ADULT,16,4,0
2011,APR,MIDLANDS,KWEKWE,COMMUNAL,-18.19479358,29.23316824,ALL,ALL,1924,5,0
2007,JAN,MIDLANDS,GWERU,COMMUNAL,-17.61037179,30.26936646,MALE,ADULT,1196,1,0
2008,APR,MASHONALAND WEST,ZVIMBA,COMMUNAL,-16.48774686,31.98628583,MALE,ADULT,10,1,1
2008,FEB,MASHONALAND WEST,ZVIMBA,COMMERCIAL,-20.3211909,29.61638211,ALL,ADULT,214,8,0
2011,AUG,MIDLANDS,KWEKWE,COMMERCIAL,-19.37001576,31.83177309,ALL,ADULT,8,2,0
2011,FEB,MIDLANDS,KWEKWE,RESETTLEMENT,-20.18485625,29.67526259,FEMALE,ADULT,18,1,0
2008,FEB,MASHONALAND EAST,HWEDZA,COMMERCIAL,-17.45635765,32.32201489,MALE,ADULT,21,,0
2000,JAN,MATEBELELAND NORTH,HWANGE,COMMUNAL,-18.38388889,26.76305556,MALE,ADULT,11,1,0
2008,APR,MASHONALAND WEST,ZVIMBA,COMMUNAL,-17.90783995,32.19759419,MALE,ADULT,4,1,0
2008,APR,MASHONALAND WEST,ZVIMBA,COMMUNAL,-17.61037179,30.26936646,ALL,ALL,11,9,0
2008,MAY,MASHONALAND WEST,ZVIMBA,COMMUNAL,-17.08162576,29.40637835,MALE,ADULT,9,2,0
2008,MAY,MASHONALAND WEST,ZVIMBA,COMMUNAL,-17.85285254,29.11285758,FEMALE,ADULT,9,1,0
2011,APR,MIDLANDS,KWEKWE,COMMERCIAL,-19.97687132,29.01548817,FEMALE,ADULT,34,1,0
2007,JAN,MATABELELAND SOUTH,INSIZA,COMMERCIAL,-20.22749914,29.83474934,all,ALL,102,35,2
2008,MAR,MASHONALAND EAST,UMP,COMMUNAL,-17.71778435,30.9293186,MALE,ADULT,4,,0
2007,JAN,MATABELELAND SOUTH,INSIZA,COMMERCIAL,-20.3211909,29.61638211,all,ALL,102,35,2
2008,APR,MASHONALAND EAST,HWEDZA,COMMERCIAL,-17.13643811,29.35448301,MALE,ADULT,1,,0
2007,JAN,MATABELELAND SOUTH,INSIZA,COMMERCIAL,-21.51114956,29.73550551,all,ADULT,0,2,0
2008,FEB,MASHONALAND EAST,MUTOKO,COMMUNAL,-17.45635765,32.32201489,MALE,ADULT,11,,0
2007,JAN,MATABELELAND SOUTH,MATOBO,COMMUNAL,-17.78871778,31.86979707,all,ADULT,43,3,0
2008,MAR,MASHONALAND EAST,MUTOKO,RESETTLEMENT,-17.87006824,31.87117147,MALE,ADULT,23,,0
2011,SEP,MIDLANDS,KWEKWE,COMMERCIAL,-18.52865321,30.73509242,FEMALE,ADULT,25,1,0
2011,MAR,MIDLANDS,KWEKWE,RESETTLEMENT,-18.96352905,31.85830077,ALL,ADULT,1258,2,0
2011,NOV,MIDLANDS,KWEKWE,COMMERCIAL,-17.18479236,30.93627034,ALL,ALL,795,20,0
2011,SEP,MIDLANDS,KWEKWE,COMMERCIAL,-18.86086992,29.42399373,FEMALE,ADULT,15,1,0
2007,JAN,MIDLANDS,MVUMA,COMMUNAL,-18.19148383,30.49857807,ALL,ADULT,678,19,9
2007,JAN,MIDLANDS,MBERENGWA,RESETTLEMENT,-18.19148383,30.49857807,ALL,ADULT,16,5,0
2006,JAN,MASHONALAND WEST,HURUNGWE,COMMUNAL,-20.80886866,29.61122525,MALE,ADULT,4,1,0
2007,JAN,MIDLANDS,GOKWE,COMMERCIAL,-17.49193019,30.93095072,ALL,ADULT,8,2,0
2011,FEB,MIDLANDS,KWEKWE,COMMERCIAL,-20.60690041,29.20110369,ALL,ADULT,33,2,0
2011,MAY,MIDLANDS,KWEKWE,COMMERCIAL,-20.46320904,30.22519254,ALL,ADULT,10,2,0
2007,JAN,MIDLANDS,MBERENGWA,RESETTLEMENT,-20.3361156,29.1876702,FEMALE,ADULT,10,3,0
2008,MAR,MASHONALAND EAST,HARARE,COMMERCIAL,-17.12716476,30.62503237,ALL,ALL,60,,56
2008,MAY,MASHONALAND WEST,ZVIMBA,COMMUNAL,-20.3769357,28.77452677,FEMALE,ADULT,12,1,0
2011,MAY,MIDLANDS,KWEKWE,COMMERCIAL,-17.57326431,30.9328535,FEMALE,ADULT,13,3,0
2011,JAN,MIDLANDS,KWEKWE,RESETTLEMENT,-16.52257702,30.68591453,ALL,ADULT,21,4,0
2006,MAY,MASHONALAND WEST,HURUNGWE,COMMUNAL,-18.49499625,29.04767133,FEMALE,JUVENILE,6,1,0
2007,JAN,MATABELELAND SOUTH,GWANDA,RESETTLEMENT,-18.93220619,29.49337916,FEMALE,ADULT,115,2,0
2008,MAY,MASHONALAND WEST,ZVIMBA,COMMUNAL,-19.3999321,30.37123556,ALL,ALL,14,4,1
2008,MAR,MASHONALAND EAST,GOROMONZI,COMMUNAL,-16.98820152,29.65488508,ALL,ALL,13,,0
2008,MAR,MASHONALAND EAST,HARARE,COMMERCIAL,-19.3999321,30.37123556,ALL,ADULT,100,,0
2008,JAN,MASHONALAND WEST,CHEGUTU,COMMUNAL,-17.19591382,30.34315665,MALE,ADULT,6,1,0
2011,NOV,MIDLANDS,KWEKWE,RESETTLEMENT,-17.84513225,30.26579743,ALL,ADULT,450,2,0
2008,FEB,MASHONALAND EAST,HARARE,COMMERCIAL,-17.19502321,30.27646033,MALE,ADULT,54,,52
2008,FEB,MASHONALAND EAST,HARARE,COMMERCIAL,-21.67310841,29.76845162,MALE,ADULT,115,,0
2000,JAN,MIDLANDS,KWEKWE,COMMUNAL,-21.15668677,28.47354764,ALL,ALL,1800,4,1
2008,MAR,MASHONALAND WEST,CHEGUTU,COMMUNAL,-20.80760521,29.69287578,MALE,ADULT,27,1,0
2008,MAR,MASHONALAND WEST,CHEGUTU,COMMUNAL,-21.3383776,28.3529088,ALL,ADULT,18,3,0
2008,MAR,MASHONALAND WEST,CHEGUTU,COMMUNAL,-20.02843249,29.86174662,FEMALE,ADULT,20,1,0
2007,JAN,MATABELELAND SOUTH,GWANDA,RESETTLEMENT,-21.60794689,28.5205723,all,ADULT,32,6,0
2008,APR,MASHONALAND EAST,GOROMONZI,COMMERCIAL,-21.68902479,29.31957523,MALE,ADULT,12,,0
2008,APR,MASHONALAND WEST,ZVIMBA,RESETTLEMENT,-17.15611942,29.92212678,ALL,ADULT,8,4,0
2007,JAN,MATABELELAND SOUTH,INSIZA,RESETTLEMENT,-18.05794453,24.00105973,all,ALL,93,12,0
2007,JAN,MIDLANDS,ZVISHAVANE,RESETTLEMENT,-16.93040918,29.91861885,ALL,ALL,30,3,0
2007,JAN,MATABELELAND SOUTH,INSIZA,COMMERCIAL,-18.68268326,28.25078542,all,ALL,62,20,0
2000,JAN,MASHONALAND CENTRAL,GURUVE,COMMUNAL,-20.79716921,29.78101557,ALL,ADULT,2172,2,0
2008,JUL,MASHONALAND EAST,HARARE,COMMERCIAL,-17.93539676,30.26254622,ALL,ALL,120,,0
2000,JAN,MASHONALAND CENTRAL,GURUVE,COMMUNAL,-18.5731757,29.96249761,ALL,ADULT,3035,3,0
2000,JAN,MIDLANDS,KWEKWE,COMMUNAL,-20.0774999,29.60849015,ALL,ALL,1931,3,0
2011,MAY,MIDLANDS,KWEKWE,RESETTLEMENT,-20.79716921,29.78101557,ALL,ALL,370,2,0
2000,JAN,MIDLANDS,KWEKWE,COMMUNAL,-17.57666663,29.54945245,FEMALE,ADULT,13,1,0
2007,JAN,MIDLANDS,MVUMA,RESETTLEMENT,-20.0774999,29.60849015,FEMALE,ADULT,649,1,0
2006,MAR,MASHONALAND WEST,HURUNGWE,COMMUNAL,-18.45529311,30.64527415,FEMALE,ADULT,13,1,0
2007,JAN,MIDLANDS,MVUMA,RESETTLEMENT,-20.79716921,29.78101557,ALL,ADULT,649,10,1
2011,MAY,MIDLANDS,KWEKWE,RESETTLEMENT,-17.57666663,29.54945245,FEMALE,ADULT,7,2,1
2011,MAY,MIDLANDS,KWEKWE,RESETTLEMENT,-21.84312049,29.27763329,ALL,ADULT,4,2,0
2011,MAY,MIDLANDS,KWEKWE,COMMERCIAL,-18.96837613,29.49014838,ALL,ADULT,18,4,0
2011,OCT,MIDLANDS,KWEKWE,RESETTLEMENT,-21.42769487,29.27974906,ALL,ALL,640,6,0
2008,JUN,MASHONALAND WEST,ZVIMBA,COMMUNAL,-18.48191005,29.39310268,MALE,ADULT,8,6,0
2008,JUN,MASHONALAND WEST,ZVIMBA,COMMUNAL,-29.92671077,29.48405821,FEMALE,ALL,12,9,0
2011,MAR,MIDLANDS,KWEKWE,RESETTLEMENT,-19.81852528,29.40189884,FEMALE,ADULT,9,1,0
2008,JUN,MASHONALAND WEST,ZVIMBA,COMMUNAL,-17.19502321,30.27646033,MALE,ALL,9,10,0
2011,APR,MIDLANDS,KWEKWE,COMMUNAL,-21.67310841,29.76845162,MALE,ADULT,8,1,0
2007,JAN,MATABELELAND SOUTH,BEITBRIDGE,COMMERCIAL,-21.15668677,28.47354764,FEMALE,ADULT,120,4,1
2007,JAN,MATABELELAND SOUTH,MATOBO,COMMUNAL,-20.80760521,29.69287578,all,ALL,169,9,0
2007,JAN,MIDLANDS,MBERENGWA,COMMUNAL,-21.3383776,28.3529088,ALL,ADULT,469,16,1
2011,SEP,MIDLANDS,KWEKWE,RESETTLEMENT,-20.02843249,29.86174662,MALE,ADULT,112,1,0
2007,JAN,MATABELELAND SOUTH,MATOBO,COMMUNAL,-21.60794689,28.5205723,all,ALL,1429,19,0
2007,JAN,MIDLANDS,MBERENGWA,RESETTLEMENT,-21.68902479,29.31957523,ALL,ADULT,76,4,0
2011,MAR,MIDLANDS,KWEKWE,COMMERCIAL,-17.15611942,29.92212678,ALL,ALL,78,12,0
2011,APR,MIDLANDS,KWEKWE,COMMERCIAL,-18.05794453,24.00105973,ALL,ALL,19,3,1
2007,JAN,MATABELELAND SOUTH,MATOBO,COMMUNAL,-16.93040918,29.91861885,FEMALE,ADULT,14,1,0
2007,JAN,MATABELELAND SOUTH,BEITBRIDGE,COMMUNAL,-18.68268326,28.25078542,MALE,ADULT,3,1,0
2006,JAN,MASHONALAND WEST,HURUNGWE,COMMUNAL,-20.79716921,29.78101557,MALE,ADULT,3,1,0
2008,MAR,MASHONALAND WEST,ZVIMBA,COMMERCIAL,-20.0774999,29.60849015,ALL,ADULT,1440,6,0
2006,NOV,MASHONALAND WEST,HURUNGWE,RESETTLEMENT,-17.93539676,30.26254622,MALE,ADULT,1000,1,
2000,JAN,MATEBELELAND NORTH,LUPANE,COMMUNAL,-18.5731757,29.96249761,FEMALE,ADULT,14,1,0
2007,JAN,MIDLANDS,MBERENGWA,COMMUNAL,-20.0774999,29.60849015,ALL,ADULT,12,1,0
2007,JAN,MATABELELAND SOUTH,INSIZA,RESETTLEMENT,-20.79716921,29.78101557,all,ADULT,31,2,0
2008,APR,MASHONALAND WEST,ZVIMBA,COMMUNAL,-17.57666663,29.54945245,FEMALE,JUVENILE,13,1,0
2006,JUN,MASHONALAND WEST,KADOMA,COMMUNAL,-20.0774999,29.60849015,FEMALE,ADULT,5,3,1
2007,JAN,MATABELELAND SOUTH,INSIZA,RESETTLEMENT,-18.45529311,30.64527415,MALE,JUVENILE,7,1,0
2007,JAN,MIDLANDS,MBERENGWA,COMMUNAL,-20.79716921,29.78101557,MALE,ADULT,13,1,0
2006,JUL,MASHONALAND WEST,KADOMA,COMMUNAL,-17.57666663,29.54945245,FEMALE,ADULT,20,2,
2007,JAN,MATABELELAND SOUTH,INSIZA,RESETTLEMENT,-21.84312049,29.27763329,MALE,ADULT,17,1,0
2011,APR,MIDLANDS,KWEKWE,COMMUNAL,-18.96837613,29.49014838,FEMALE,ADULT,1065,1,0
2008,JUN,MASHONALAND WEST,CHEGUTU,COMMUNAL,-21.42769487,29.27974906,ALL,ADULT,21,1,1
2007,JAN,MIDLANDS,MBERENGWA,COMMUNAL,-18.48191005,29.39310268,ALL,ADULT,26,4,1
2006,JUL,MASHONALAND WEST,KADOMA,COMMUNAL,-29.92671077,29.48405821,MALE,ADULT,22,1,
2007,JAN,MATABELELAND SOUTH,GWANDA,COMMUNAL,-19.97690388,29.01262251,FEMALE,ALL,21,6,0
2011,APR,MIDLANDS,KWEKWE,COMMUNAL,-18.5851194,29.06769132,FEMALE,ALL,893,4,1
2011,APR,MIDLANDS,KWEKWE,COMMUNAL,-20.3769357,28.77452677,ALL,ALL,893,5,0
2006,SEP,MASHONALAND WEST,KADOMA,COMMERCIAL,-20.51832977,29.05891642,ALL,ALL,16,4,1
2011,APR,MIDLANDS,KWEKWE,COMMUNAL,-18.16759801,30.75869259,MALE,ADULT,893,1,0
2011,APR,MIDLANDS,KWEKWE,COMMUNAL,-18.45529311,30.64527415,FEMALE,ADULT,1364,1,0
2007,JAN,MATABELELAND SOUTH,GWANDA,COMMUNAL,-17.57666663,29.54945245,FEMALE,ADULT,5,4,0
2011,MAY,MIDLANDS,KWEKWE,COMMUNAL,-18.93472148,30.7012847,MALE,ADULT,1550,1,0
2006,NOV,MASHONALAND WEST,KADOMA,RESETTLEMENT,-21.12387943,29.02580336,FEMALE,JUVENILE,700,1,
2007,JAN,MATABELELAND SOUTH,UMZINGWANE,RESETTLEMENT,-16.96220433,31.29270417,all,ALL,84,20,0
2007,JAN,MIDLANDS,KWEKWE,RESETTLEMENT,-17.51193112,30.33578428,MALE,JUVENILE,31,1,0
2007,JAN,MATABELELAND SOUTH,UMZINGWANE,COMMUNAL,-17.98062111,30.26747357,MALE,ADULT,7,1,0
2011,APR,MIDLANDS,KWEKWE,COMMUNAL,-20.12272387,29.60350411,MALE,ADULT,1873,1,0
2008,JUN,MASHONALAND WEST,CHEGUTU,COMMUNAL,-22.0047681,30.65891986,ALL,ALL,40,1,0
2011,APR,MIDLANDS,KWEKWE,COMMUNAL,-17.17646749,31.00691641,ALL,ALL,2252,600,10
2008,MAR,MASHONALAND WEST,CHEGUTU,COMMUNAL,-20.22343677,29.50858164,ALL,ADULT,13,1,1
2011,APR,MIDLANDS,KWEKWE,COMMUNAL,-18.3523024,28.86719834,ALL,ALL,2678,442,12
2006,JUL,MASHONALAND WEST,KADOMA,COMMUNAL,-21.21596366,30.43955188,FEMALE,ADULT,14,2,
2008,FEB,MASHONALAND WEST,CHEGUTU,COMMUNAL,-20.14167605,28.81202559,ALL,ADULT,5,2,0
2011,APR,MIDLANDS,KWEKWE,COMMUNAL,-19.76622239,29.25713626,ALL,ALL,917,104,15
2011,APR,MIDLANDS,KWEKWE,COMMUNAL,-20.16655719,29.01605845,ALL,ALL,1288,120,14
2007,JAN,MATABELELAND SOUTH,GWANDA,COMMUNAL,-20.74547462,29.62355306,all,ALL,29,8,0
2000,JAN,MASHONALAND CENTRAL,CENTENARY,COMMUNAL,-16.96220433,31.29270417,MALE,ADULT,1431,1,0
2008,JUL,MASHONALAND WEST,ZVIMBA,COMMUNAL,-20.74518052,29.64274374,FEMALE,ADULT,26,2,0
2008,AUG,MASHONALAND WEST,ZVIMBA,RESETTLEMENT,-17.02816111,31.65181469,ALL,ADULT,12,6,4
2011,MAY,MIDLANDS,KWEKWE,COMMUNAL,-20.14719348,29.77499212,ALL,ALL,2689,4,1
2007,JAN,MATABELELAND SOUTH,INSIZA,RESETTLEMENT,-20.74518052,29.64274374,all,ALL,26,3,0
2008,JUN,MASHONALAND WEST,ZVIMBA,COMMUNAL,-17.6312269,31.32886011,ALL,ADULT,15,3,0
2011,MAY,MIDLANDS,KWEKWE,COMMUNAL,-17.93708632,30.38515597,ALL,ALL,1978,13,1
2011,MAY,MIDLANDS,KWEKWE,COMMUNAL,-17.67234613,29.09565143,ALL,ALL,2631,3,1
2011,MAY,MIDLANDS,KWEKWE,COMMUNAL,-17.19591382,30.34315665,MALE,ADULT,1864,3,1
2011,MAY,MIDLANDS,KWEKWE,COMMUNAL,-19.89548753,29.0230592,ALL,ALL,936,2,0
2011,MAY,MIDLANDS,KWEKWE,COMMUNAL,-21.60794689,28.5205723,ALL,ADULT,895,3,1
2000,JAN,MASHONALAND CENTRAL,CENTENARY,COMMUNAL,-21.41570186,29.48785117,FEMALE,ADULT,2938,1,0
2007,FEB,MATABELELAND SOUTH,INSIZA,COMMUNAL,-31.19186625,23.80488636,MALE,JUVENILE,15,1,0
2000,JAN,MATEBELELAND NORTH,LUPANE,COMMUNAL,-20.02843249,29.86174662,MALE,ALL,26,1,0
2011,JUN,MIDLANDS,KWEKWE,COMMUNAL,-20.02843249,29.86174662,ALL,ALL,1646,5,2
2011,MAY,MIDLANDS,KWEKWE,COMMUNAL,-18.5851194,29.06769132,ALL,ALL,1736,8,6
2007,JAN,MIDLANDS,MBERENGWA,COMMUNAL,-19.67729308,30.78342254,ALL,ALL,1129,18,1
2011,JUN,MIDLANDS,KWEKWE,COMMERCIAL,-31.10072707,23.76602225,FEMALE,ADULT,1510,2,1
2011,JUN,MIDLANDS,KWEKWE,COMMUNAL,-20.18485625,29.67526259,ALL,ALL,2681,57,0
2007,FEB,MATABELELAND SOUTH,GWANDA,COMMERCIAL,-21.33630065,28.59006177,all,ADULT,125,7,0
2011,JUN,MIDLANDS,KWEKWE,COMMUNAL,-20.72376958,29.85252081,ALL,ALL,1978,5,0
2007,FEB,MATABELELAND SOUTH,UMZINGWANE,COMMERCIAL,-17.8904499,30.27738368,all,ADULT,60,3,0
2007,FEB,MATABELELAND SOUTH,UMZINGWANE,COMMUNAL,-20.16655719,29.01605845,all,ADULT,99,6,0
2011,JUN,MIDLANDS,KWEKWE,COMMUNAL,-21.67310841,29.76845162,MALE,ADULT,1480,1,0
2011,JUN,MIDLANDS,KWEKWE,COMMUNAL,-20.08654244,29.60764592,FEMALE,ADULT,1072,2,0
2007,FEB,MATABELELAND SOUTH,INSIZA,COMMERCIAL,-20.26398817,29.81151425,all,ALL,65,4,0
2000,JAN,MASHONALAND CENTRAL,SHAMVA,RESETTLEMENT,-17.02816111,31.65181469,FEMALE,ADULT,13,1,0
2006,MAY,MASHONALAND WEST,ZVIMBA,COMMUNAL,-19.3999321,30.37123556,FEMALE,ADULT,13,1,0
2007,FEB,MATABELELAND SOUTH,INSIZA,COMMUNAL,-20.42663485,29.17170301,MALE,JUVENILE,25,1,0
2000,JAN,MASHONALAND CENTRAL,BINDURA,RESETTLEMENT,-19.16853095,29.38004555,FEMALE,ADULT,13,1,0
2007,JAN,MIDLANDS,MBERENGWA,RESETTLEMENT,-31.37125811,23.76728177,ALL,ADULT,813,62,15
2007,FEB,MATABELELAND SOUTH,INSIZA,COMMUNAL,-20.71661457,29.73724553,FEMALE,ADULT,8,1,0
2000,JAN,MASHONALAND CENTRAL,BINDURA,COMMUNAL,#INVALID MGRS GRID REFERENCE,#INVALID MGRS GRID REFERENCE,MALE,ADULT,23,1,0
2006,MAY,MASHONALAND WEST,ZVIMBA,COMMUNAL,-18.30320307,30.7674318,FEMALE,JUVENILE,3,1,0
2007,JAN,MIDLANDS,GOKWE,COMMERCIAL,-19.93094888,28.05876411,MALE,ADULT,15,1,0
2006,MAY,MASHONALAND WEST,ZVIMBA,COMMERCIAL,-21.62546164,29.34466111,ALL,ADULT,26,2,0
2007,FEB,MATABELELAND SOUTH,GWANDA,COMMUNAL,-20.56882578,29.34925916,FEMALE,ADULT,51,1,0
2007,FEB,MATABELELAND SOUTH,GWANDA,COMMUNAL,-18.91469006,29.45231607,FEMALE,ADULT,10,1,0
2007,FEB,MATABELELAND SOUTH,INSIZA,RESETTLEMENT,-18.91469006,29.45231607,all,ADULT,1336,5,0
2007,FEB,MATABELELAND SOUTH,INSIZA,RESETTLEMENT,-21.41570186,29.48785117,FEMALE,ADULT,53,1,0
2006,FEB,MASHONALAND WEST,ZVIMBA,COMMUNAL,-20.78809589,29.15670455,FEMALE,ADULT,17,1,0
2007,JAN,MIDLANDS,MBERENGWA,RESETTLEMENT,-20.02843249,29.86174662,ALL,ADULT,76,4,0
2007,JAN,MIDLANDS,MBERENGWA,RESETTLEMENT,-19.23847436,30.62133793,FEMALE,ADULT,19,1,0
2007,JAN,MIDLANDS,KWEKWE,COMMUNAL,-21.61079172,29.09046463,MALE,ADULT,8,1,0
2007,JAN,MIDLANDS,KWEKWE,RESETTLEMENT,-17.83312972,29.93863791,MALE,ADULT,19,1,0
2005,APR,MASHONALAND WEST,ZVIMBA,COMMUNAL,-20.77842902,29.82284997,ALL,ALL,2075,3,0
2007,FEB,MATABELELAND SOUTH,INSIZA,COMMERCIAL,-20.18485625,29.67526259,all,ADULT,22,2,0
2007,FEB,MATABELELAND SOUTH,MATOBO,COMMERCIAL,-21.33630065,28.59006177,all,ADULT,606,15,0
2007,JAN,MIDLANDS,MBERENGWA,COMMUNAL,-20.72376958,29.85252081,ALL,ALL,1538,49,3
2006,FEB,MASHONALAND WEST,ZVIMBA,COMMERCIAL,-17.8904499,30.27738368,MALE,ADULT,842,0,0
2007,FEB,MATABELELAND SOUTH,BEITBRIDGE,RESETTLEMENT,-21.67310841,29.76845162,FEMALE,ADULT,13,4,4
2007,FEB,MATABELELAND SOUTH,INSIZA,COMMERCIAL,-20.08654244,29.60764592,all,ALL,26,23,0
2007,JAN,MIDLANDS,MBERENGWA,RESETTLEMENT,-20.26398817,29.81151425,FEMALE,ADULT,14,1,0
2007,JAN,MIDLANDS,MVUMA,RESETTLEMENT,-19.3999321,30.37123556,ALL,ADULT,649,4,0
2007,FEB,MATABELELAND SOUTH,UMZINGWANE,RESETTLEMENT,-20.42663485,29.17170301,all,ALL,18,1,1
2007,JAN,MIDLANDS,KWEKWE,COMMUNAL,-19.16853095,29.38004555,ALL,ADULT,48,3,2
2006,MAY,MASHONALAND WEST,ZVIMBA,COMMUNAL,-31.37125811,23.76728177,MALE,ADULT,3,1,0
2007,JAN,MIDLANDS,MBERENGWA,COMMUNAL,-20.71661457,29.73724553,ALL,ADULT,941,33,0
2000,JAN,MASHONALAND EAST,HARARE,COMMERCIAL,-18.30320307,30.7674318,ALL,ADULT,109,16,0
2007,FEB,MATABELELAND SOUTH,GWANDA,COMMUNAL,-19.93094888,28.05876411,FEMALE,ADULT,21,5,1
2007,FEB,MATABELELAND SOUTH,GWANDA,RESETTLEMENT,-21.62546164,29.34466111,all,ALL,12,12,0
2007,FEB,MATABELELAND SOUTH,INSIZA,COMMERCIAL,-20.56882578,29.34925916,all,ADULT,12,1,0
2007,JAN,MIDLANDS,KWEKWE,COMMUNAL,-18.91469006,29.45231607,MALE,ADULT,7,1,0
2007,JAN,MIDLANDS,KWEKWE,COMMUNAL,-18.91469006,29.45231607,MALE,ADULT,7,1,0
2000,FEB,MATEBELELAND NORTH,NKAYI,COMMUNAL,-19.07364688,29.00431541,ALL,ALL,38,4,0
2000,FEB,MATABELELAND SOUTH,INSIZA,COMMERCIAL,-20.78809589,29.15670455,ALL,ADULT,108,4,0
2007,JAN,MIDLANDS,GOKWE,COMMUNAL,-18.35100807,28.99487347,MALE,ADULT,8,2,0
2007,JAN,MIDLANDS,GWERU,COMMUNAL,-19.23847436,30.62133793,ALL,ADULT,38,3,0
2007,FEB,MATABELELAND SOUTH,GWANDA,COMMUNAL,-21.61079172,29.09046463,all,ALL,51,22,2
2006,JAN,MASHONALAND WEST,ZVIMBA,COMMUNAL,-17.83312972,29.93863791,FEMALE,ADULT,8,2,1
2007,JAN,MIDLANDS,MBERENGWA,RESETTLEMENT,-20.77842902,29.82284997,ALL,ADULT,781,18,2
2007,JAN,MIDLANDS,MBERENGWA,RESETTLEMENT,-20.14719348,29.77499212,ALL,ADULT,319,29,2
2007,FEB,MATABELELAND SOUTH,GWANDA,COMMERCIAL,-21.33043505,29.12117467,all,ADULT,182,4,0
2006,JAN,MASHONALAND WEST,ZVIMBA,COMMUNAL,-17.83312972,29.93863791,MALE,ADULT,18,1,0
2007,FEB,MATABELELAND SOUTH,GWANDA,RESETTLEMENT,-21.63410541,29.37186957,All,ADULT,25,5,0
2007,FEB,MATABELELAND SOUTH,GWANDA,RESETTLEMENT,-20.88485198,29.35316105,FEMALE,ADULT,15,4,2
2000,FEB,MATEBELELAND NORTH,LUPANE,COMMUNAL,-18.18642067,28.12427577,FEMALE,ADULT,9,1,0
2006,FEB,MASHONALAND WEST,ZVIMBA,COMMUNAL,-31.41442356,23.69223471,MALE,ADULT,18,1,0
2007,FEB,MATABELELAND SOUTH,GWANDA,COMMERCIAL,-21.06042307,29.04519529,FEMALE,ADULT,130,3,0
2007,JAN,MIDLANDS,GWERU,COMMUNAL,-19.2565143,30.62173419,ALL,ALL,4,4,0
2000,FEB,MASHONALAND WEST,HURUNGWE,COMMUNAL,-18.03955381,31.53759201,FEMALE,ADULT,10,1,0
2007,JAN,MIDLANDS,GOKWE,COMMUNAL,-19.2662322,28.7223059,ALL,ADULT,6,2,0
2000,FEB,MATEBELELAND NORTH,TSHOLOTSHO,COMMERCIAL,-19.98036611,28.68016996,FEMALE,ADULT,120,1,0
2007,JAN,MIDLANDS,KWEKWE,COMMERCIAL,-19.24374936,29.80791644,MALE,JUVENILE,7,1,0
2000,FEB,MATEBELELAND NORTH,TSHOLOTSHO,COMMUNAL,-20.16294316,28.46878043,ALL,ADULT,250,25,0
2000,FEB,MATEBELELAND NORTH,HWANGE,COMMUNAL,-18.0887995,26.24396883,MALE,ADULT,32,1,0
2000,FEB,MATEBELELAND NORTH,NKAYI,COMMUNAL,-18.44399774,28.72521851,FEMALE,ADULT,4,1,0
2007,FEB,MATABELELAND SOUTH,GWANDA,COMMUNAL,-21.21395143,29.0462826,all,ADULT,1197,13,0
2007,JAN,MIDLANDS,MBERENGWA,RESETTLEMENT,-20.18915257,29.96983883,FEMALE,ADULT,7,1,0
2007,JAN,MIDLANDS,KWEKWE,RESETTLEMENT,-18.25140605,30.25759763,ALL,ADULT,47,2,0
2000,FEB,MASHONALAND CENTRAL,RUSHINGA,COMMUNAL,-16.82209664,31.96480887,ALL,ADULT,1383,2,0
2007,JAN,MIDLANDS,MBERENGWA,COMMUNAL,-20.02843249,29.86174662,ALL,ADULT,16,4,1
2007,JAN,MIDLANDS,MBERENGWA,RESETTLEMENT,-19.92176401,29.75576998,ALL,ALL,1916,76,19
2000,FEB,MASHONALAND WEST,HURUNGWE,RESETTLEMENT,-17.15611942,29.92212678,FEMALE,ADULT,1646,1,0
2007,FEB,MATABELELAND SOUTH,UMZINGWANE,RESETTLEMENT,-20.06576089,29.1380165,all,ALL,689,16,5
2007,FEB,MATABELELAND SOUTH,GWANDA,COMMUNAL,-21.84312049,29.27763329,all,ADULT,60,4,1
2007,FEB,MATABELELAND SOUTH,GWANDA,RESETTLEMENT,-21.28197152,29.36906723,FEMALE,ADULT,50,1,0
2007,JAN,MIDLANDS,GOKWE,COMMUNAL,-18.2643286,28.60522313,ALL,ALL,12,2,0
2007,FEB,MATABELELAND SOUTH,GWANDA,COMMUNAL,-20.17826396,28.76751299,MALE,ADULT,7,1,0
2007,FEB,MATABELELAND SOUTH,GWANDA,COMMUNAL,-20.17826396,28.76751299,FEMALE,ADULT,8,1,0
2007,FEB,MATABELELAND SOUTH,UMZINGWANE,COMMERCIAL,-19.97689303,29.01357773,all,ALL,99,5,0
2007,FEB,MATABELELAND SOUTH,UMZINGWANE,RESETTLEMENT,-19.97689303,29.01357773,all,ADULT,1237,16,7
2006,JAN,MASHONALAND WEST,ZVIMBA,COMMERCIAL,-17.83312972,29.93863791,ALL,ALL,810,15,2
2006,JAN,MASHONALAND WEST,ZVIMBA,COMMUNAL,-17.83312972,29.93863791,FEMALE,ADULT,9,1,0
2007,JAN,MIDLANDS,GWERU,RESETTLEMENT,-19.80547822,30.69406262,ALL,ALL,92,3,0
2007,MAR,MATABELELAND SOUTH,GWANDA,COMMUNAL,-20.20268387,29.01647538,FEMALE,ADULT,30,2,0
2006,JAN,MASHONALAND WEST,KADOMA,COMMUNAL,-18.76185233,30.02074609,FEMALE,ADULT,17,1,0
2006,JAN,MASHONALAND WEST,HURUNGWE,COMMUNAL,-16.59634695,29.9135624,MALE,ADULT,3192,3,0
2006,JAN,MASHONALAND WEST,HURUNGWE,COMMUNAL,-17.08162576,29.40637835,FEMALE,ADULT,21,2,1
2007,JAN,MIDLANDS,GWERU,COMMUNAL,-19.16631417,30.61975731,MALE,ADULT,16,1,0
2007,JAN,MIDLANDS,KWEKWE,RESETTLEMENT,-18.7082698,29.34974973,ALL,ADULT,21,2,0
2000,FEB,MASHONALAND CENTRAL,GURUVE,COMMUNAL,-17.08061709,30.51011733,ALL,ADULT,2801,5,1
2006,FEB,MASHONALAND WEST,ZVIMBA,COMMERCIAL,-17.60687454,29.97262146,all,ALL,810,13,2
2006,FEB,MASHONALAND WEST,ZVIMBA,COMMUNAL,-31.19186625,23.80488636,MALE,ADULT,20,1,0
2006,FEB,MASHONALAND WEST,ZVIMBA,COMMUNAL,-31.41442356,23.69223471,FEMALE,ADULT,8,1,1
2006,FEB,MASHONALAND WEST,ZVIMBA,COMMERCIAL,-17.8904499,30.27738368,all,ADULT,15,2,0
2007,MAR,MATABELELAND SOUTH,GWANDA,COMMERCIAL,-21.50343253,29.65431023,FEMALE,ADULT,45,1,0
2011,MAR,MATEBELELAND NORTH,BULAWAYO,COMMERCIAL,-20.43503235,28.33908951,FEMALE,ADULT,35,1,0
2007,MAR,MATABELELAND SOUTH,UMZINGWANE,COMMUNAL,-21.33503847,28.718266,all,ADULT,263,5,2
2007,MAR,MATABELELAND SOUTH,MATOBO,COMMUNAL,-20.26398817,29.81151425,FEMALE,ADULT,14,1,0
2007,JAN,MIDLANDS,MBERENGWA,RESETTLEMENT,-20.02843249,29.86174662,ALL,ALL,1208,88,23
2007,JAN,MIDLANDS,MBERENGWA,RESETTLEMENT,-19.23843673,30.62323703,FEMALE,ADULT,16,1,0
2007,JAN,MIDLANDS,GWERU,COMMUNAL,-20.34446522,28.36704303,ALL,ADULT,5,2,0
2000,FEB,MATEBELELAND NORTH,TSHOLOTSHO,COMMERCIAL,-21.05843726,29.20387822,FEMALE,ADULT,500,1,0
2010,MAR,MASHONALAND EAST,SEKE,COMMUNAL,-18.38918627,31.21011559,FEMALE,ADULT,8,1,0
2007,MAR,MATABELELAND SOUTH,GWANDA,COMMERCIAL,-16.98820152,29.65488508,all,ADULT,151,5,0
2007,MAR,MATABELELAND SOUTH,UMZINGWANE,RESETTLEMENT,-20.76266335,29.01996872,all,ALL,,15,1
2006,MAR,MASHONALAND WEST,HURUNGWE,COMMUNAL,-16.61530355,30.91065404,FEMALE,ADULT,21,1,1
2010,MAY,MASHONALAND EAST,SEKE,COMMUNAL,-18.06209749,31.02455436,ALL,ALL,44,2,0
2007,MAR,MATABELELAND SOUTH,GWANDA,COMMUNAL,-16.52257702,30.68591453,FEMALE,ADULT,98,2,0
2007,JAN,MASVINGO,CHIVI,COMMUNAL,-19.96843615,27.80288662,FEMALE,ADULT,13,,0
2000,FEB,MATEBELELAND NORTH,UMGUZA,COMMUNAL,-30.99424955,23.83556133,ALL,ADULT,16,1,0
2007,JAN,MASVINGO,CHIVI,COMMUNAL,-18.78883458,29.40688813,MALE,ADULT,10,,0
2000,FEB,MATEBELELAND NORTH,TSHOLOTSHO,COMMUNAL,-19.16631417,30.61975731,ALL,ADULT,550,2,0
2006,MAY,MASHONALAND WEST,ZVIMBA,COMMUNAL,-21.63098085,28.91397377,MALE,ADULT,20,1,0
2006,MAY,MASHONALAND WEST,KADOMA,COMMUNAL,-16.25455738,30.98085039,MALE,ADULT,7,2,0
2007,JAN,MIDLANDS,GWERU,COMMUNAL,-21.61079172,29.09046463,MALE,ADULT,6,1,0
2007,MAR,MATABELELAND SOUTH,GWANDA,COMMUNAL,-17.3034057,30.27673972,all,ALL,26,6,0
2000,FEB,MASHONALAND CENTRAL,CENTENARY,COMMUNAL,-20.28985375,30.72588777,ALL,ADULT,3,3,0
2007,MAR,MATABELELAND SOUTH,GWANDA,COMMUNAL,-17.04039679,30.9529538,MALE,ADULT,9,1,0
2006,MAY,MASHONALAND WEST,ZVIMBA,COMMUNAL,-20.60653156,29.22987252,MALE,ADULT,3192,3,0
2007,JAN,MASVINGO,CHIVI,COMMUNAL,-21.06544854,28.57369278,FEMALE,ADULT,6,,0
2000,FEB,MASHONALAND CENTRAL,CENTENARY,COMMUNAL,-17.15611942,29.92212678,ALL,ADULT,2225,2,0
2007,MAR,MATABELELAND SOUTH,INSIZA,RESETTLEMENT,-18.0800877,31.01679658,all,ALL,5,1,0
2007,MAR,MATABELELAND SOUTH,MATOBO,COMMUNAL,-31.32423358,23.69115249,all,ADULT,21,2,0
2006,AUG,MASHONALAND WEST,CHEGUTU,COMMERCIAL,-19.26449129,30.37245224,ALL,ALL,168,6,0
2007,MAR,MATABELELAND SOUTH,INSIZA,RESETTLEMENT,-20.97684159,28.3736733,MALE,JUVENILE,38,1,0
2006,AUG,MASHONALAND WEST,CHEGUTU,RESETTLEMENT,-31.95689991,23.75112582,MALE,ADULT,15,3,0
2007,FEB,MIDLANDS,MVUMA,COMMERCIAL,-19.26449129,30.37245224,ALL,ADULT,119,10,0
2006,OCT,MASHONALAND WEST,CHEGUTU,RESETTLEMENT,-18.722902,27.19824426,FEMALE,ADULT,1158,2,1
2000,FEB,MATEBELELAND NORTH,HWANGE,COMMUNAL,-21.25453309,29.39366156,ALL,ALL,9,9,1
2007,MAR,MATABELELAND SOUTH,GWANDA,RESETTLEMENT,-21.68321052,29.07698627,MALE,ADULT,60,1,0
2000,FEB,MATEBELELAND NORTH,HWANGE,COMMUNAL,-18.03498609,31.0239034,ALL,ALL,10,1,0
2007,MAR,MATABELELAND SOUTH,GWANDA,RESETTLEMENT,-18.02596183,31.02494841,all,ADULT,73,5,0
2007,MAR,MATABELELAND SOUTH,GWANDA,COMMUNAL,-21.68321052,29.07698627,FEMALE,ADULT,2,1,0
2007,FEB,MASHONALAND WEST,CHEGUTU,COMMERCIAL,-18.78963214,29.97756341,ALL,ADULT,10,2,0
2007,MAR,MATABELELAND SOUTH,GWANDA,COMMUNAL,-21.27744271,29.02402557,all,ADULT,22,2,0
2007,FEB,MASHONALAND WEST,CHEGUTU,RESETTLEMENT,-32.31469108,23.64286594,MALE,ADULT,5,1,0
2007,MAR,MATABELELAND SOUTH,GWANDA,COMMUNAL,-21.6925767,29.05007541,FEMALE,ADULT,5,1,0
2007,FEB,MASHONALAND WEST,CHEGUTU,COMMERCIAL,-17.62054327,30.35300089,ALL,ADULT,86,5,0
2000,MAR,MATEBELELAND NORTH,HWANGE,COMMUNAL,-21.25453309,29.39366156,ALL,ADULT,24,7,1
2000,MAR,MATEBELELAND NORTH,HWANGE,COMMUNAL,,,MALE,ADULT,34,1,0
2000,MAR,MATEBELELAND NORTH,LUPANE,COMMUNAL,-18.5685341,27.55441544,MALE,ADULT,79,1,0
2007,MAR,MATABELELAND SOUTH,INSIZA,COMMUNAL,-19.98259794,29.2878386,all,ALL,4,1,0
2000,MAR,MATEBELELAND NORTH,NKAYI,COMMUNAL,-18.62424177,28.77535782,ALL,ADULT,7,2,0
2007,FEB,MIDLANDS,GWERU,COMMUNAL,-19.23843673,30.62323703,ALL,ADULT,11,2,0
2007,FEB,MIDLANDS,KWEKWE,RESETTLEMENT,-18.88310765,29.77151322,MALE,ADULT,2,2,0
2007,FEB,MIDLANDS,SHURUGWI,COMMERCIAL,-19.53030253,29.95760153,ALL,ADULT,50,4,1
2007,MAR,MATABELELAND SOUTH,INSIZA,COMMUNAL,-20.49599041,29.39224147,FEMALE,ADULT,4,1,0
2007,MAR,MATABELELAND SOUTH,INSIZA,RESETTLEMENT,-20.42338952,29.41785185,FEMALE,ADULT,4,2,1
2007,MAR,MATABELELAND SOUTH,INSIZA,RESETTLEMENT,-20.42338952,29.41785185,MALE,JUVENILE,4,1,0
2000,MAR,MATEBELELAND NORTH,HWANGE,COMMUNAL,-18.0887995,26.24396883,ALL,ALL,25,3,0
2007,MAR,MATABELELAND SOUTH,GWANDA,RESETTLEMENT,-21.02400837,29.7111395,all,ADULT,53,3,0
2007,MAR,MATABELELAND SOUTH,GWANDA,COMMUNAL,-21.68321052,29.07698627,FEMALE,ADULT,13,2,0
2007,FEB,MIDLANDS,ZVISHAVANE,COMMUNAL,-20.16206089,29.9703197,FEMALE,ADULT,4,1,0
2007,FEB,MIDLANDS,MBERENGWA,COMMUNAL,-17.14850816,24.17764237,ALL,ALL,140,56,13
2007,MAR,MATABELELAND SOUTH,INSIZA,RESETTLEMENT,-19.79522352,29.10098178,all,ALL,7,2,0
2007,FEB,MIDLANDS,SHURUGWI,RESETTLEMENT,-19.05613582,30.32726514,ALL,ALL,8,5,0
2000,MAR,MANICALAND,MAKONI,RESETTLEMENT,-17.54644416,32.2377721,MALE,ADULT,9,2,0
2007,MAR,MATABELELAND SOUTH,GWANDA,COMMUNAL,-19.98840958,28.78162909,FEMALE,ADULT,7,1,0
2007,MAR,MATABELELAND SOUTH,GWANDA,COMMUNAL,-20.88009782,29.01869065,MALE,ADULT,14,2,0
2007,MAR,MATABELELAND SOUTH,GWANDA,RESETTLEMENT,-21.02400837,29.7111395,FEMALE,ADULT,19,1,0
2007,MAR,MATABELELAND SOUTH,GWANDA,COMMUNAL,-21.26663868,29.16648281,FEMALE,ADULT,3,1,0
2007,MAR,MATABELELAND SOUTH,INSIZA,COMMUNAL,-20.63811348,29.55744446,MALE,JUVENILE,4,1,0
2000,MAR,MASHONALAND CENTRAL,GURUVE,COMMUNAL,-16.45644652,30.43775227,ALL,ALL,3074,34,0
2007,MAR,MATABELELAND SOUTH,INSIZA,RESETTLEMENT,-19.79522352,29.10098178,all,ALL,34,2,0
2000,MAR,MATEBELELAND NORTH,BUBI,RESETTLEMENT,-19.84145839,29.00805565,ALL,ALL,2024,26,1
2007,MAR,MATABELELAND SOUTH,INSIZA,COMMUNAL,-20.06718835,29.01663976,FEMALE,ADULT,13,3,2
2007,MAR,MATABELELAND SOUTH,INSIZA,RESETTLEMENT,-20.06718835,29.01663976,MALE,ADULT,24,1,0
2007,MAR,MATABELELAND SOUTH,INSIZA,RESETTLEMENT,-20.06718835,29.01663976,all,ALL,11,3,0
2007,MAR,MATABELELAND SOUTH,INSIZA,RESETTLEMENT,-20.06718835,29.01663976,MALE,ADULT,14,1,0
2007,MAR,MATABELELAND SOUTH,INSIZA,RESETTLEMENT,-20.06718835,29.01663976,FEMALE,JUVENILE,38,1,0
2007,MAR,MATABELELAND SOUTH,GWANDA,COMMUNAL,-20.86559678,29.43838121,all,ADULT,20,5,2
2007,MAR,MATABELELAND SOUTH,INSIZA,RESETTLEMENT,,,FEMALE,ADULT,4,1,0
2007,FEB,MIDLANDS,KWEKWE,COMMUNAL,-19.02598338,29.22225744,ALL,ADULT,12,2,0
2007,MAR,MATABELELAND SOUTH,INSIZA,RESETTLEMENT,-20.06718835,29.01663976,all,ALL,14,4,0
2007,FEB,MIDLANDS,GOKWE,COMMERCIAL,-17.85285254,29.11285758,ALL,ALL,34,8,0
2007,MAR,MATABELELAND SOUTH,INSIZA,RESETTLEMENT,-20.06718835,29.01663976,All,ALL,9,3,0
2007,MAR,MATABELELAND SOUTH,INSIZA,RESETTLEMENT,-20.06718835,29.01663976,all,ALL,24,2,0
2000,MAR,MASHONALAND CENTRAL,CENTENARY,COMMUNAL,-17.04039679,30.9529538,ALL,ADULT,2224,2,0
2007,APR,MATABELELAND SOUTH,MATOBO,COMMUNAL,-20.97756107,28.28134359,FEMALE,ADULT,3,2,1
2007,APR,MATABELELAND SOUTH,INSIZA,RESETTLEMENT,-20.42338952,29.41785185,FEMALE,ADULT,6,2,1
2007,APR,MATABELELAND SOUTH,INSIZA,RESETTLEMENT,-20.33235077,29.47007117,FEMALE,ADULT,10,1,0
2007,APR,MATABELELAND SOUTH,GWANDA,COMMUNAL,-21.68615087,29.51659921,FEMALE,ADULT,21,1,0
2007,APR,MATABELELAND SOUTH,MATOBO,COMMUNAL,-20.97756107,28.28134359,FEMALE,ADULT,3,2,1
2000,MAR,MATEBELELAND NORTH,TSHOLOTSHO,COMMUNAL,-19.54475746,27.51291517,MALE,ADULT,14,1,0
2007,APR,MATABELELAND SOUTH,GWANDA,COMMUNAL,-21.14577057,29.42176525,all,ADULT,24,5,0
2000,MAR,MATEBELELAND NORTH,UMGUZA,COMMUNAL,-20.76477271,28.83186123,ALL,ADULT,2004,3,0
2000,MAR,MIDLANDS,KWEKWE,COMMUNAL,-18.64778956,29.11867252,ALL,ALL,1414,5,0
2007,APR,MATABELELAND SOUTH,BEITBRIDGE,COMMUNAL,-22.0047681,30.65891986,all,JUVENILE,25,3,0
2007,FEB,MIDLANDS,MBERENGWA,COMMUNAL,-21.54630893,30.20704132,ALL,ALL,510,225,15
2007,FEB,MIDLANDS,GWERU,COMMERCIAL,,,MALE,ADULT,19,1,0
2007,FEB,MIDLANDS,KWEKWE,RESETTLEMENT,-18.93377626,29.99719637,ALL,ALL,50,4,0
2007,FEB,MIDLANDS,GWERU,RESETTLEMENT,-19.66148285,29.651264,MALE,ADULT,11,1,0
2007,APR,MATABELELAND SOUTH,GWANDA,COMMUNAL,-21.2124739,29.16471859,all,ADULT,12,4,0
2007,APR,MATABELELAND SOUTH,GWANDA,COMMUNAL,-21.2124739,29.16471859,all,ADULT,12,4,0
2007,APR,MATABELELAND SOUTH,INSIZA,RESETTLEMENT,-20.42338952,29.41785185,MALE,ADULT,31,1,0
2007,FEB,MIDLANDS,GOKWE,COMMUNAL,-18.53893472,28.11612029,ALL,ADULT,8,3,1
2007,APR,MATABELELAND SOUTH,INSIZA,RESETTLEMENT,-20.42338952,29.41785185,FEMALE,ADULT,5,1,1
2007,FEB,MIDLANDS,ZVISHAVANE,COMMUNAL,-20.7434487,30.24696438,MALE,ADULT,12,1,0
2007,FEB,MIDLANDS,KWEKWE,RESETTLEMENT,-18.93462742,29.94408363,ALL,ALL,30,6,0
2007,APR,MATABELELAND SOUTH,BEITBRIDGE,COMMUNAL,-20.9610244,29.69745944,all,ADULT,50,3,0
2007,APR,MATABELELAND SOUTH,GWANDA,COMMUNAL,-21.21395143,29.0462826,all,ADULT,54,5,0
2007,APR,MATABELELAND SOUTH,GWANDA,COMMUNAL,-21.67602162,28.92422986,FEMALE,JUVENILE,4,0,0
2000,MAR,MASHONALAND WEST,KADOMA,COMMUNAL,-17.77655939,29.45699635,FEMALE,ADULT,1641,1,0
2007,APR,MATABELELAND SOUTH,INSIZA,COMMUNAL,-20.77756722,29.27271236,FEMALE,ADULT,2,1,0
2007,APR,MATABELELAND SOUTH,GWANDA,COMMUNAL,-21.25453309,29.39366156,all,ADULT,221,15,4
2007,FEB,MIDLANDS,MBERENGWA,COMMERCIAL,-21.41481898,30.4534165,ALL,ALL,43,15,0
2007,FEB,MIDLANDS,MBERENGWA,RESETTLEMENT,-19.92176401,29.75576998,ALL,ALL,864,48,12
2007,FEB,MIDLANDS,GOKWE,COMMUNAL,-17.27018007,28.61988766,ALL,ADULT,11,2,0
2007,APR,MATABELELAND SOUTH,INSIZA,RESETTLEMENT,-19.79522352,29.10098178,FEMALE,ADULT,13,2,1
2007,APR,MATABELELAND SOUTH,INSIZA,RESETTLEMENT,-20.30373302,29.57584459,all,ADULT,1556,7,0
2007,APR,MATABELELAND SOUTH,GWANDA,RESETTLEMENT,-20.92742225,29.53352313,all,ALL,28,4,0
2007,APR,MATABELELAND SOUTH,INSIZA,COMMUNAL,-20.63811348,29.55744446,all,ADULT,12,2,0
2007,FEB,MIDLANDS,MVUMA,COMMUNAL,-19.53552307,30.38047624,ALL,ALL,10,3,0
2007,FEB,MIDLANDS,KWEKWE,RESETTLEMENT,-19.86143731,29.56295465,ALL,ALL,300,102,15
2007,APR,MATABELELAND SOUTH,UMZINGWANE,COMMUNAL,-20.76264042,29.02191764,all,ADULT,5,2,0
2007,APR,MATABELELAND SOUTH,UMZINGWANE,COMMUNAL,-20.76264042,29.02191764,FEMALE,ADULT,6,2,0
2007,APR,MATABELELAND SOUTH,UMZINGWANE,COMMUNAL,-20.76264042,29.02191764,all,ADULT,7,3,0
2000,MAR,MASHONALAND WEST,KADOMA,COMMUNAL,-17.87784809,29.29897985,FEMALE,ADULT,1751,2,0
2000,MAR,MASHONALAND WEST,KADOMA,RESETTLEMENT,-18.72180545,29.68645286,FEMALE,ADULT,1651,1,0
2007,APR,MATABELELAND SOUTH,BEITBRIDGE,COMMUNAL,-22.04246095,29.81430289,all,ALL,800,14,0
2007,APR,MATABELELAND SOUTH,BEITBRIDGE,COMMUNAL,-21.23077752,29.76587621,all,ALL,14,2,0
2007,FEB,MIDLANDS,MBERENGWA,RESETTLEMENT,-20.26398817,29.81151425,ALL,ALL,1050,13,2
2000,MAR,MASHONALAND WEST,KADOMA,COMMUNAL,-17.54241449,29.39921241,FEMALE,ADULT,2281,2,0
2007,FEB,MIDLANDS,MVUMA,RESETTLEMENT,-19.35472124,30.36720439,MALE,ADULT,703,1,0
2007,FEB,MIDLANDS,ZVISHAVANE,COMMUNAL,-20.62632192,30.26249348,ALL,ALL,8,3,0
2007,APR,MATABELELAND SOUTH,BEITBRIDGE,COMMUNAL,-22.17442584,30.00691806,all,ALL,200,25,0
2007,APR,MATABELELAND SOUTH,BEITBRIDGE,COMMUNAL,-21.1676448,29.76189983,all,ALL,15,4,0
2007,APR,MATABELELAND SOUTH,MATOBO,COMMUNAL,-21.60794689,28.5205723,all,ADULT,13,2,0
2007,APR,MATABELELAND SOUTH,GWANDA,COMMUNAL,-20.06965847,28.78723913,all,ADULT,23,4,1
2009,MAR,MIDLANDS,CHIRUMANZU,COMMERCIAL,-19.49024326,30.37168442,FEMALE,ADULT,10,2,0
2007,APR,MATABELELAND SOUTH,GWANDA,COMMUNAL,-20.06967781,28.78532732,all,ADULT,10,3,1
2007,APR,MATABELELAND SOUTH,BEITBRIDGE,COMMUNAL,-22.16896084,30.77737191,FEMALE,ADULT,18,1,1
2007,APR,MATABELELAND SOUTH,INSIZA,COMMUNAL,-20.63811348,29.55744446,FEMALE,ADULT,4,1,0
2009,SEP,MIDLANDS,CHIRUMANZU,COMMUNAL,-19.77011603,30.36712565,FEMALE,ADULT,8,1,0
2009,SEP,MIDLANDS,CHIRUMANZU,COMMUNAL,-18.71817901,28.34489169,FEMALE,ADULT,8,1,0
2007,FEB,MIDLANDS,GOKWE,COMMUNAL,-21.79670309,30.63233635,FEMALE,ADULT,5,1,0
2007,APR,MATABELELAND SOUTH,BEITBRIDGE,COMMUNAL,-21.79670309,30.63233635,FEMALE,ADULT,31,3,3
2000,MAR,MATEBELELAND NORTH,HWANGE,COMMUNAL,-20.8841839,29.40119126,ALL,ALL,22,3,0
2007,APR,MATABELELAND SOUTH,GWANDA,RESETTLEMENT,-18.01690845,31.02314201,MALE,JUVENILE,12,1,0
2007,APR,MATABELELAND SOUTH,GWANDA,RESETTLEMENT,-21.0066102,29.66946449,all,ALL,31,6,0
2007,APR,MATABELELAND SOUTH,GWANDA,COMMERCIAL,-19.98389854,29.18476213,MALE,JUVENILE,99,2,0
2007,APR,MATABELELAND SOUTH,INSIZA,COMMERCIAL,-20.33235077,29.47007117,all,ADULT,130,14,0
2007,APR,MATABELELAND SOUTH,INSIZA,RESETTLEMENT,-16.65688043,31.54669146,all,ADULT,40,3,0
2000,APR,MASHONALAND CENTRAL,MT DARWIN,COMMUNAL,-19.21953668,29.61367624,ALL,ADULT,980,2,0
2007,FEB,MIDLANDS,GWERU,COMMUNAL,-20.6633919,30.32326807,ALL,ADULT,1976,3,0
2007,FEB,MASVINGO,CHIVI,COMMUNAL,-22.31620323,29.64035246,ALL,ALL,1380,,0
2007,MAY,MATABELELAND SOUTH,BEITBRIDGE,COMMUNAL,-20.58335687,28.90162238,FEMALE,ADULT,15,1,0
2000,APR,MATEBELELAND NORTH,UMGUZA,COMMUNAL,-21.42984135,29.73883661,ALL,ALL,1924,2,0
2007,MAY,MATABELELAND SOUTH,GWANDA,COMMUNAL,-19.97690388,29.01262251,FEMALE,ADULT,18,11,0
2007,MAY,MATABELELAND SOUTH,UMZINGWANE,RESETTLEMENT,-22.0047681,30.65891986,FEMALE,ADULT,85,1,0
2007,MAY,MATABELELAND SOUTH,BEITBRIDGE,COMMUNAL,-21.24776142,28.38676835,all,JUVENILE,46,5,0
2007,MAY,MATABELELAND SOUTH,MATOBO,COMMUNAL,-20.63811348,29.55744446,MALE,ADULT,6,1,1
2007,MAY,MATABELELAND SOUTH,INSIZA,COMMERCIAL,-20.63811348,29.55744446,MALE,ADULT,30,1,0
2007,FEB,MIDLANDS,GOKWE,COMMERCIAL,-18.03493778,31.01918231,ALL,ADULT,27,3,0
2000,APR,MASHONALAND WEST,KADOMA,RESETTLEMENT,-20.42338952,29.41785185,FEMALE,ADULT,1899,3,0
2007,MAY,MATABELELAND SOUTH,INSIZA,RESETTLEMENT,-18.11754057,29.62796576,all,ADULT,40,17,4
2000,APR,MASHONALAND WEST,KADOMA,RESETTLEMENT,-20.38333405,29.01691806,MALE,ADULT,1899,2,0
2007,MAY,MATABELELAND SOUTH,UMZINGWANE,COMMUNAL,-20.72419104,29.21048325,all,ALL,10,1,0
2000,APR,MATABELELAND SOUTH,GWANDA,COMMUNAL,-20.42616108,29.20934673,ALL,ADULT,8,3,0
2007,MAY,MATABELELAND SOUTH,UMZINGWANE,COMMUNAL,-18.87029311,29.39379939,FEMALE,ADULT,3,1,0
2000,APR,MIDLANDS,GOKWE,COMMUNAL,-18.87029311,29.39379939,ALL,ALL,4,3,0
2000,APR,MIDLANDS,GOKWE,COMMUNAL,-18.87029311,29.39379939,ALL,ADULT,2,2,0
2009,FEB,MIDLANDS,CHIRUMANZU,COMMUNAL,-20.4736355,29.01906378,MALE,ADULT,4,1,0
2007,MAY,MATABELELAND SOUTH,UMZINGWANE,COMMUNAL,-20.77471024,29.47909467,all,ALL,34,4,0
2007,MAY,MATABELELAND SOUTH,GWANDA,COMMUNAL,-20.0774999,29.60849015,FEMALE,ADULT,4,1,0
2007,MAY,MATABELELAND SOUTH,INSIZA,RESETTLEMENT,-19.23854956,30.61753972,FEMALE,ADULT,5,1,0
2007,FEB,MIDLANDS,GWERU,COMMUNAL,-18.28424592,28.36804072,MALE,ADULT,4,1,0
2007,FEB,MIDLANDS,GOKWE,COMMUNAL,-17.59247108,32.49769401,MALE,JUVENILE,27,1,0
2000,APR,MANICALAND,MAKONI,COMMUNAL,-16.99189703,30.6455456,ALL,ALL,30,2,0
2000,APR,MATEBELELAND NORTH,HWANGE,COMMUNAL,-20.77242344,29.63265805,ALL,ALL,22,6,3
2007,MAY,MATABELELAND SOUTH,INSIZA,COMMUNAL,-20.44651901,29.02067365,FEMALE,ADULT,3,1,0
2000,APR,MATEBELELAND NORTH,UMGUZA,COMMUNAL,-20.14719348,29.77499212,ALL,ALL,2210,39,0
2007,FEB,MIDLANDS,MBERENGWA,RESETTLEMENT,-18.10519338,29.16873286,ALL,ALL,776,32,9
2010,MAY,MATEBELELAND NORTH,NKAYI,COMMUNAL,-20.62632192,30.26249348,ALL,ADULT,19,2,0
2000,APR,MIDLANDS,GOKWE,COMMUNAL,-19.64377661,29.62714706,ALL,ADULT,2,1,0
2007,FEB,MIDLANDS,GWERU,RESETTLEMENT,-21.37899231,28.83264159,MALE,ADULT,424,1,0
2010,MAY,MATEBELELAND NORTH,NKAYI,COMMUNAL,-21.6925767,29.05007541,MALE,ADULT,7,1,0
2007,MAY,MATABELELAND SOUTH,INSIZA,COMMUNAL,-20.69233619,29.55450507,all,ADULT,20,4,0
2010,MAY,MATEBELELAND NORTH,NKAYI,COMMUNAL,-19.23847436,30.62133793,ALL,ADULT,13,2,0
2010,MAY,MATEBELELAND NORTH,NKAYI,COMMUNAL,-18.91106611,29.00144933,ALL,ADULT,23,4,0
2007,MAY,MATABELELAND SOUTH,GWANDA,RESETTLEMENT,-19.89548753,29.0230592,All,ADULT,10,2,0
2007,MAY,MATABELELAND SOUTH,MATOBO,COMMUNAL,-16.52257702,30.68591453,all,ADULT,153,5,2
2007,MAY,MATABELELAND SOUTH,INSIZA,COMMUNAL,-21.23077752,29.76587621,MALE,ADULT,14,1,0
2007,FEB,MIDLANDS,GWERU,COMMUNAL,-19.23847436,30.62133793,MALE,ADULT,6,2,0
2007,MAY,MATABELELAND SOUTH,BEITBRIDGE,COMMUNAL,-21.68321052,29.07698627,FEMALE,ADULT,63,3,0
2000,APR,MATABELELAND SOUTH,GWANDA,COMMUNAL,-20.69502315,29.36647484,FEMALE,ADULT,8,1,0
2007,MAY,MATABELELAND SOUTH,BEITBRIDGE,COMMUNAL,-20.05913359,29.62914134,FEMALE,ADULT,63,3,0
2007,FEB,MASHONALAND WEST,CHEGUTU,COMMERCIAL,-16.22961085,31.22240513,ALL,ADULT,10,,0
2007,MAY,MATABELELAND SOUTH,GWANDA,COMMUNAL,-21.41516861,29.52348807,all,ADULT,54,3,0
2007,MAY,MATABELELAND SOUTH,INSIZA,COMMUNAL,-18.46541868,29.26509842,MALE,ADULT,3,1,0
2007,MAY,MATABELELAND SOUTH,GWANDA,COMMUNAL,-18.52949125,29.19390185,FEMALE,ADULT,2,1,1
2007,MAY,MATABELELAND SOUTH,INSIZA,COMMUNAL,-20.62632192,30.26249348,FEMALE,ADULT,1,1,0
2000,APR,MASHONALAND CENTRAL,CENTENARY,COMMUNAL,-21.37899231,28.83264159,ALL,ADULT,2499,3,0
2007,MAY,MATABELELAND SOUTH,GWANDA,COMMERCIAL,-18.50588574,29.62818437,all,ALL,75,4,0
2007,FEB,MIDLANDS,GOKWE,COMMUNAL,-21.6925767,29.05007541,FEMALE,ADULT,16,1,0
2007,FEB,MIDLANDS,GOKWE,COMMUNAL,-21.16784977,29.12273766,MALE,ADULT,11,1,0
2007,FEB,MIDLANDS,ZVISHAVANE,COMMUNAL,-20.70711196,29.13249228,MALE,ADULT,9,1,0
2000,APR,MASHONALAND WEST,KADOMA,RESETTLEMENT,-21.61079172,29.09046463,ALL,ALL,11,2,0
2007,MAY,MATABELELAND SOUTH,GWANDA,COMMUNAL,-21.03658865,28.75337038,FEMALE,ADULT,50,6,3
2000,APR,MATABELELAND SOUTH,GWANDA,COMMUNAL,-20.69798556,29.14010982,FEMALE,ADULT,9,1,0
2000,APR,MATABELELAND SOUTH,GWANDA,COMMUNAL,-20.24490185,29.25815677,FEMALE,ADULT,13,1,0
2007,MAY,MATABELELAND SOUTH,INSIZA,RESETTLEMENT,-21.42984135,29.73883661,all,ALL,62,3,0
2007,MAY,MATABELELAND SOUTH,GWANDA,COMMUNAL,-20.55397277,29.74494707,FEMALE,JUVENILE,14,1,0
2007,MAY,MATABELELAND SOUTH,GWANDA,COMMUNAL,-20.33235077,29.47007117,FEMALE,ADULT,25,1,0
2007,MAY,MATABELELAND SOUTH,GWANDA,COMMUNAL,-21.4660624,29.10868101,FEMALE,ADULT,12,1,0
2007,MAY,MATABELELAND SOUTH,INSIZA,COMMUNAL,-20.24490185,29.25815677,MALE,ADULT,3,1,0
2007,MAY,MATABELELAND SOUTH,GWANDA,COMMERCIAL,-21.42984135,29.73883661,FEMALE,ADULT,60,2,0
2007,FEB,MIDLANDS,MBERENGWA,COMMUNAL,-20.55397277,29.74494707,ALL,ADULT,2,2,0
2007,MAY,MATABELELAND SOUTH,INSIZA,RESETTLEMENT,-20.33235077,29.47007117,all,ADULT,15,8,0
2007,MAY,MATABELELAND SOUTH,GWANDA,RESETTLEMENT,-21.4660624,29.10868101,all,ADULT,105,2,0
2007,MAY,MATABELELAND SOUTH,GWANDA,COMMUNAL,-21.08779175,29.02243639,MALE,ADULT,10,2,0
2007,MAY,MATABELELAND SOUTH,GWANDA,COMMUNAL,#INVALID MGRS GRID REFERENCE,#INVALID MGRS GRID REFERENCE,all,ALL,21,9,9
2007,MAY,MATABELELAND SOUTH,UMZINGWANE,COMMERCIAL,#INVALID MGRS GRID REFERENCE,#INVALID MGRS GRID REFERENCE,all,ALL,17,5,0
2007,MAY,MATABELELAND SOUTH,GWANDA,COMMUNAL,-21.42984135,29.73883661,all,ADULT,25,5,0
2007,MAY,MATABELELAND SOUTH,GWANDA,COMMUNAL,-21.0550261,28.71703242,all,ALL,1248,0,7
2007,MAY,MATABELELAND SOUTH,UMZINGWANE,RESETTLEMENT,-20.42619267,29.20685634,all,ADULT,80,2,0
2007,MAY,MATABELELAND SOUTH,INSIZA,COMMUNAL,-20.77509634,29.45221897,FEMALE,ADULT,5,1,0
2007,MAY,MATABELELAND SOUTH,MATOBO,COMMERCIAL,-20.07324241,28.3885814,FEMALE,ADULT,900,1,0
2000,APR,MATABELELAND SOUTH,GWANDA,COMMUNAL,-21.16165909,28.8828508,ALL,ADULT,30,2,0
2007,MAY,MATABELELAND SOUTH,GWANDA,COMMUNAL,-21.05476148,28.74300871,all,ALL,1428,18,18
2007,JUN,MATABELELAND SOUTH,GWANDA,RESETTLEMENT,-21.32367776,29.60195291,MALE,ADULT,61,1,0
2007,JUN,MATABELELAND SOUTH,GWANDA,COMMUNAL,-21.42984135,29.73883661,all,ALL,1302,7,0
2000,APR,MASHONALAND WEST,KADOMA,COMMUNAL,-17.98477326,29.42022219,FEMALE,ADULT,1300,2,0
2007,JUN,MATABELELAND SOUTH,MATOBO,COMMUNAL,-21.06679789,28.42069226,FEMALE,ADULT,19,1,0
2000,APR,MATABELELAND SOUTH,GWANDA,COMMUNAL,-20.90068862,28.7921756,FEMALE,ADULT,14,1,0
2000,APR,MIDLANDS,ZVISHAVANE,COMMUNAL,-20.66749217,29.97716124,ALL,ADULT,1778,3,0
2007,JUN,MATABELELAND SOUTH,INSIZA,COMMERCIAL,-20.60391004,29.42452454,all,ADULT,57,10,0
2007,JUN,MATABELELAND SOUTH,GWANDA,COMMUNAL,-20.73775942,28.82377794,MALE,ADULT,4,1,0
2007,JUN,MATABELELAND SOUTH,MATOBO,COMMERCIAL,#REF!,#REF!,all,ADULT,67,4,2
2000,APR,MATABELELAND SOUTH,GWANDA,COMMUNAL,-20.17827357,28.76655642,ALL,ADULT,14,2,0
2007,JUN,MATABELELAND SOUTH,GWANDA,RESETTLEMENT,-21.4660624,29.10868101,All,ADULT,97,4,0
2007,JUN,MATABELELAND SOUTH,MATOBO,COMMERCIAL,-20.1628228,28.48312974,FEMALE,ALL,75,2,0
2000,APR,MATABELELAND SOUTH,GWANDA,COMMUNAL,-20.89165666,28.79206835,ALL,ADULT,40,3,0
2007,JUN,MATABELELAND SOUTH,INSIZA,COMMERCIAL,-20.33137716,29.53799344,MALE,ADULT,6,1,0
2000,APR,MATABELELAND SOUTH,GWANDA,COMMUNAL,-19.89548753,29.0230592,ALL,ADULT,100,10,0
2007,JUN,MATABELELAND SOUTH,UMZINGWANE,COMMUNAL,-20.51519992,29.30753063,MALE,ADULT,3,1,0
2007,JUN,MATABELELAND SOUTH,UMZINGWANE,COMMUNAL,-20.78477172,29.40666242,all,ADULT,0,0,1
2000,APR,MANICALAND,MAKONI,RESETTLEMENT,-18.07069656,32.23743197,ALL,ALL,20,2,0
2000,APR,MASHONALAND WEST,KADOMA,RESETTLEMENT,-18.11754057,29.62796576,ALL,ALL,2000,126,4
2000,APR,MATEBELELAND NORTH,LUPANE,COMMUNAL,-18.81190533,27.74497682,FEMALE,ADULT,1,1,0
2007,JUN,MATABELELAND SOUTH,INSIZA,COMMUNAL,#INVALID MGRS GRID REFERENCE,#INVALID MGRS GRID REFERENCE,FEMALE,ADULT,1,1,0
2007,FEB,MIDLANDS,MBERENGWA,RESETTLEMENT,-20.02843249,29.86174662,MALE,ADULT,6,1,0
2000,APR,MATABELELAND SOUTH,GWANDA,COMMUNAL,-20.73736858,28.86025816,ALL,ADULT,15,8,1
2007,JUN,MATABELELAND SOUTH,INSIZA,COMMUNAL,-20.05913359,29.62914134,FEMALE,ADULT,1,0,0
2007,FEB,MIDLANDS,MVUMA,RESETTLEMENT,-19.3999321,30.37123556,ALL,ADULT,645,9,2
2000,APR,MATABELELAND SOUTH,GWANDA,COMMUNAL,-20.74618095,28.88052955,ALL,ADULT,12,5,0
2000,APR,MATABELELAND SOUTH,GWANDA,COMMUNAL,-19.89548753,29.0230592,ALL,ADULT,10,3,0
2007,FEB,MIDLANDS,MBERENGWA,COMMUNAL,-20.86127954,30.27558733,ALL,ALL,1768,27,4
2007,FEB,MIDLANDS,MVUMA,RESETTLEMENT,-19.78842308,30.38391871,ALL,ADULT,908,13,1
2000,APR,MASHONALAND WEST,KADOMA,RESETTLEMENT,-18.92943436,29.69164435,ALL,ALL,1376,98,2
2000,APR,MASHONALAND WEST,KADOMA,COMMUNAL,-18.47264032,30.58820041,ALL,ALL,1667,7,0
2007,JUN,MATABELELAND SOUTH,GWANDA,COMMERCIAL,#REF!,#REF!,all,ADULT,87,2,0
2000,APR,MANICALAND,MAKONI,COMMUNAL,#INVALID MGRS GRID REFERENCE,#INVALID MGRS GRID REFERENCE,ALL,ADULT,158,4,0
2000,APR,MASHONALAND WEST,KADOMA,RESETTLEMENT,-18.72180545,29.68645286,ALL,ALL,1675,57,1
2000,APR,MASHONALAND WEST,KADOMA,RESETTLEMENT,-17.57666663,29.54945245,MALE,ADULT,1400,2,0
2007,FEB,MASVINGO,CHIVI,COMMUNAL,-20.08984791,30.62652783,FEMALE,ADULT,6,,0
2007,JUN,MATABELELAND SOUTH,GWANDA,COMMERCIAL,-21.37907402,29.5219624,all,ADULT,34,4,0
2000,APR,MASHONALAND WEST,KADOMA,RESETTLEMENT,-18.46101394,29.60760903,ALL,ALL,1061,19,0
2000,APR,MATABELELAND SOUTH,GWANDA,COMMUNAL,-21.67745963,29.49423195,FEMALE,ADULT,6,1,0
2000,APR,MIDLANDS,ZVISHAVANE,COMMUNAL,-19.95706293,29.80795275,ALL,ADULT,918,2,0
2007,JUN,MATABELELAND SOUTH,BEITBRIDGE,COMMUNAL,-17.79761057,24.10154935,FEMALE,ADULT,42,1,0
2007,JUN,MATABELELAND SOUTH,GWANDA,RESETTLEMENT,-20.8841839,29.40119126,MALE,ADULT,14,1,0
2000,APR,MASHONALAND WEST,KADOMA,COMMUNAL,-18.47264032,30.58820041,ALL,ALL,1667,2,0
2007,JUN,MATABELELAND SOUTH,GWANDA,COMMUNAL,-20.60706969,29.18777391,FEMALE,ADULT,8,3,0
2000,APR,MATABELELAND SOUTH,GWANDA,COMMUNAL,-20.89165666,28.79206835,ALL,ADULT,7,6,5
2007,JUN,MATABELELAND SOUTH,GWANDA,COMMUNAL,-20.60706969,29.18777391,all,ADULT,34,5,0
2000,APR,MATABELELAND SOUTH,GWANDA,COMMUNAL,-20.73775942,28.82377794,ALL,ADULT,9,3,0
2000,APR,MATABELELAND SOUTH,GWANDA,COMMUNAL,-21.22099141,29.20439647,ALL,ADULT,8,4,0
2000,APR,MATABELELAND SOUTH,GWANDA,COMMUNAL,-19.89548753,29.0230592,ALL,ADULT,35,2,0
2007,JUN,MATABELELAND SOUTH,GWANDA,RESETTLEMENT,-21.4660624,29.10868101,MALE,ADULT,20,2,1
2000,APR,MATABELELAND SOUTH,GWANDA,COMMUNAL,-19.89548753,29.0230592,ALL,ADULT,19,3,0
2007,JUN,MATABELELAND SOUTH,INSIZA,RESETTLEMENT,-19.79522352,29.10098178,FEMALE,ADULT,3,1,0
2000,APR,MATABELELAND SOUTH,GWANDA,COMMUNAL,-20.72419104,29.21048325,ALL,ADULT,9,2,0
2007,JUN,MATABELELAND SOUTH,GWANDA,RESETTLEMENT,-21.28197152,29.36906723,MALE,JUVENILE,52,1,0
2007,JUN,MATABELELAND SOUTH,GWANDA,RESETTLEMENT,-21.37899231,28.83264159,all,ADULT,248,8,8
2007,JUN,MATABELELAND SOUTH,GWANDA,RESETTLEMENT,-21.12074027,29.27313777,all,ALL,57,4,0
2000,APR,MASHONALAND WEST,KADOMA,COMMERCIAL,-18.30530419,29.76223282,FEMALE,ADULT,138,4,0
2007,JUN,MATABELELAND SOUTH,GWANDA,COMMUNAL,-20.93395024,29.04727957,FEMALE,ADULT,3,1,0
2000,MAY,MATABELELAND SOUTH,GWANDA,COMMERCIAL,-20.88296443,28.75925005,ALL,ADULT,23,3,0
2007,FEB,MIDLANDS,GWERU,COMMUNAL,-19.36389858,29.62262982,FEMALE,ADULT,1348,1,0
2007,FEB,MIDLANDS,SHURUGWI,COMMERCIAL,-19.74193304,30.71261641,FEMALE,JUVENILE,63,1,0
2007,JUN,MATABELELAND SOUTH,INSIZA,COMMUNAL,#INVALID MGRS GRID REFERENCE,#INVALID MGRS GRID REFERENCE,all,ADULT,16,2,1
2000,MAY,MANICALAND,BUHERA,COMMUNAL,-19.81879457,31.43518529,MALE,ADULT,10,1,0
2000,MAY,MASHONALAND WEST,KADOMA,COMMUNAL,-18.47264032,30.58820041,ALL,ALL,1667,8,2
2007,JUN,MATABELELAND SOUTH,INSIZA,RESETTLEMENT,-20.77616278,29.37640703,FEMALE,ADULT,32,1,0
2007,JUN,MATABELELAND SOUTH,GWANDA,COMMUNAL,-20.26480991,29.11019109,FEMALE,ADULT,18,3,0
2007,JUN,MATABELELAND SOUTH,GWANDA,COMMUNAL,-21.08779175,29.02243639,all,ADULT,30,4,0
2007,MAR,MIDLANDS,GWERU,COMMUNAL,-19.23847436,30.62133793,ALL,ALL,49,6,0
2007,JUN,MATABELELAND SOUTH,BEITBRIDGE,COMMUNAL,-22.04612377,30.40736655,all,ALL,50,7,0
2007,MAR,MIDLANDS,GOKWE,COMMUNAL,-18.11201745,29.35683918,FEMALE,ADULT,5,1,0
2007,JUN,MATABELELAND SOUTH,INSIZA,COMMUNAL,-20.69233619,29.55450507,all,ADULT,10,2,0
2007,JUN,MATABELELAND SOUTH,INSIZA,COMMUNAL,#INVALID MGRS GRID REFERENCE,#INVALID MGRS GRID REFERENCE,MALE,ADULT,6,1,0
2000,MAY,MATEBELELAND NORTH,BINGA,COMMUNAL,-17.74585142,27.60463746,ALL,ALL,12,6,0
2007,MAR,MASHONALAND WEST,CHEGUTU,RESETTLEMENT,-31.53525747,23.83532362,ALL,ADULT,896,,0
2000,MAY,MATABELELAND SOUTH,MATOBO,COMMUNAL,-21.06709997,28.38412435,FEMALE,ADULT,100,1,0
2000,MAY,MATABELELAND SOUTH,GWANDA,COMMUNAL,-20.88009782,29.01869065,ALL,ADULT,27,2,0
2000,MAY,MANICALAND,CHIPINGE,COMMUNAL,-20.17758529,32.57032534,ALL,ALL,1196,5,0
2000,MAY,MANICALAND,MUTARE,COMMUNAL,#INVALID MGRS GRID REFERENCE,#INVALID MGRS GRID REFERENCE,FEMALE,ADULT,6,1,0
2000,MAY,MASHONALAND WEST,KADOMA,COMMUNAL,-18.41926127,30.65328748,ALL,ALL,3827,5,0
2007,JUL,MATABELELAND SOUTH,GWANDA,COMMUNAL,-21.20738672,28.83145933,FEMALE,JUVENILE,6,2,0
2011,MAY,MIDLANDS,CHIRUMANZU,RESETTLEMENT,-19.24669276,30.39079962,ALL,ADULT,23,3,1
2011,MAY,MIDLANDS,CHIRUMANZU,RESETTLEMENT,-19.09302813,30.38086069,ALL,ADULT,10,2,0
2000,MAY,MASVINGO,GUTU,COMMERCIAL,-19.51248701,31.54101845,ALL,ADULT,1571,8,1
2000,MAY,MATABELELAND SOUTH,GWANDA,COMMUNAL,-21.08149791,28.7779748,ALL,ADULT,3,3,0
2000,MAY,MASHONALAND WEST,KADOMA,COMMUNAL,-18.75257914,30.58330249,ALL,ALL,3632,2,0
2007,MAR,MIDLANDS,MBERENGWA,COMMUNAL,-20.53691175,30.31870031,MALE,ADULT,2075,1,0
2007,JUL,MATABELELAND SOUTH,GWANDA,COMMUNAL,-20.5619202,29.18704378,FEMALE,ADULT,8,3,0
2007,MAR,MIDLANDS,ZVISHAVANE,RESETTLEMENT,-20.30976171,30.22792898,FEMALE,ADULT,10,1,0
2007,JUL,MATABELELAND SOUTH,BEITBRIDGE,COMMUNAL,-22.47424392,29.34510688,all,ALL,25,3,0
2000,MAY,MATABELELAND SOUTH,INSIZA,RESETTLEMENT,-20.2460958,29.16346934,ALL,ADULT,14,2,0
2000,MAY,MATABELELAND SOUTH,INSIZA,RESETTLEMENT,-20.51688968,29.17683664,FEMALE,ADULT,15,1,0
2000,MAY,MATABELELAND SOUTH,GWANDA,COMMUNAL,-21.12387943,29.02580336,MALE,ADULT,15,1,0
2000,MAY,MATABELELAND SOUTH,MATOBO,COMMUNAL,-20.88611134,28.42090788,MALE,ADULT,14,1,0
2007,JUL,MATABELELAND SOUTH,GWANDA,COMMERCIAL,#REF!,#REF!,all,ADULT,63,5,0
2007,JUL,MATABELELAND SOUTH,MATOBO,COMMUNAL,-20.97684159,28.3736733,FEMALE,ADULT,10,1,0
2000,MAY,MASVINGO,MWENEZI,COMMUNAL,-20.86522675,30.53580243,ALL,ADULT,40,5,0
2000,MAY,MASVINGO,MWENEZI,COMMUNAL,-21.63412071,30.62920212,ALL,ADULT,46,2,0
2000,MAY,MASVINGO,GUTU,COMMERCIAL,-19.74741468,31.54176777,ALL,ADULT,1336,11,0
2000,MAY,MATABELELAND SOUTH,GWANDA,COMMUNAL,-21.08779175,29.02243639,MALE,ADULT,10,1,0
2000,MAY,MATABELELAND SOUTH,MATOBO,COMMERCIAL,-21.33727071,28.48402131,ALL,ADULT,630,3,0
2007,JUL,MATABELELAND SOUTH,GWANDA,COMMUNAL,-20.24168454,29.49549,FEMALE,ADULT,11,2,0
2007,MAR,MIDLANDS,GOKWE,COMMERCIAL,-18.53082825,29.07559806,ALL,ADULT,10,5,2
2000,MAY,MATABELELAND SOUTH,MATOBO,COMMUNAL,-21.15620853,28.52746716,ALL,ADULT,11,13,2
2007,MAR,MASHONALAND WEST,CHEGUTU,RESETTLEMENT,-18.65868736,30.32033104,ALL,ADULT,1508,,1
2000,MAY,MASHONALAND WEST,KADOMA,COMMUNAL,-18.41926127,30.65328748,FEMALE,ADULT,3827,1,0
2000,MAY,MASVINGO,MWENEZI,COMMUNAL,-21.4831338,30.20821993,MALE,ADULT,4,1,0
2000,MAY,MASVINGO,GUTU,COMMERCIAL,-19.31482877,31.68934958,ALL,ADULT,695,4,0
2000,MAY,MASVINGO,MWENEZI,COMMUNAL,-20.86522675,30.53580243,FEMALE,ADULT,12,1,0
2000,MAY,MATABELELAND SOUTH,GWANDA,COMMUNAL,-20.20268387,29.01647538,ALL,ADULT,5,2,1
2007,MAR,MIDLANDS,GOKWE,COMMUNAL,-18.26722559,28.21179645,FEMALE,ADULT,9,1,0
2000,MAY,MASVINGO,MWENEZI,COMMUNAL,-20.80790787,30.3264564,FEMALE,ADULT,14,2,0
2000,MAY,MASVINGO,MWENEZI,COMMERCIAL,-21.16884732,30.95825703,ALL,ALL,257,6,0
2000,MAY,MATEBELELAND NORTH,BINGA,COMMUNAL,-17.27643955,27.33217038,FEMALE,ADULT,64,5,1
2000,MAY,MATABELELAND SOUTH,GWANDA,COMMUNAL,-19.97833105,28.88270688,ALL,ADULT,8,1,0
2007,JUL,MATABELELAND SOUTH,GWANDA,COMMUNAL,-20.5619202,29.18704378,all,ALL,16,1,0
2007,MAR,MASVINGO,GUTU,COMMUNAL,-19.87312442,31.44895738,ALL,ADULT,1732,,0
2000,MAY,MATABELELAND SOUTH,GWANDA,COMMUNAL,-21.57249285,29.25697603,ALL,ADULT,7,2,0
2000,MAY,MASVINGO,MWENEZI,COMMERCIAL,-20.93408952,30.96435981,ALL,ALL,1787,15,2
2000,MAY,MATABELELAND SOUTH,GWANDA,COMMUNAL,-21.60528617,28.78807815,FEMALE,ADULT,12,1,0
2000,MAY,MATABELELAND SOUTH,MATOBO,COMMUNAL,-21.24677938,28.50142029,ALL,ADULT,1,1,0
2000,MAY,MATABELELAND SOUTH,MATOBO,COMMUNAL,-21.15620853,28.52746716,ALL,ADULT,4,4,0
2000,MAY,MATABELELAND SOUTH,GWANDA,COMMUNAL,-20.76266335,29.01996872,ALL,ADULT,15,6,0
2000,MAY,MATABELELAND SOUTH,GWANDA,COMMUNAL,-20.30207391,29.01393943,ALL,ADULT,23,5,2
2000,MAY,MASVINGO,GUTU,COMMERCIAL,-19.20578994,31.6074541,ALL,ADULT,1320,6,0
2000,MAY,MATABELELAND SOUTH,GWANDA,COMMUNAL,-21.15235855,28.90678297,MALE,ADULT,18,4,0
2007,JUL,MATABELELAND SOUTH,GWANDA,COMMUNAL,-20.60706969,29.18777391,all,ADULT,9,2,0
2000,MAY,MASVINGO,MWENEZI,COMMUNAL,-20.89290213,30.57669541,ALL,ADULT,13,4,0
2007,JUL,MATABELELAND SOUTH,GWANDA,COMMUNAL,-20.5619202,29.18704378,all,ALL,3,1,0
2007,JUL,MATABELELAND SOUTH,GWANDA,COMMUNAL,-20.5619202,29.18704378,all,ADULT,14,1,1
2000,MAY,MATABELELAND SOUTH,MATOBO,COMMERCIAL,-20.1622457,28.55009182,MALE,ADULT,392,1,0
2000,MAY,MATABELELAND SOUTH,MATOBO,COMMERCIAL,#INVALID MGRS GRID REFERENCE,#INVALID MGRS GRID REFERENCE,ALL,ADULT,248,5,0
2000,MAY,MATABELELAND SOUTH,GWANDA,COMMERCIAL,-21.24066549,29.07745634,ALL,ADULT,108,2,0
2007,MAR,MIDLANDS,MVUMA,RESETTLEMENT,-19.52486535,30.95399886,ALL,ADULT,645,2,0
2007,MAR,MIDLANDS,GOKWE,COMMERCIAL,-17.85285254,29.11285758,ALL,ADULT,19,6,0
2011,APR,MATEBELELAND NORTH,NKAYI,COMMUNAL,-16.99189703,30.6455456,MALE,JUVENILE,9,2,0
2011,APR,MATEBELELAND NORTH,NKAYI,COMMUNAL,-21.51315974,30.38996933,FEMALE,ADULT,6,2,0
2007,JUL,MATABELELAND SOUTH,GWANDA,COMMERCIAL,-21.24373052,28.81171553,FEMALE,ADULT,25,4,0
2000,MAY,MASVINGO,MWENEZI,COMMUNAL,-20.42338952,29.41785185,ALL,ALL,20,20,0
2011,APR,MATEBELELAND NORTH,NKAYI,COMMUNAL,-21.60538812,29.48333941,ALL,ALL,31,11,2
2011,APR,MATEBELELAND NORTH,NKAYI,COMMUNAL,-20.57108319,29.17663564,FEMALE,ADULT,3,3,2
2000,MAY,MATABELELAND SOUTH,GWANDA,COMMUNAL,-17.25313232,30.61883836,ALL,ALL,115,20,0
2007,JUL,MATABELELAND SOUTH,INSIZA,RESETTLEMENT,-20.57108319,29.17663564,All,ALL,910,9,1
2000,MAY,MATABELELAND SOUTH,GWANDA,COMMUNAL,-20.77616278,29.37640703,ALL,ALL,3,2,0
2011,APR,MATEBELELAND NORTH,NKAYI,COMMUNAL,-21.38021796,30.55527999,MALE,ADULT,8,2,0
2000,MAY,MATABELELAND SOUTH,GWANDA,COMMUNAL,-21.99781818,29.78540905,FEMALE,ADULT,37,2,0
2007,MAR,MASHONALAND WEST,CHEGUTU,RESETTLEMENT,-16.4427796,30.8272893,ALL,ALL,1176,,0
2011,APR,MATEBELELAND NORTH,NKAYI,COMMUNAL,-20.09632884,32.60305938,MALE,ADULT,17,7,0
2000,MAY,MATABELELAND SOUTH,GWANDA,COMMUNAL,-19.62531214,32.26183958,FEMALE,ADULT,3,3,0
2007,JUL,MATABELELAND SOUTH,INSIZA,RESETTLEMENT,-20.62632192,30.26249348,FEMALE,ADULT,4,2,1
2011,APR,MATEBELELAND NORTH,NKAYI,COMMUNAL,-20.70781573,29.07491243,ALL,ADULT,11,4,0
2011,APR,MATEBELELAND NORTH,NKAYI,COMMUNAL,-20.5619202,29.18704378,ALL,ADULT,14,6,2
2000,MAY,MASVINGO,MWENEZI,COMMUNAL,-20.33137716,29.53799344,ALL,ALL,30,22,0
2011,APR,MATEBELELAND NORTH,NKAYI,COMMUNAL,-19.02850278,29.00195911,ALL,ADULT,14,7,1
2011,APR,MATEBELELAND NORTH,NKAYI,COMMUNAL,-16.77184659,31.22404747,ALL,ALL,23,3,0
2011,APR,MATEBELELAND NORTH,NKAYI,COMMUNAL,-20.77884815,29.17382883,MALE,ADULT,19,1,0
2007,AUG,MATABELELAND SOUTH,BEITBRIDGE,RESETTLEMENT,-20.97684159,28.3736733,all,ALL,30,4,0
2011,APR,MATEBELELAND NORTH,NKAYI,COMMUNAL,-20.26784717,30.44014417,FEMALE,ADULT,8,2,0
2011,APR,MATEBELELAND NORTH,NKAYI,COMMUNAL,-22.47411995,31.37884668,FEMALE,ADULT,12,2,0
2011,APR,MATEBELELAND NORTH,NKAYI,COMMUNAL,-21.06363554,28.75843104,MALE,ADULT,11,1,0
2000,MAY,MANICALAND,CHIPINGE,COMMERCIAL,-20.88009782,29.01869065,MALE,ADULT,2,1,0
2011,APR,MATEBELELAND NORTH,NKAYI,COMMUNAL,-21.67745963,29.49423195,FEMALE,ADULT,16,1,0
2000,MAY,MANICALAND,MUTARE,COMMUNAL,-22.3313652,30.18775281,ALL,ADULT,24,2,0
2007,MAR,MIDLANDS,ZVISHAVANE,COMMUNAL,-19.96150217,28.76214295,ALL,ALL,23,2,0
2000,MAY,MATABELELAND SOUTH,GWANDA,COMMUNAL,-17.34853671,32.55390135,FEMALE,ADULT,16,1,0
2000,MAY,MATABELELAND SOUTH,GWANDA,COMMUNAL,-18.01585016,30.92212422,ALL,ADULT,26,3,0
2007,AUG,MATABELELAND SOUTH,INSIZA,COMMERCIAL,-21.34365509,30.524999,FEMALE,ADULT,9,1,1
2000,MAY,MATABELELAND SOUTH,GWANDA,COMMERCIAL,-20.88296443,28.75925005,ALL,ADULT,46,6,0
2000,MAY,MATABELELAND SOUTH,GWANDA,COMMUNAL,-20.76266335,29.01996872,FEMALE,ADULT,55,2,0
2007,AUG,MATABELELAND SOUTH,MATOBO,COMMUNAL,-19.07266093,29.77659823,all,ADULT,20,3,0
2007,MAR,MASVINGO,CHIVI,COMMUNAL,-17.45691012,32.51029049,ALL,ALL,1912,,0
2007,MAR,MASVINGO,CHIREDZI,COMMUNAL,-17.45691012,32.51029049,ALL,ALL,805,,0
2000,MAY,MATABELELAND SOUTH,GWANDA,COMMERCIAL,-17.57472767,32.65417221,ALL,ADULT,76,2,0
2000,MAY,MATABELELAND SOUTH,GWANDA,COMMUNAL,-21.32984538,29.16738077,FEMALE,ADULT,12,3,0
2000,MAY,MATABELELAND SOUTH,GWANDA,COMMUNAL,-19.89296453,31.66746659,FEMALE,ADULT,13,2,0
2000,MAY,MATABELELAND SOUTH,GWANDA,COMMUNAL,-20.70781573,29.07491243,FEMALE,ADULT,3,1,0
2000,MAY,MATABELELAND SOUTH,BEITBRIDGE,COMMUNAL,-16.58502703,30.61586863,ALL,ADULT,1,1,0
2007,AUG,MATABELELAND SOUTH,UMZINGWANE,COMMUNAL,-19.96150217,28.76214295,MALE,ADULT,12,1,0
2000,MAY,MANICALAND,NYANGA,COMMUNAL,-17.34853671,32.55390135,ALL,ALL,300,5,0
2000,MAY,MASVINGO,MWENEZI,COMMUNAL,-21.34365509,30.524999,ALL,ADULT,4,4,0
2000,MAY,MATABELELAND SOUTH,GWANDA,COMMERCIAL,-20.88296443,28.75925005,ALL,ALL,53,18,3
2007,MAR,MASVINGO,CHIREDZI,COMMERCIAL,-22.52869308,31.41709634,ALL,ALL,649,,0
2000,MAY,MATABELELAND SOUTH,GWANDA,COMMUNAL,-20.76266335,29.01996872,ALL,ADULT,12,3,0
2007,MAR,MIDLANDS,KWEKWE,COMMERCIAL,-19.07266093,29.77659823,MALE,ADULT,42,2,1
2000,MAY,MANICALAND,MAKONI,RESETTLEMENT,-17.45691012,32.51029049,MALE,ADULT,8,1,0
2000,MAY,MANICALAND,MAKONI,RESETTLEMENT,-17.45691012,32.51029049,MALE,ADULT,8,1,0
2000,MAY,MANICALAND,NYANGA,COMMUNAL,-17.57472767,32.65417221,ALL,ALL,2000,3,0
2007,AUG,MATABELELAND SOUTH,GWANDA,COMMERCIAL,-21.32984538,29.16738077,MALE,ADULT,64,1,0
2000,MAY,MANICALAND,BUHERA,COMMUNAL,-19.89296453,31.66746659,MALE,ADULT,17,2,1
2000,MAY,MATABELELAND SOUTH,GWANDA,COMMUNAL,-20.70781573,29.07491243,FEMALE,ALL,56,2,0
2000,MAY,MIDLANDS,SHURUGWI,COMMUNAL,-32.81356461,23.7587263,ALL,ADULT,1550,13,3
2007,MAR,MASVINGO,BIKITA,COMMERCIAL,-20.65960306,31.50258399,MALE,ADULT,839,,0
2000,JUN,MANICALAND,NYANGA,RESETTLEMENT,-18.01775504,32.71376828,ALL,ALL,120,2,1
2000,JUN,MASVINGO,MWENEZI,COMMUNAL,-21.42649199,30.63357407,FEMALE,ADULT,38,6,0
2000,JUN,MATABELELAND SOUTH,BEITBRIDGE,COMMUNAL,-22.31388521,30.22102833,ALL,ADULT,5,5,0
2007,MAR,MASVINGO,BIKITA,COMMERCIAL,-20.02701065,31.48285797,MALE,ADULT,1136,,0
2000,JUN,MANICALAND,BUHERA,COMMUNAL,-19.30683541,31.84362381,MALE,ADULT,23,1,0
2000,JUN,MASVINGO,MWENEZI,COMMUNAL,-21.34365509,30.524999,ALL,ADULT,61,7,0
2000,JUN,MANICALAND,NYANGA,COMMUNAL,-17.83683006,32.63103006,ALL,ALL,200,8,0
2007,MAR,MASHONALAND WEST,CHEGUTU,RESETTLEMENT,-31.41376871,23.66698647,FEMALE,ADULT,26,,0
2000,JUN,MANICALAND,NYANGA,COMMUNAL,-17.97245191,32.64870327,ALL,ALL,100,4,0
2000,JUN,MASHONALAND EAST,MARONDERA,COMMERCIAL,-18.17520567,31.55069273,ALL,ALL,450,18,3
2007,MAR,MIDLANDS,GOKWE,COMMUNAL,#INVALID MGRS GRID REFERENCE,#INVALID MGRS GRID REFERENCE,ALL,ADULT,12,3,0
2000,JUN,MASHONALAND WEST,KADOMA,COMMUNAL,-18.41926127,30.65328748,ALL,ALL,3826,5,0
2007,MAR,MIDLANDS,GWERU,COMMUNAL,-19.2105351,29.61163285,ALL,ADULT,1071,3,0
2000,JUN,MASHONALAND WEST,KADOMA,COMMUNAL,-18.16692867,30.70203603,ALL,ALL,2910,7,1
2000,JUN,MASVINGO,ZAKA,COMMUNAL,-20.76966781,31.70605804,ALL,ADULT,13,3,1
2011,MAR,MATEBELELAND NORTH,NKAYI,COMMUNAL,-21.5871821,28.79172804,FEMALE,ADULT,11,1,0
2000,JUN,MATABELELAND SOUTH,GWANDA,COMMUNAL,-16.60484842,30.77393572,MALE,ADULT,11,2,0
2000,JUN,MATABELELAND SOUTH,GWANDA,COMMUNAL,-18.19854723,32.72016036,FEMALE,ADULT,30,1,0
2000,JUN,MANICALAND,NYANGA,COMMUNAL,-17.99461952,30.64578274,ALL,ALL,23,4,0
2007,MAR,MIDLANDS,GOKWE,COMMUNAL,-18.43942491,30.8294851,FEMALE,ADULT,6,1,0
2009,MAR,MIDLANDS,CHIRUMANZU,RESETTLEMENT,-17.17646749,31.00691641,MALE,ADULT,500,2,0
2009,MAY,MIDLANDS,CHIRUMANZU,RESETTLEMENT,-20.0792256,30.51102067,FEMALE,ADULT,730,2,0
2007,MAR,MASVINGO,CHIVI,COMMUNAL,-18.23348043,32.2604365,ALL,ALL,1315,,5
2000,JUN,MANICALAND,MAKONI,RESETTLEMENT,-18.12714588,31.209,ALL,ADULT,123,6,0
2000,JUN,MASHONALAND EAST,MARONDERA,COMMUNAL,-20.06286498,31.4500072,ALL,ALL,3500,35,0
2007,MAR,MASVINGO,BIKITA,COMMERCIAL,-21.64565408,30.81155549,FEMALE,ADULT,1069,,0
2000,JUN,MASVINGO,MWENEZI,COMMERCIAL,-20.37900648,30.63840263,ALL,ALL,29,6,0
2007,MAR,MASVINGO,CHIVI,COMMUNAL,-20.66834125,31.46886642,ALL,ALL,1323,,0
2000,JUN,MASVINGO,ZAKA,COMMUNAL,-20.66834125,31.46886642,FEMALE,ADULT,13,2,0
2009,JUN,MIDLANDS,CHIRUMANZU,COMMUNAL,#REF!,#REF!,MALE,ADULT,225,3,0
2007,MAR,MIDLANDS,GOKWE,COMMUNAL,-17.65664445,28.85987781,MALE,ADULT,18,1,0
2009,SEP,MIDLANDS,CHIRUMANZU,RESETTLEMENT,-18.80173626,29.08548922,FEMALE,ADULT,218,2,0
2007,MAR,MIDLANDS,GOKWE,COMMUNAL,-19.02068763,29.6257507,ALL,ADULT,3,2,0
2007,MAR,MIDLANDS,KWEKWE,COMMERCIAL,-19.49829596,32.14904153,FEMALE,ADULT,15,2,0
2000,JUN,MANICALAND,BUHERA,COMMUNAL,-19.30683541,31.84362381,MALE,ADULT,9,1,0
2000,JUN,MANICALAND,BUHERA,COMMUNAL,-18.47487934,31.75653441,FEMALE,ADULT,15,1,0
2000,JUN,MASHONALAND EAST,MARONDERA,COMMERCIAL,-19.08342504,27.64257615,ALL,ALL,860,12,0
2000,JUN,MATEBELELAND NORTH,TSHOLOTSHO,COMMUNAL,-19.08342504,27.64257615,ALL,ADULT,7,9,2
2007,SEP,MATABELELAND SOUTH,GWANDA,RESETTLEMENT,#REF!,#REF!,all,ADULT,28,2,0
2000,JUN,MATEBELELAND NORTH,HWANGE,COMMUNAL,#REF!,#REF!,ALL,ALL,6,1,0
2007,SEP,MATABELELAND SOUTH,GWANDA,RESETTLEMENT,-21.23720683,29.34138425,FEMALE,ADULT,36,1,0
2007,SEP,MATABELELAND SOUTH,GWANDA,RESETTLEMENT,-21.23720683,29.34138425,all,ADULT,28,2,0
2007,SEP,MATABELELAND SOUTH,GWANDA,RESETTLEMENT,-18.47264032,30.58820041,FEMALE,ADULT,36,1,0
2000,JUN,MASHONALAND WEST,KADOMA,COMMUNAL,-20.77616278,29.37640703,ALL,ALL,1675,10,3
2000,JUN,MATABELELAND SOUTH,INSIZA,RESETTLEMENT,-20.62632192,30.26249348,ALL,ADULT,29,9,2
2007,MAR,MIDLANDS,ZVISHAVANE,COMMUNAL,-19.02160851,30.43984174,ALL,ADULT,12,2,0
2007,MAR,MIDLANDS,SHURUGWI,COMMERCIAL,-19.53082285,28.42581284,ALL,ALL,94,10,0
2000,JUN,MATEBELELAND NORTH,BUBI,COMMUNAL,-20.27357632,30.86784896,FEMALE,ADULT,6,5,4
2007,MAR,MASVINGO,CHIVI,COMMUNAL,-18.63428038,30.51582424,ALL,ALL,2122,,0
2000,JUN,MASHONALAND WEST,KADOMA,COMMUNAL,-21.34737593,29.2081898,ALL,ALL,1796,6,1
2007,SEP,MATABELELAND SOUTH,GWANDA,COMMERCIAL,-19.74132654,30.2540547,FEMALE,ADULT,60,1,1
2007,MAR,MIDLANDS,SHURUGWI,COMMUNAL,-18.95778284,30.39628624,ALL,ALL,1121,12,0
2007,MAR,MIDLANDS,MVUMA,RESETTLEMENT,-21.06363554,28.75843104,MALE,ADULT,890,3,0
2000,JUN,MATABELELAND SOUTH,GWANDA,COMMUNAL,-16.2423652,23.38536569,ALL,ADULT,26,2,0
2000,JUN,MIDLANDS,ZVISHAVANE,COMMUNAL,-19.86156081,32.70583356,ALL,ADULT,817,13,0
2000,JUN,MANICALAND,CHIMANIMANI,COMMUNAL,-20.97025707,30.96764924,MALE,ADULT,3,2,1
2000,JUN,MASVINGO,MASVINGO,COMMERCIAL,-18.66339744,29.32641749,ALL,ADULT,185,15,0
2000,JUN,MIDLANDS,KWEKWE,COMMUNAL,-17.44562663,29.17489689,ALL,ALL,1698,1,0
2007,MAR,MIDLANDS,GOKWE,COMMUNAL,-17.59247108,32.49769401,ALL,ALL,22,2,0
2000,JUN,MANICALAND,MAKONI,COMMUNAL,-21.60572739,28.74655472,MALE,ADULT,500,2,0
2007,OCT,MATABELELAND SOUTH,GWANDA,COMMUNAL,-20.71098386,32.67732802,all,ADULT,38,2,0
2000,JUN,MANICALAND,CHIPINGE,COMMUNAL,-18.57884586,31.20148542,ALL,ADULT,2123,2,0
2000,JUN,MASHONALAND EAST,MARONDERA,COMMUNAL,-18.47067439,31.22817911,ALL,ALL,2500,18,0
2000,JUN,MATABELELAND SOUTH,MATOBO,COMMUNAL,-22.04851841,29.43683783,MALE,ADULT,32,1,0
2000,JUN,MATABELELAND SOUTH,BEITBRIDGE,COMMUNAL,-21.46569514,29.13759773,ALL,ADULT,3,3,0
2007,OCT,MATABELELAND SOUTH,GWANDA,COMMERCIAL,-22.47424392,29.34510688,all,ALL,35,3,0
2000,JUN,MATABELELAND SOUTH,BEITBRIDGE,COMMUNAL,-18.51394015,32.33313166,ALL,ADULT,4,4,0
2000,JUN,MANICALAND,MAKONI,COMMUNAL,-20.25303338,28.49930045,MALE,ADULT,1,1,0
2000,JUN,MATEBELELAND NORTH,TSHOLOTSHO,COMMERCIAL,-20.61376995,28.57188264,ALL,ADULT,180,5,0
2007,OCT,MATABELELAND SOUTH,MATOBO,RESETTLEMENT,-21.4660624,29.10868101,all,ADULT,28,3,0
2007,OCT,MATABELELAND SOUTH,GWANDA,RESETTLEMENT,#INVALID MGRS GRID REFERENCE,#INVALID MGRS GRID REFERENCE,all,ALL,19,2,0
2007,OCT,MATABELELAND SOUTH,INSIZA,COMMUNAL,-17.83683006,32.63103006,FEMALE,JUVENILE,16,1,0
2000,JUN,MANICALAND,NYANGA,COMMUNAL,-17.0007057,31.60127422,ALL,ADULT,200,17,2
2000,JUN,MASHONALAND WEST,KADOMA,RESETTLEMENT,-20.43184977,28.70322919,ALL,ALL,1909,4,0
2000,JUN,MATEBELELAND NORTH,TSHOLOTSHO,COMMERCIAL,-20.51883762,29.01568705,MALE,ADULT,800,6,0
2000,JUN,MATABELELAND SOUTH,UMZINGWANE,COMMUNAL,-19.21967428,30.39597943,ALL,ADULT,25,4,0
2009,APR,MIDLANDS,CHIRUMANZU,RESETTLEMENT,-20.31110533,29.01405625,MALE,ADULT,33,2,0
2000,JUN,MATABELELAND SOUTH,UMZINGWANE,COMMUNAL,-19.21967428,30.39597943,ALL,ADULT,15,3,0
2009,APR,MIDLANDS,CHIRUMANZU,RESETTLEMENT,-18.72180545,29.68645286,ALL,ADULT,9,2,0
2000,JUN,MASHONALAND WEST,KADOMA,RESETTLEMENT,-20.40374019,29.52964824,ALL,ALL,1691,2,0
2000,JUN,MATABELELAND SOUTH,INSIZA,COMMERCIAL,-17.44562663,29.17489689,ALL,ALL,5,5,0
2007,MAR,MIDLANDS,GOKWE,COMMUNAL,-19.40458858,29.28447303,FEMALE,ADULT,12,1,0
2007,MAR,MIDLANDS,KWEKWE,COMMUNAL,-17.57472767,32.65417221,ALL,ALL,1845,35,0
2000,JUN,MANICALAND,NYANGA,COMMUNAL,-21.28473425,29.16390549,ALL,ADULT,100,1,0
2007,OCT,MATABELELAND SOUTH,GWANDA,RESETTLEMENT,-20.78003736,29.07781838,all,ADULT,40,2,0
2007,OCT,MATABELELAND SOUTH,GWANDA,COMMUNAL,-20.78003736,29.07781838,all,ALL,2224,7,0
2000,JUN,MASVINGO,MWENEZI,COMMUNAL,-17.36127699,31.47247045,MALE,ADULT,12,1,0
2000,JUL,MATEBELELAND NORTH,TSHOLOTSHO,COMMERCIAL,-20.24403926,29.32416696,ALL,ADULT,200,7,0
2007,OCT,MATABELELAND SOUTH,INSIZA,COMMERCIAL,-19.97959689,28.75946804,FEMALE,ADULT,60,5,0
2009,AUG,MIDLANDS,CHIRUMANZU,RESETTLEMENT,-21.46404432,29.26301843,ALL,ADULT,598,2,0
2009,AUG,MIDLANDS,CHIRUMANZU,RESETTLEMENT,-21.27099404,30.49636534,FEMALE,ADULT,598,1,0
2007,OCT,MATABELELAND SOUTH,UMZINGWANE,COMMUNAL,-21.27099404,30.49636534,MALE,ADULT,595,7,0
2007,NOV,MATABELELAND SOUTH,GWANDA,RESETTLEMENT,-19.29175226,29.61577208,FEMALE,ADULT,30,1,0
2000,JUL,MASVINGO,MWENEZI,COMMUNAL,-19.92301778,29.67372918,FEMALE,ADULT,10,1,0
2000,JUL,MASVINGO,MWENEZI,COMMUNAL,-20.34343828,28.4925083,FEMALE,ADULT,4,1,0
2007,MAR,MIDLANDS,GWERU,COMMUNAL,-20.61376995,28.57188264,FEMALE,ADULT,1087,1,0
2007,MAR,MIDLANDS,SHURUGWI,RESETTLEMENT,-18.46101394,29.60760903,ALL,ADULT,22,2,1
2007,NOV,MATABELELAND SOUTH,MATOBO,COMMUNAL,-21.53902181,29.05182051,all,ALL,18,7,2
2007,NOV,MATABELELAND SOUTH,MATOBO,RESETTLEMENT,-20.61376995,28.57188264,all,ALL,51,8,2
2000,JUL,MASHONALAND WEST,KADOMA,COMMUNAL,-19.88762408,32.32177568,ALL,ADULT,1063,9,0
2007,NOV,MATABELELAND SOUTH,GWANDA,RESETTLEMENT,-20.1865912,28.83644302,all,ALL,45,2,0
2007,NOV,MATABELELAND SOUTH,MATOBO,RESETTLEMENT,-19.00989409,30.25300962,all,ALL,65,8,2
2000,JUL,MANICALAND,BUHERA,COMMUNAL,-21.23831161,30.73956899,ALL,ALL,845,3,0
2000,JUL,MATABELELAND SOUTH,UMZINGWANE,COMMUNAL,-21.60034307,30.79964669,MALE,ADULT,12,1,0
2007,MAR,MIDLANDS,SHURUGWI,COMMUNAL,-20.15511995,31.68443745,ALL,ADULT,1046,30,0
2000,JUL,MASVINGO,MWENEZI,COMMUNAL,-19.91371343,29.00897584,ALL,ALL,621,60,1
2000,JUL,MASVINGO,MWENEZI,COMMUNAL,-20.75989916,31.61203657,ALL,ALL,150,6,0
2007,MAR,MASVINGO,BIKITA,COMMERCIAL,-19.55152857,31.96002361,MALE,ADULT,1809,,0
2000,JUL,MATABELELAND SOUTH,UMZINGWANE,COMMUNAL,-19.0301723,32.77006392,FEMALE,ADULT,12,2,0
2007,MAR,MASVINGO,BIKITA,COMMUNAL,-21.57489182,30.92753523,ALL,ADULT,1689,,0
2000,JUL,MANICALAND,BUHERA,COMMUNAL,-19.89296453,31.66746659,ALL,ALL,22,4,0
2000,JUL,MANICALAND,CHIMANIMANI,COMMUNAL,-18.63428038,30.51582424,MALE,ADULT,8,2,1
2000,JUL,MASVINGO,MWENEZI,COMMERCIAL,-19.43367915,31.89697061,FEMALE,ADULT,23,2,0
2000,JUL,MANICALAND,BUHERA,COMMUNAL,-19.98259794,29.2878386,FEMALE,ADULT,11,1,0
2000,JUL,MASHONALAND WEST,KADOMA,COMMUNAL,-17.49720498,31.52131504,ALL,ALL,1792,3,0
2000,JUL,MANICALAND,BUHERA,COMMUNAL,-19.43367915,31.89697061,ALL,ALL,33,2,0
2000,JUL,MATABELELAND SOUTH,INSIZA,COMMUNAL,-19.98259794,29.2878386,ALL,ADULT,1,1,0
2009,FEB,MIDLANDS,CHIRUMANZU,COMMUNAL,-20.51832977,29.05891642,ALL,ADULT,9,2,0
2009,FEB,MIDLANDS,CHIRUMANZU,COMMUNAL,-21.539258,29.03253847,FEMALE,ADULT,5,1,0
2000,JUL,MASVINGO,MWENEZI,COMMUNAL,-19.46970716,31.87769289,MALE,ADULT,5,2,0
2007,NOV,MATABELELAND SOUTH,UMZINGWANE,RESETTLEMENT,-18.46824412,32.20262257,all,ADULT,18,3,0
2007,NOV,MATABELELAND SOUTH,GWANDA,RESETTLEMENT,-17.48399877,30.27411118,FEMALE,ADULT,72,1,0
2000,JUL,MANICALAND,BUHERA,COMMUNAL,-19.35470748,30.36625326,ALL,ALL,2250,8,0
2000,JUL,MANICALAND,MAKONI,RESETTLEMENT,-18.46824412,32.20262257,ALL,ADULT,48,8,0
2000,JUL,MASHONALAND EAST,MUTOKO,COMMERCIAL,-17.48399877,30.27411118,MALE,ADULT,91,1,0
2008,SEP,MIDLANDS,GWERU,RESETTLEMENT,-19.35470748,30.36625326,FEMALE,ADULT,1190,1,0
2007,NOV,MATABELELAND SOUTH,INSIZA,RESETTLEMENT,-20.06718835,29.01663976,FEMALE,ADULT,58,3,0
2000,JUL,MASHONALAND WEST,KADOMA,COMMUNAL,-18.16692867,30.70203603,ALL,ALL,2923,4,0
2007,NOV,MATABELELAND SOUTH,MATOBO,COMMUNAL,-20.88611134,28.42090788,FEMALE,ADULT,2,1,0
2000,JUL,MATEBELELAND NORTH,TSHOLOTSHO,COMMERCIAL,-20.07275076,28.44977172,FEMALE,ADULT,302,1,0
2007,NOV,MATABELELAND SOUTH,MATOBO,COMMUNAL,-21.24677938,28.50142029,all,ADULT,20,2,0
2000,JUL,MATEBELELAND NORTH,TSHOLOTSHO,COMMERCIAL,-20.1610517,28.68018268,MALE,ADULT,619,4,0
2007,NOV,MATABELELAND SOUTH,MATOBO,COMMUNAL,-20.9770566,28.34674421,FEMALE,ADULT,18,3,3
2007,NOV,MATABELELAND SOUTH,MATOBO,COMMUNAL,-21.24677938,28.50142029,FEMALE,ADULT,5,1,0
2007,NOV,MATABELELAND SOUTH,GWANDA,COMMUNAL,-21.51118689,29.11119383,all,ADULT,30,4,1
2009,MAY,MIDLANDS,CHIRUMANZU,RESETTLEMENT,-19.35484487,30.37576452,FEMALE,JUVENILE,1190,2,0
2007,NOV,MATABELELAND SOUTH,INSIZA,RESETTLEMENT,-20.33235077,29.47007117,all,ADULT,1533,3,0
2000,JUL,MATABELELAND SOUTH,BEITBRIDGE,COMMUNAL,-22.06970073,30.19489015,ALL,ADULT,6,6,0
2000,JUL,MANICALAND,CHIMANIMANI,COMMUNAL,-19.86156081,32.70583356,FEMALE,ADULT,12,1,0
2009,SEP,MIDLANDS,CHIRUMANZU,COMMUNAL,#REF!,#REF!,FEMALE,ADULT,581,1,0
2007,DEC,MATABELELAND SOUTH,UMZINGWANE,RESETTLEMENT,-20.35627276,29.01373165,all,ADULT,38,2,0
2000,JUL,MASHONALAND EAST,GOROMONZI,COMMUNAL,-18.0211922,31.49999379,MALE,ADULT,10,1,0
2007,DEC,MATABELELAND SOUTH,GWANDA,COMMUNAL,#INVALID MGRS GRID REFERENCE,#INVALID MGRS GRID REFERENCE,all,ADULT,16,2,0
2007,DEC,MATABELELAND SOUTH,GWANDA,COMMUNAL,-21.44284502,28.77459174,FEMALE,ADULT,6,1,0
2007,APR,MIDLANDS,GOKWE,COMMUNAL,-17.54088421,28.66842613,MALE,ADULT,32,1,0
2000,JUL,MASVINGO,MWENEZI,COMMERCIAL,-21.4042372,31.00516017,MALE,ADULT,151,32,6
2007,DEC,MATABELELAND SOUTH,INSIZA,COMMUNAL,-20.69577899,29.31082761,FEMALE,ADULT,7,2,0
2007,DEC,MATABELELAND SOUTH,UMZINGWANE,RESETTLEMENT,-20.33814447,29.01917503,all,ADULT,84,3,0
2007,DEC,MATABELELAND SOUTH,INSIZA,COMMERCIAL,-20.07768302,29.59606956,all,ALL,900,5,0
2007,DEC,MATABELELAND SOUTH,INSIZA,RESETTLEMENT,-20.29410822,29.61592691,FEMALE,ALL,22,1,0
2007,DEC,MATABELELAND SOUTH,INSIZA,COMMUNAL,-20.29410822,29.61592691,FEMALE,ALL,9,1,0
2000,JUL,MIDLANDS,ZVISHAVANE,COMMUNAL,-20.66750873,29.97620248,ALL,ADULT,16,3,0
2009,MAY,MIDLANDS,CHIRUMANZU,RESETTLEMENT,-19.70268966,30.71856256,FEMALE,ADULT,1243,2,0
2007,APR,MIDLANDS,MBERENGWA,COMMERCIAL,-20.34254258,29.97467513,MALE,ADULT,887,7,0
2007,DEC,MATABELELAND SOUTH,INSIZA,RESETTLEMENT,-20.35830749,29.54899378,FEMALE,ADULT,10,1,0
2009,MAY,MIDLANDS,CHIRUMANZU,RESETTLEMENT,-19.44468553,30.3438632,MALE,ADULT,1464,4,0
2009,AUG,MIDLANDS,CHIRUMANZU,COMMUNAL,-17.0067493,31.21809208,ALL,ADULT,11,2,0
2007,DEC,MATABELELAND SOUTH,INSIZA,COMMUNAL,-20.12272387,29.60350411,MALE,ALL,19,1,0
2007,DEC,MATABELELAND SOUTH,INSIZA,COMMUNAL,-20.12272387,29.60350411,MALE,ALL,19,1,0
2007,DEC,MATABELELAND SOUTH,INSIZA,COMMUNAL,-20.12272387,29.60350411,FEMALE,ALL,5,2,1
2009,SEP,MIDLANDS,CHIRUMANZU,RESETTLEMENT,-22.34586954,30.00959547,ALL,ADULT,23,3,0
2009,OCT,MIDLANDS,CHIRUMANZU,COMMUNAL,-17.0067493,31.21809208,FEMALE,ADULT,23,1,0
2009,OCT,MIDLANDS,CHIRUMANZU,COMMUNAL,-19.4795,30.26588,MALE,ADULT,16,1,0
2009,NOV,MIDLANDS,CHIRUMANZU,COMMUNAL,-17.0067493,31.21809208,FEMALE,ADULT,6,1,0
2007,DEC,MATABELELAND SOUTH,UMZINGWANE,RESETTLEMENT,-20.78003736,29.07781838,FEMALE,ADULT,5,1,0
2007,DEC,MATABELELAND SOUTH,GWANDA,COMMUNAL,-20.78003736,29.07781838,FEMALE,ADULT,4,2,1
2009,NOV,MIDLANDS,CHIRUMANZU,COMMUNAL,-21.24739105,28.43108836,MALE,ADULT,12,1,0
2000,AUG,MATABELELAND SOUTH,MATOBO,COMMUNAL,-20.12272387,29.60350411,ALL,ADULT,2,2,0
2007,DEC,MATABELELAND SOUTH,INSIZA,RESETTLEMENT,-20.12272387,29.60350411,FEMALE,ALL,13,2,1
2009,DEC,MIDLANDS,CHIRUMANZU,RESETTLEMENT,-20.12272387,29.60350411,FEMALE,ADULT,14,1,0
2007,DEC,MATABELELAND SOUTH,INSIZA,RESETTLEMENT,-21.45435819,30.68904797,all,ALL,99,7,2
2000,AUG,MASVINGO,MWENEZI,COMMERCIAL,-21.37675352,30.97277985,MALE,ADULT,450,2,0
2007,APR,MASVINGO,CHIVI,RESETTLEMENT,-19.43738653,30.46482858,ALL,ALL,2148,,0
2007,APR,MASVINGO,GUTU,COMMUNAL,-20.14719348,29.77499212,ALL,ALL,2688,,0
2007,APR,MIDLANDS,MBERENGWA,RESETTLEMENT,-17.0067493,31.21809208,ALL,ALL,936,44,11
2007,APR,MIDLANDS,KWEKWE,COMMUNAL,-22.47424392,29.34510688,ALL,ADULT,5,2,0
2007,DEC,MATABELELAND SOUTH,BEITBRIDGE,COMMUNAL,-21.92216912,29.43273574,all,ADULT,77,17,0
2007,DEC,MATABELELAND SOUTH,BEITBRIDGE,COMMUNAL,-17.98433392,29.45514694,all,ALL,75,5,0
2000,AUG,MASHONALAND WEST,KADOMA,COMMERCIAL,-20.33235077,29.47007117,ALL,ALL,728,4,0
2007,DEC,MATABELELAND SOUTH,INSIZA,RESETTLEMENT,-17.34645311,29.1558618,all,ALL,1557,19,7
2000,AUG,MIDLANDS,GOKWE,COMMUNAL,-21.33505916,31.2837582,FEMALE,ADULT,36,1,0
2007,APR,MASVINGO,CHIREDZI,RESETTLEMENT,-20.12272387,29.60350411,ALL,ALL,739,,0
2007,DEC,MATABELELAND SOUTH,INSIZA,RESETTLEMENT,-17.15131332,31.21575033,FEMALE,ALL,15,2,1
2009,MAY,MIDLANDS,CHIRUMANZU,COMMUNAL,-20.76433848,28.87213078,FEMALE,ADULT,8,1,0
2007,DEC,MATABELELAND SOUTH,GWANDA,COMMUNAL,-20.76433848,28.87213078,FEMALE,ADULT,12,1,0
2009,SEP,MIDLANDS,CHIRUMANZU,COMMUNAL,-19.1502,30.65283,FEMALE,ADULT,774,2,0
2009,OCT,MIDLANDS,CHIRUMANZU,COMMUNAL,-20.38822831,29.34747759,FEMALE,ADULT,580,3,0
2007,DEC,MATABELELAND SOUTH,GWANDA,COMMUNAL,-20.38822831,29.34747759,FEMALE,ADULT,15,5,1
2009,DEC,MIDLANDS,CHIRUMANZU,RESETTLEMENT,#REF!,#REF!,ALL,ALL,626,3,1
2007,DEC,MATABELELAND SOUTH,GWANDA,COMMUNAL,-19.35472124,30.36720439,FEMALE,ADULT,28,2,1
2007,APR,MIDLANDS,MVUMA,RESETTLEMENT,-19.0301723,32.77006392,FEMALE,ADULT,902,1,1
2000,AUG,MANICALAND,CHIMANIMANI,COMMUNAL,-20.21621054,29.97134687,ALL,ALL,10,3,0
2007,APR,MIDLANDS,ZVISHAVANE,COMMUNAL,-19.71499915,29.00747298,ALL,ADULT,7,4,2
2000,AUG,MATEBELELAND NORTH,BUBI,RESETTLEMENT,-18.64778956,29.11867252,MALE,ADULT,17,3,1
2000,AUG,MIDLANDS,KWEKWE,COMMUNAL,-17.60241691,28.86125307,ALL,ALL,1409,3,0
2010,APR,MATEBELELAND NORTH,LUPANE,COMMUNAL,-20.7438337,29.08404391,ALL,ALL,10,7,0
2007,APR,MIDLANDS,GOKWE,COMMUNAL,-17.54048241,31.28453211,ALL,ADULT,17,2,0
2007,DEC,MATABELELAND SOUTH,GWANDA,COMMUNAL,-20.7438337,29.08404391,all,ADULT,17,4,1
2008,JAN,MATABELELAND SOUTH,BULILIMA,RESETTLEMENT,-21.21904473,30.65133341,FEMALE,ADULT,20,2,0
2011,MAR,MATEBELELAND NORTH,LUPANE,COMMUNAL,-19.15615463,32.49410808,MALE,JUVENILE,,1,0
2008,JAN,MATABELELAND SOUTH,MATOBO,COMMUNAL,#REF!,#REF!,all,ADULT,23,3,1
2011,APR,MATEBELELAND NORTH,LUPANE,COMMUNAL,-18.43071824,28.07569292,FEMALE,ADULT,18,1,0
2000,AUG,MANICALAND,CHIMANIMANI,COMMUNAL,-21.08773431,29.02724706,ALL,ADULT,20,1,0
2008,JAN,MATABELELAND SOUTH,BULILIMA,COMMERCIAL,-20.78409682,29.45430384,all,ADULT,45,4,0
2000,AUG,MANICALAND,MUTARE,COMMUNAL,-20.38822831,29.34747759,MALE,ADULT,6,2,0
2000,AUG,MASVINGO,MWENEZI,COMMERCIAL,-18.54218313,32.86355484,FEMALE,ADULT,20,7,2
2000,AUG,MATABELELAND SOUTH,GWANDA,COMMUNAL,-20.38822831,29.34747759,FEMALE,ADULT,25,1,0
2000,AUG,MATABELELAND SOUTH,INSIZA,RESETTLEMENT,-17.68911167,29.21458981,ALL,ADULT,20,3,0
2008,JAN,MATABELELAND SOUTH,INSIZA,COMMUNAL,-20.26480991,29.11019109,MALE,ADULT,2,1,1
2000,AUG,MANICALAND,MUTASA,COMMUNAL,-21.4660624,29.10868101,ALL,ADULT,550,6,0
2008,JAN,MATABELELAND SOUTH,INSIZA,COMMUNAL,-21.31356323,29.0245781,MALE,ADULT,2,2,1
2007,APR,MIDLANDS,GOKWE,COMMERCIAL,-17.68911167,29.21458981,MALE,ADULT,21,2,0
2008,JAN,MATABELELAND SOUTH,GWANDA,COMMUNAL,-20.26480991,29.11019109,all,ALL,7,4,1
2008,JAN,MATABELELAND SOUTH,GWANDA,RESETTLEMENT,-21.4660624,29.10868101,all,ADULT,35,5,0
2008,JAN,MATABELELAND SOUTH,GWANDA,RESETTLEMENT,-21.31356323,29.0245781,FEMALE,ADULT,16,5,0
2000,AUG,MANICALAND,MUTARE,RESETTLEMENT,-19.3631303,32.23740572,FEMALE,ADULT,742,2,0
2000,AUG,MANICALAND,MUTARE,RESETTLEMENT,-19.3631303,32.23740572,MALE,ADULT,742,1,0
2008,JAN,MATABELELAND SOUTH,MANGWE,COMMUNAL,-20.80833449,27.89852018,all,ALL,2687,24,0
2008,JAN,MATABELELAND SOUTH,MATOBO,RESETTLEMENT,-21.06587041,28.52750523,FEMALE,ADULT,21,5,3
2007,APR,MIDLANDS,MBERENGWA,RESETTLEMENT,-19.92176401,29.75576998,ALL,ALL,150,23,6
2008,JAN,MATABELELAND SOUTH,BULILIMA,RESETTLEMENT,#REF!,#REF!,FEMALE,ADULT,29,2,0
2007,APR,MIDLANDS,GWERU,COMMUNAL,-19.2565143,30.62173419,MALE,ADULT,20,1,0
2000,AUG,MASHONALAND CENTRAL,SHAMVA,RESETTLEMENT,-16.50437125,31.72107721,MALE,ADULT,12,1,0
2008,JAN,MATABELELAND SOUTH,INSIZA,RESETTLEMENT,-20.33235077,29.47007117,all,ALL,1515,197,34
2008,JAN,MATABELELAND SOUTH,UMZINGWANE,RESETTLEMENT,-20.13917662,29.04053335,all,ADULT,20,2,2
2008,JAN,MATABELELAND SOUTH,INSIZA,COMMUNAL,-20.38822831,29.34747759,FEMALE,ADULT,12,1,0
2008,JAN,MATABELELAND SOUTH,GWANDA,COMMERCIAL,-21.539258,29.03253847,FEMALE,ADULT,4,4,0
2008,JAN,MATABELELAND SOUTH,MANGWE,COMMUNAL,-21.42844265,28.38653852,all,ALL,2048,17,0
2008,JAN,MATABELELAND SOUTH,GWANDA,COMMUNAL,-20.66957716,29.24335196,MALE,ADULT,10,3,1
2007,APR,MIDLANDS,ZVISHAVANE,COMMUNAL,-19.88716608,30.34413979,ALL,ADULT,14,2,0
2008,JAN,MATABELELAND SOUTH,GWANDA,RESETTLEMENT,-21.28473425,29.16390549,MALE,ADULT,22,4,0
2008,JAN,MATABELELAND SOUTH,GWANDA,COMMUNAL,-20.78003736,29.07781838,FEMALE,ADULT,6,1,0
2009,JUN,MIDLANDS,CHIRUMANZU,COMMUNAL,-18.17681885,28.21684315,FEMALE,ADULT,9,3,0
2000,AUG,MASVINGO,MWENEZI,COMMUNAL,-21.47738456,30.41183733,ALL,ADULT,4,2,0
2008,JAN,MATABELELAND SOUTH,INSIZA,RESETTLEMENT,-20.30373302,29.57584459,all,ALL,1526,29,9
2008,JAN,MATABELELAND SOUTH,GWANDA,COMMUNAL,-19.98840958,28.78162909,FEMALE,ADULT,10,1,0
2000,AUG,MANICALAND,BUHERA,COMMUNAL,-19.89296453,31.66746659,MALE,ADULT,20,1,0
2008,JAN,MATABELELAND SOUTH,GWANDA,RESETTLEMENT,-21.53922268,29.03543369,FEMALE,ADULT,4,3,0
2007,APR,MIDLANDS,GOKWE,COMMUNAL,-18.10521463,29.1668439,FEMALE,JUVENILE,5,1,0
2008,JAN,MATABELELAND SOUTH,INSIZA,RESETTLEMENT,-20.42340282,29.41689417,all,ALL,699,6,4
2008,JAN,MATABELELAND SOUTH,INSIZA,RESETTLEMENT,-20.77616278,29.37640703,all,ALL,14,4,3
2000,AUG,MANICALAND,BUHERA,COMMUNAL,-19.44272106,31.897843,ALL,ALL,45,3,0
2009,SEP,MIDLANDS,CHIRUMANZU,RESETTLEMENT,-19.1558616,30.35422415,FEMALE,ADULT,15,1,0
2008,JAN,MATABELELAND SOUTH,MATOBO,COMMUNAL,-21.33595933,28.62572855,all,ALL,24,24,0
2008,JAN,MATABELELAND SOUTH,MATOBO,COMMERCIAL,#REF!,#REF!,all,ALL,348,6,1
2000,AUG,MANICALAND,MAKONI,COMMUNAL,-18.51394015,32.33313166,FEMALE,ADULT,3,2,0
2008,JAN,MATABELELAND SOUTH,MANGWE,COMMUNAL,-20.7078849,28.08222933,all,ALL,933,12,0
2007,APR,MIDLANDS,ZVISHAVANE,COMMUNAL,-19.88716608,30.34413979,ALL,ADULT,23,3,0
2007,APR,MIDLANDS,GOKWE,COMMUNAL,-18.17772792,28.06369489,MALE,ADULT,6,1,0
2007,APR,MIDLANDS,GOKWE,COMMUNAL,-17.27018007,28.61988766,FEMALE,ADULT,8,1,0
2009,JAN,MASVINGO,CHIVI,COMMUNAL,-20.27824756,30.53563892,ALL,ALL,5,5,0
2000,AUG,MANICALAND,BUHERA,COMMUNAL,-19.29252623,31.19381813,FEMALE,ADULT,7,8,7
2008,JAN,MATABELELAND SOUTH,GWANDA,RESETTLEMENT,-21.59314117,29.05742006,FEMALE,ADULT,33,1,0
2009,JAN,MASVINGO,ZAKA,COMMUNAL,-20.75793639,31.38727649,FEMALE,ADULT,,2,0
2000,AUG,MANICALAND,MUTASA,COMMUNAL,-18.45180077,32.87214972,ALL,ADULT,1035,9,0
2000,AUG,MANICALAND,MUTARE,COMMUNAL,-19.26491575,32.62078422,ALL,ADULT,12,2,0
2009,JAN,MASVINGO,MWENEZI,COMMUNAL,-21.33482639,30.53867724,ALL,ALL,2188,12,0
2009,JAN,MASVINGO,MWENEZI,COMMUNAL,-21.64290016,30.61172336,ALL,ALL,2323,8,0
2008,JAN,MATABELELAND SOUTH,UMZINGWANE,COMMUNAL,-20.44907881,28.78681562,MALE,ADULT,5,1,0
2008,JAN,MATABELELAND SOUTH,GWANDA,COMMUNAL,-21.20738672,28.83145933,FEMALE,ADULT,50,3,0
2008,JAN,MATABELELAND SOUTH,MATOBO,COMMERCIAL,-21.33595933,28.62572855,all,ALL,43,3,0
2008,JAN,MATABELELAND SOUTH,BEITBRIDGE,COMMUNAL,-21.9534466,30.26009411,all,ALL,12,1,0
2009,JAN,MASVINGO,CHIREDZI,COMMUNAL,-22.52720354,31.27229687,ALL,ALL,992,4,0
2010,MAR,MIDLANDS,CHIRUMANZU,RESETTLEMENT,-18.17681885,28.21684315,FEMALE,ADULT,5,1,0
2007,APR,MIDLANDS,GOKWE,COMMUNAL,-21.5121681,29.03215188,ALL,ALL,45,21,3
2008,JAN,MATABELELAND SOUTH,GWANDA,RESETTLEMENT,-17.44663292,29.08079189,MALE,ADULT,15,1,0
2007,APR,MIDLANDS,GOKWE,COMMUNAL,-21.24373052,28.81171553,FEMALE,ADULT,16,1,0
2008,JAN,MATABELELAND SOUTH,GWANDA,COMMUNAL,-20.56629058,28.80833533,all,ADULT,57,3,0
2010,MAR,MIDLANDS,CHIRUMANZU,RESETTLEMENT,-18.61977922,29.19789961,FEMALE,ADULT,15,1,0
2000,SEP,MATABELELAND SOUTH,UMZINGWANE,COMMUNAL,-19.65477379,30.51100443,ALL,ADULT,19,2,0
2007,APR,MIDLANDS,GOKWE,COMMUNAL,-21.59314117,29.05742006,ALL,ADULT,21,2,0
2007,APR,MIDLANDS,MVUMA,RESETTLEMENT,-20.86197904,29.02329126,ALL,ADULT,1158,3,1
2008,JAN,MATABELELAND SOUTH,GWANDA,RESETTLEMENT,-19.53297157,31.87912448,FEMALE,ADULT,16,1,0
2008,JAN,MATABELELAND SOUTH,GWANDA,RESETTLEMENT,-18.88226323,31.86931358,FEMALE,ADULT,14,2,0
2000,SEP,MANICALAND,BUHERA,COMMUNAL,-20.33235077,29.47007117,ALL,ALL,2031,10,0
2000,SEP,MANICALAND,MAKONI,COMMUNAL,-20.0351916,29.40811898,FEMALE,ADULT,6,1,0
2000,SEP,MATABELELAND SOUTH,INSIZA,RESETTLEMENT,-21.0466808,31.35243524,ALL,ADULT,25,1,0
2008,JAN,MATABELELAND SOUTH,INSIZA,COMMUNAL,-20.33853906,30.33655515,all,ADULT,40,5,0
2009,JAN,MASVINGO,CHIREDZI,COMMUNAL,-17.34535595,28.2131252,ALL,ADULT,1458,5,0
2009,JAN,MASVINGO,CHIVI,COMMUNAL,-20.69940184,29.02295908,ALL,ALL,1264,261,0
2007,APR,MIDLANDS,GOKWE,COMMUNAL,-20.26480991,29.11019109,ALL,ALL,9,4,0
2008,JAN,MATABELELAND SOUTH,UMZINGWANE,COMMERCIAL,-20.54558123,29.04588628,FEMALE,ADULT,133,2,0
2008,JAN,MATABELELAND SOUTH,GWANDA,COMMUNAL,-20.44907881,28.78681562,FEMALE,ADULT,7,1,0
2008,JAN,MATABELELAND SOUTH,UMZINGWANE,COMMUNAL,-17.61043994,32.45617351,all,ALL,35,4,0
2008,JAN,MATABELELAND SOUTH,UMZINGWANE,COMMUNAL,-20.76742528,29.35512944,FEMALE,ADULT,5,2,0
2000,SEP,MANICALAND,MAKONI,COMMUNAL,-18.36099892,27.41655189,ALL,ALL,10,6,0
2008,JAN,MATABELELAND SOUTH,INSIZA,COMMERCIAL,-18.90059712,28.08716587,FEMALE,ADULT,22,1,0
2000,SEP,MATEBELELAND NORTH,BINGA,COMMUNAL,-20.76742528,29.35512944,ALL,ADULT,11,3,0
2007,APR,MIDLANDS,GOKWE,COMMUNAL,-19.3999321,30.37123556,FEMALE,ADULT,12,2,0
2008,JAN,MATABELELAND SOUTH,INSIZA,COMMUNAL,-19.46976207,29.12445486,MALE,ADULT,8,1,0
2007,APR,MIDLANDS,MVUMA,RESETTLEMENT,-20.76264042,29.02191764,FEMALE,ADULT,645,1,0
2008,JAN,MATABELELAND SOUTH,INSIZA,COMMERCIAL,-19.98935403,28.68506223,all,ALL,229,12,0
2008,JAN,MATABELELAND SOUTH,UMZINGWANE,COMMUNAL,-20.76264042,29.02191764,all,ADULT,31,4,0
2008,JAN,MATABELELAND SOUTH,UMZINGWANE,COMMUNAL,-20.76742528,29.35512944,all,ADULT,4,0,0
2009,NOV,MIDLANDS,CHIRUMANZU,COMMUNAL,-20.76742528,29.35512944,MALE,ADULT,18,1,0
2008,JAN,MATABELELAND SOUTH,INSIZA,COMMUNAL,-20.69577899,29.31082761,all,ALL,18,3,1
2010,FEB,MATEBELELAND NORTH,BINGA,COMMUNAL,-20.43111215,28.77700647,ALL,ADULT,7,3,0
2008,JAN,MATABELELAND SOUTH,INSIZA,COMMUNAL,-21.59864908,29.32488037,all,ALL,18,2,1
2008,JAN,MATABELELAND SOUTH,INSIZA,COMMERCIAL,-20.44654182,29.01870958,all,ADULT,19,2,1
2000,SEP,MATEBELELAND NORTH,TSHOLOTSHO,COMMERCIAL,-17.49720498,31.52131504,MALE,ADULT,12,1,0
2008,JAN,MATABELELAND SOUTH,INSIZA,COMMUNAL,-20.44654182,29.01870958,all,ADULT,19,2,1
2000,SEP,MATABELELAND SOUTH,UMZINGWANE,COMMUNAL,-20.62632192,30.26249348,FEMALE,ADULT,4,4,0
2000,SEP,MATABELELAND SOUTH,UMZINGWANE,COMMUNAL,-20.10391356,29.6538219,FEMALE,ADULT,4,4,0
2007,APR,MIDLANDS,ZVISHAVANE,COMMUNAL,-20.62632192,30.26249348,ALL,ADULT,21,4,0
2008,JAN,MATABELELAND SOUTH,GWANDA,COMMERCIAL,-21.36765858,29.67595889,all,ADULT,85,5,0
2008,JAN,MATABELELAND SOUTH,GWANDA,COMMERCIAL,-20.10391356,29.6538219,all,ALL,22,8,3
2008,JAN,MATABELELAND SOUTH,GWANDA,COMMERCIAL,-21.0066102,29.66946449,all,ALL,85,5,0
2008,JAN,MATABELELAND SOUTH,GWANDA,RESETTLEMENT,-21.28473425,29.16390549,FEMALE,ADULT,13,5,0
2008,JAN,MATABELELAND SOUTH,MATOBO,COMMERCIAL,-21.3378125,28.4213583,all,ADULT,555,10,0
2000,SEP,MANICALAND,MUTARE,COMMUNAL,-19.71560871,32.24396447,ALL,ADULT,16,2,0
2008,JAN,MATABELELAND SOUTH,INSIZA,COMMUNAL,-20.38822831,29.34747759,FEMALE,ADULT,5,1,0
2008,JAN,MATABELELAND SOUTH,INSIZA,COMMUNAL,-20.24498687,29.251546,FEMALE,ADULT,20,1,0
2008,JAN,MATABELELAND SOUTH,INSIZA,COMMUNAL,-20.24498687,29.251546,FEMALE,ADULT,20,1,0
2008,JAN,MATABELELAND SOUTH,INSIZA,COMMUNAL,-20.38822831,29.34747759,FEMALE,ADULT,5,1,0
2008,JAN,MATABELELAND SOUTH,INSIZA,COMMUNAL,-20.24498687,29.251546,FEMALE,ADULT,20,1,0
2000,SEP,MIDLANDS,KWEKWE,COMMUNAL,-18.66339744,29.32641749,ALL,ALL,17,2,0
2008,JAN,MATABELELAND SOUTH,MATOBO,COMMERCIAL,-20.70421587,28.56033286,all,ADULT,641,8,0
2008,JAN,MATABELELAND SOUTH,MATOBO,COMMERCIAL,-20.16287109,28.47739003,all,ADULT,900,4,0
2000,SEP,MASHONALAND WEST,KADOMA,COMMERCIAL,-18.18491934,29.96247254,FEMALE,ADULT,175,24,0
2008,FEB,MATABELELAND SOUTH,BEITBRIDGE,COMMUNAL,-22.46271002,31.15742621,all,ALL,750,20,0
2009,DEC,MIDLANDS,CHIRUMANZU,RESETTLEMENT,-19.35743,30.70535,ALL,ADULT,811,4,0
2008,FEB,MATABELELAND SOUTH,BEITBRIDGE,COMMUNAL,-21.9534466,30.26009411,all,ALL,1400,11,0
2011,APR,MIDLANDS,CHIRUMANZU,COMMUNAL,-22.32090906,30.66624662,ALL,ADULT,1507,1,0
2008,FEB,MATABELELAND SOUTH,BEITBRIDGE,RESETTLEMENT,-21.67745963,29.49423195,all,ALL,80,15,6
2008,FEB,MATABELELAND SOUTH,GWANDA,COMMUNAL,-21.60195529,29.7034341,FEMALE,ADULT,20,1,0
2008,FEB,MATABELELAND SOUTH,GWANDA,RESETTLEMENT,-19.89508358,31.98933962,all,JUVENILE,68,10,0
2010,MAR,MATEBELELAND NORTH,BINGA,COMMUNAL,-18.95778284,30.39628624,ALL,ALL,10,1,0
2000,SEP,MASHONALAND EAST,UMP,COMMUNAL,-21.42638427,28.61611652,ALL,ALL,36,1,0
2007,APR,MIDLANDS,MVUMA,RESETTLEMENT,-17.7784509,30.6986183,ALL,ADULT,840,5,1
2008,FEB,MATABELELAND SOUTH,MATOBO,COMMUNAL,-18.09509705,29.26119178,all,ADULT,11,2,0
2007,APR,MIDLANDS,KWEKWE,COMMUNAL,-17.35439956,28.2122436,ALL,ALL,29,6,0
2000,SEP,MANICALAND,BUHERA,COMMUNAL,-22.42910851,29.34434763,MALE,ADULT,4,1,0
2007,APR,MIDLANDS,GOKWE,COMMUNAL,-19.26184967,31.87527071,MALE,ADULT,2,2,0
2008,FEB,MATABELELAND SOUTH,BEITBRIDGE,COMMUNAL,-21.37899231,28.83264159,all,ALL,20,0,20
2000,SEP,MANICALAND,BUHERA,COMMUNAL,-20.0954707,29.61452236,MALE,ADULT,18,1,0
2008,FEB,MATABELELAND SOUTH,GWANDA,RESETTLEMENT,-19.98935403,28.68506223,all,ADULT,243,5,0
2008,FEB,MATABELELAND SOUTH,INSIZA,COMMUNAL,-16.79785692,31.1008847,all,ADULT,55,6,0
2008,FEB,MATABELELAND SOUTH,INSIZA,COMMUNAL,-19.45380898,29.6497743,FEMALE,JUVENILE,7,1,0
2007,MAY,MIDLANDS,GWERU,RESETTLEMENT,-18.15125606,29.08806931,ALL,ALL,881,3,0
2008,FEB,MATABELELAND SOUTH,BEITBRIDGE,COMMUNAL,-22.14656371,30.47925752,all,ALL,75,12,0
2000,SEP,MIDLANDS,KWEKWE,COMMERCIAL,-18.17561778,28.3936134,ALL,ADULT,78,3,0
2008,FEB,MATABELELAND SOUTH,BEITBRIDGE,RESETTLEMENT,-21.65767102,30.39321014,all,ALL,1340,18,0
2007,MAY,MIDLANDS,GOKWE,COMMUNAL,-20.72419104,29.21048325,FEMALE,JUVENILE,6,1,0
2007,MAY,MIDLANDS,MBERENGWA,COMMUNAL,-16.94761744,30.72399695,ALL,ADULT,1460,15,2
2008,FEB,MATABELELAND SOUTH,GWANDA,COMMUNAL,-20.58740171,29.31111806,all,ALL,28,4,1
2000,OCT,MATABELELAND SOUTH,INSIZA,COMMUNAL,-20.70711196,29.13249228,ALL,ADULT,1,1,0
2008,FEB,MATABELELAND SOUTH,GWANDA,COMMUNAL,-20.74709442,28.79510295,all,ALL,6,4,3
2008,FEB,MATABELELAND SOUTH,UMZINGWANE,COMMUNAL,-19.80705251,32.56652655,FEMALE,ADULT,8,1,0
2007,MAY,MIDLANDS,MBERENGWA,COMMUNAL,-20.77616278,29.37640703,MALE,ADULT,2075,2,1
2000,OCT,MANICALAND,MUTARE,COMMUNAL,-20.9634898,30.4630243,ALL,ALL,7,2,1
2008,FEB,MATABELELAND SOUTH,INSIZA,RESETTLEMENT,-20.60558825,29.30181099,all,ALL,9,1,0
2000,OCT,MASVINGO,MWENEZI,COMMERCIAL,-21.55297779,29.36187086,ALL,ALL,191,9,0
2008,FEB,MATABELELAND SOUTH,GWANDA,RESETTLEMENT,-19.02652153,28.18398041,all,JUVENILE,27,3,0
2008,FEB,MATABELELAND SOUTH,GWANDA,COMMUNAL,-21.03658865,28.75337038,MALE,JUVENILE,51,3,2
2000,OCT,MATEBELELAND NORTH,UMGUZA,COMMUNAL,-18.35319772,28.77351416,ALL,ADULT,48,3,0
2008,FEB,MATABELELAND SOUTH,UMZINGWANE,COMMUNAL,-19.40458858,29.28447303,FEMALE,ADULT,10,1,0
2007,MAY,MIDLANDS,GOKWE,COMMUNAL,-20.70711196,29.13249228,FEMALE,ADULT,5,1,0
2007,MAY,MIDLANDS,KWEKWE,COMMUNAL,-21.07009853,30.34876547,FEMALE,ADULT,6,2,1
2008,FEB,MATABELELAND SOUTH,GWANDA,COMMUNAL,#INVALID MGRS GRID REFERENCE,#INVALID MGRS GRID REFERENCE,all,ALL,12,6,1
2007,MAY,MIDLANDS,MBERENGWA,COMMUNAL,-20.47574932,27.44977158,ALL,ALL,941,11,3
2000,OCT,MANICALAND,MUTARE,COMMUNAL,-18.45180077,32.87214972,MALE,ADULT,12,2,0
2008,FEB,MATABELELAND SOUTH,BULILIMA,COMMUNAL,-20.21360649,27.47863987,all,ALL,1402,127,19
2000,OCT,MANICALAND,MUTASA,COMMUNAL,-16.65435225,31.22228459,ALL,ALL,6,5,1
2008,FEB,MATABELELAND SOUTH,BULILIMA,COMMERCIAL,-20.44894163,27.3116336,all,ALL,1821,60,12
2008,FEB,MATABELELAND SOUTH,BULILIMA,COMMUNAL,-17.7874831,30.69850259,all,ALL,1523,27,5
2008,FEB,MATABELELAND SOUTH,MATOBO,COMMUNAL,-18.46824412,32.20262257,FEMALE,ADULT,14,1,0
2008,FEB,MATABELELAND SOUTH,BEITBRIDGE,COMMUNAL,-16.63651945,31.25064255,all,ALL,25,8,0
2000,OCT,MANICALAND,MAKONI,COMMUNAL,-17.48864106,29.36368899,FEMALE,JUVENILE,12,2,0
2000,OCT,MASHONALAND WEST,KADOMA,COMMERCIAL,-17.33405464,29.44822196,FEMALE,ADULT,728,1,0
2000,OCT,MANICALAND,MUTASA,COMMUNAL,-20.88611134,28.42090788,FEMALE,ADULT,3,1,0
2000,OCT,MASHONALAND WEST,KADOMA,COMMUNAL,-20.22749914,29.83474934,ALL,ADULT,650,1,0
2000,OCT,MATABELELAND SOUTH,MATOBO,COMMUNAL,-21.32367776,29.60195291,ALL,ADULT,1,1,0
2011,APR,MIDLANDS,CHIRUMANZU,RESETTLEMENT,-17.98433392,29.45514694,MALE,ADULT,658,1,0
2007,MAY,MIDLANDS,MBERENGWA,RESETTLEMENT,-15.60353504,24.13263207,ALL,ADULT,1214,13,0
2008,FEB,MATABELELAND SOUTH,GWANDA,RESETTLEMENT,-21.42577711,28.67784692,FEMALE,ADULT,48,2,0
2000,OCT,MASHONALAND WEST,KADOMA,COMMERCIAL,#INVALID MGRS GRID REFERENCE,#INVALID MGRS GRID REFERENCE,MALE,ADULT,729,1,0
2000,OCT,MIDLANDS,MBERENGWA,COMMERCIAL,-20.3471974,29.01742531,ALL,ADULT,300,7,0
2008,FEB,MATABELELAND SOUTH,MATOBO,RESETTLEMENT,-22.00648143,30.19325189,all,ALL,200,30,0
2008,FEB,MATABELELAND SOUTH,UMZINGWANE,COMMUNAL,-21.539258,29.03253847,FEMALE,ADULT,6,3,0
2008,FEB,MATABELELAND SOUTH,BEITBRIDGE,COMMUNAL,-22.31388521,30.22102833,all,ALL,2000,15,0
2008,FEB,MATABELELAND SOUTH,GWANDA,RESETTLEMENT,-21.81368804,30.55859252,FEMALE,ADULT,72,1,1
2000,OCT,MANICALAND,MUTASA,COMMUNAL,-19.16579144,28.83146301,MALE,ADULT,6,1,0
2008,FEB,MATABELELAND SOUTH,BEITBRIDGE,COMMUNAL,-20.04095065,27.7525699,all,ADULT,6,3,0
2008,FEB,MATABELELAND SOUTH,BEITBRIDGE,COMMUNAL,-17.04179328,31.09656887,all,ALL,1400,25,0
2000,OCT,MATEBELELAND NORTH,NKAYI,COMMUNAL,-21.98297375,30.41049029,ALL,ADULT,4,1,0
2008,FEB,MATABELELAND SOUTH,BULILIMA,COMMUNAL,-16.09761058,31.71986174,all,ALL,1088,20,2
2008,FEB,MATABELELAND SOUTH,BEITBRIDGE,COMMUNAL,-20.83615614,28.91243634,all,ALL,54,4,0
2008,FEB,MATABELELAND SOUTH,GWANDA,COMMERCIAL,-17.27018007,28.61988766,all,ADULT,98,6,0
2008,FEB,MATABELELAND SOUTH,GWANDA,RESETTLEMENT,-20.83615614,28.91243634,FEMALE,ADULT,38,9,0
2007,MAY,MIDLANDS,GOKWE,COMMUNAL,-17.27018007,28.61988766,FEMALE,ADULT,10,1,0
2007,MAY,MIDLANDS,KWEKWE,COMMERCIAL,-19.27971047,29.81811314,ALL,ALL,87,9,0
2010,FEB,MIDLANDS,KWEKWE,RESETTLEMENT,-18.52060424,31.84140004,FEMALE,ADULT,23,1,0
2000,OCT,MANICALAND,MAKONI,COMMUNAL,-17.7874831,30.69850259,MALE,ADULT,18,2,0
2008,FEB,MATABELELAND SOUTH,INSIZA,RESETTLEMENT,-22.46271002,31.15742621,all,ALL,18,2,0
2010,FEB,MIDLANDS,KWEKWE,COMMUNAL,#INVALID MGRS GRID REFERENCE,#INVALID MGRS GRID REFERENCE,MALE,ADULT,5,1,0
2008,FEB,MATABELELAND SOUTH,BEITBRIDGE,COMMUNAL,-20.34658922,28.06149121,all,ALL,950,27,0
2008,FEB,MATABELELAND SOUTH,MATOBO,RESETTLEMENT,-20.05555988,29.23250733,all,ADULT,500,20,0
2008,FEB,MATABELELAND SOUTH,UMZINGWANE,RESETTLEMENT,-20.40986685,30.27782302,all,ADULT,854,8,0
2008,FEB,MATABELELAND SOUTH,INSIZA,COMMUNAL,-17.78381807,31.21245422,all,ALL,3,1,0
2007,MAY,MIDLANDS,ZVISHAVANE,COMMUNAL,-19.92176401,29.75576998,ALL,ALL,9,2,0
2000,OCT,MASHONALAND CENTRAL,BINDURA,COMMUNAL,-17.27018007,28.61988766,FEMALE,ADULT,2023,2,0
2007,MAY,MIDLANDS,MBERENGWA,RESETTLEMENT,-20.52133819,28.78765294,ALL,ALL,1936,15,4
2010,FEB,MIDLANDS,KWEKWE,COMMUNAL,-16.65435225,31.22228459,ALL,ADULT,22,5,0
2007,MAY,MIDLANDS,GOKWE,COMMUNAL,-20.74709442,28.79510295,MALE,ALL,8,2,0
2008,FEB,MATABELELAND SOUTH,UMZINGWANE,COMMUNAL,-20.34942502,32.63113965,FEMALE,ADULT,6,1,1
2008,FEB,MATABELELAND SOUTH,UMZINGWANE,COMMUNAL,-17.86482715,28.82147068,MALE,JUVENILE,7,1,1
2000,OCT,MANICALAND,CHIPINGE,COMMUNAL,-20.04500525,29.34997767,ALL,JUVENILE,260,11,0
2000,OCT,MASHONALAND CENTRAL,GURUVE,COMMUNAL,-19.23843673,30.62323703,MALE,ADULT,1157,1,0
2007,MAY,MIDLANDS,GOKWE,COMMUNAL,-19.80099059,29.96733292,FEMALE,ADULT,6,1,0
2008,FEB,MATABELELAND SOUTH,INSIZA,COMMERCIAL,-18.52061584,31.84329449,FEMALE,ADULT,42,1,0
2007,MAY,MIDLANDS,GWERU,COMMUNAL,-19.2565143,30.62173419,ALL,ADULT,13,2,0
2007,MAY,MIDLANDS,SHURUGWI,RESETTLEMENT,-17.82915678,31.22992562,ALL,ALL,12,3,0
2000,NOV,MANICALAND,MAKONI,COMMUNAL,-20.21621054,29.97134687,ALL,ADULT,20,2,0
2007,MAY,MIDLANDS,GWERU,COMMUNAL,-16.65435225,31.22228459,ALL,ADULT,42,2,0
2000,NOV,MASHONALAND CENTRAL,BINDURA,COMMUNAL,-19.18346244,29.61025517,MALE,ADULT,2834,1,0
2000,NOV,MIDLANDS,ZVISHAVANE,RESETTLEMENT,-20.22961159,29.70087874,ALL,ADULT,2149,45,0
2007,MAY,MIDLANDS,GWERU,COMMUNAL,-18.35857257,28.04776185,FEMALE,ADULT,1968,1,0
2007,MAY,MIDLANDS,MBERENGWA,RESETTLEMENT,-21.15520986,28.63433875,ALL,ALL,1136,21,6
2000,NOV,MATABELELAND SOUTH,MATOBO,COMMUNAL,-16.79785692,31.1008847,FEMALE,ADULT,29,1,0
2007,MAY,MIDLANDS,GOKWE,COMMERCIAL,-21.01686471,27.75161236,ALL,ALL,37,2,0
2008,FEB,MATABELELAND SOUTH,MATOBO,RESETTLEMENT,-20.74709442,28.79510295,all,ALL,168,7,0
2008,FEB,MATABELELAND SOUTH,MANGWE,COMMUNAL,-20.42031459,27.79083806,all,ALL,1474,42,5
2008,FEB,MATABELELAND SOUTH,UMZINGWANE,COMMUNAL,-25.25342554,29.43240201,MALE,ADULT,8,1,1
2008,FEB,MATABELELAND SOUTH,MANGWE,COMMERCIAL,-17.03604174,31.48736633,all,ALL,1090,23,3
2008,FEB,MATABELELAND SOUTH,BEITBRIDGE,COMMUNAL,-20.74709442,28.79510295,all,ALL,34,4,0
2000,NOV,MANICALAND,BUHERA,COMMUNAL,-20.72846089,30.44585847,MALE,ADULT,10,2,0
2008,FEB,MATABELELAND SOUTH,UMZINGWANE,COMMUNAL,-19.62607797,32.48118146,FEMALE,ADULT,6,1,0
2000,NOV,MANICALAND,MUTARE,COMMUNAL,-20.77509634,29.45221897,ALL,ADULT,13,5,0
2007,MAY,MIDLANDS,MBERENGWA,COMMUNAL,-20.90869062,29.57841727,ALL,ALL,14,2,0
2000,NOV,MANICALAND,MUTARE,COMMUNAL,-20.42373132,29.97819677,ALL,ALL,4,4,0
2008,FEB,MATABELELAND SOUTH,INSIZA,COMMUNAL,#INVALID MGRS GRID REFERENCE,#INVALID MGRS GRID REFERENCE,all,ALL,63,9,0
2008,FEB,MATABELELAND SOUTH,INSIZA,COMMUNAL,-18.35319772,28.77351416,all,ADULT,25,3,0
2000,NOV,MIDLANDS,ZVISHAVANE,COMMUNAL,-17.30016632,28.21282862,ALL,ADULT,1544,33,0
2008,FEB,MATABELELAND SOUTH,MATOBO,COMMUNAL,-20.83627283,27.72282209,all,ALL,475,28,6
2007,MAY,MIDLANDS,GOKWE,COMMUNAL,-20.24945441,28.87159782,FEMALE,ADULT,7,1,0
2007,MAY,MIDLANDS,GOKWE,COMMUNAL,-20.86345616,27.70469788,ALL,ADULT,21,4,0
2008,FEB,MATABELELAND SOUTH,MANGWE,COMMUNAL,-20.83627283,27.72282209,all,ALL,1199,7,0
2008,FEB,MATABELELAND SOUTH,UMZINGWANE,COMMUNAL,-17.67234613,29.09565143,FEMALE,ADULT,9,1,0
2008,MAR,MATABELELAND SOUTH,MANGWE,COMMUNAL,-20.77269107,27.79739324,all,ALL,1138,32,8
2008,MAR,MATABELELAND SOUTH,GWANDA,RESETTLEMENT,-17.12318908,31.10418988,all,ADULT,29,1,0
2007,MAY,MIDLANDS,GOKWE,COMMERCIAL,-20.15754819,29.01397242,ALL,ADULT,14,4,0
2008,MAR,MATABELELAND SOUTH,MANGWE,COMMUNAL,-20.52369477,28.54219404,all,ALL,2317,36,3
2008,MAR,MATABELELAND SOUTH,UMZINGWANE,COMMERCIAL,-19.34696139,28.78303469,FEMALE,ADULT,61,0,0
2000,NOV,MATEBELELAND NORTH,TSHOLOTSHO,COMMERCIAL,-20.72419104,29.21048325,FEMALE,ADULT,13,2,0
2008,MAR,MATABELELAND SOUTH,BEITBRIDGE,COMMUNAL,-18.94246363,29.40052132,all,ALL,2500,7,0
2000,NOV,MATEBELELAND NORTH,BUBI,COMMERCIAL,-18.94246363,29.40052132,FEMALE,ADULT,100,1,0
2008,MAR,MATABELELAND SOUTH,GWANDA,COMMUNAL,-20.75917641,29.29739893,all,ADULT,32,8,4
2007,MAY,MIDLANDS,GOKWE,COMMUNAL,-22.57648127,29.73178443,FEMALE,ADULT,5,1,0
2007,MAY,MIDLANDS,GOKWE,COMMUNAL,-21.84803661,30.44197002,FEMALE,JUVENILE,7,2,1
2000,NOV,MATABELELAND SOUTH,INSIZA,COMMUNAL,-20.96786678,29.22370875,ALL,ADULT,21,2,0
2008,MAR,MATABELELAND SOUTH,BEITBRIDGE,COMMUNAL,-21.08575209,29.80077201,FEMALE,ADULT,3,1,0
2008,MAR,MATABELELAND SOUTH,GWANDA,RESETTLEMENT,-20.70711196,29.13249228,all,ADULT,70,5,5
2007,MAY,MIDLANDS,MBERENGWA,COMMUNAL,-20.06404139,29.27564655,ALL,ADULT,16,5,1
2009,FEB,MASVINGO,CHIREDZI,COMMUNAL,-20.70711196,29.13249228,ALL,ADULT,1859,13,0
2008,MAR,MATABELELAND SOUTH,GWANDA,COMMUNAL,-18.24011935,29.21958574,all,ALL,28,6,3
2000,NOV,MATABELELAND SOUTH,INSIZA,COMMERCIAL,-20.72419104,29.21048325,ALL,ADULT,23,1,0
2008,MAR,MATABELELAND SOUTH,GWANDA,COMMUNAL,-20.51880305,29.01865852,all,ALL,7,3,1
2000,NOV,MIDLANDS,KWEKWE,COMMUNAL,-20.11329137,27.74138846,MALE,ADULT,23,2,0
2008,MAR,MATABELELAND SOUTH,GWANDA,COMMUNAL,-20.86275941,32.14263318,all,ALL,13,4,2
2008,MAR,MATABELELAND SOUTH,UMZINGWANE,COMMERCIAL,-20.60977744,27.85316993,FEMALE,ADULT,35,0,0
2008,MAR,MATABELELAND SOUTH,MANGWE,COMMUNAL,-20.45055968,31.36366222,all,ALL,2862,51,9
2009,MAR,MASVINGO,CHIREDZI,COMMUNAL,-18.61977922,29.19789961,ALL,ADULT,2208,5,0
2008,MAR,MATABELELAND SOUTH,MANGWE,COMMERCIAL,-20.93395024,29.04727957,all,ALL,2183,9,0
2009,MAR,MASVINGO,ZAKA,RESETTLEMENT,-20.70781573,29.07491243,ALL,ADULT,2346,22,0
2008,MAR,MATABELELAND SOUTH,GWANDA,COMMUNAL,-18.0407119,23.51255748,FEMALE,ADULT,6,1,0
2008,MAR,MATABELELAND SOUTH,GWANDA,COMMUNAL,-18.12899665,29.44397106,all,ALL,36,6,2
2008,MAR,MATABELELAND SOUTH,GWANDA,COMMUNAL,-18.80173626,29.08548922,all,ALL,12,5,1
2008,MAR,MATABELELAND SOUTH,BEITBRIDGE,COMMUNAL,-20.62020726,27.49619475,all,ALL,20,3,1
2000,DEC,MIDLANDS,KWEKWE,COMMUNAL,-16.79152407,31.42082346,ALL,ALL,2900,42,18
2007,MAY,MIDLANDS,GOKWE,COMMUNAL,-20.78003736,29.07781838,ALL,ALL,6,2,0
2008,MAR,MATABELELAND SOUTH,BULILIMA,COMMUNAL,-18.41418212,29.00131644,all,ALL,2575,33,5
2008,MAR,MATABELELAND SOUTH,GWANDA,COMMUNAL,-18.61977922,29.19789961,all,ALL,21,5,1
2000,DEC,MIDLANDS,KWEKWE,COMMERCIAL,-20.07553921,28.05678612,MALE,ALL,29,3,0
2007,MAY,MIDLANDS,GOKWE,COMMUNAL,-20.41666668,29.86117246,FEMALE,ADULT,24,1,0
2008,MAR,MATABELELAND SOUTH,BULILIMA,COMMERCIAL,-21.12391382,29.02292589,all,ALL,602,44,6
2008,MAR,MATABELELAND SOUTH,BULILIMA,COMMERCIAL,-20.13917662,29.04053335,all,ALL,1821,58,12
2008,MAR,MATABELELAND SOUTH,GWANDA,COMMERCIAL,-21.12391382,29.02292589,FEMALE,ADULT,10,1,0
2008,MAR,MATABELELAND SOUTH,UMZINGWANE,RESETTLEMENT,-20.13917662,29.04053335,all,ALL,14,2,2
2000,DEC,MATEBELELAND NORTH,NKAYI,COMMUNAL,-18.66286752,28.48951384,FEMALE,ADULT,7,2,1
2008,MAR,MATABELELAND SOUTH,UMZINGWANE,COMMUNAL,-20.59107413,29.01771874,FEMALE,ADULT,13,3,2
2001,JAN,MATEBELELAND NORTH,UMGUZA,COMMERCIAL,#INVALID MGRS GRID REFERENCE,#INVALID MGRS GRID REFERENCE,FEMALE,ADULT,300,15,0
2008,MAR,MATABELELAND SOUTH,MATOBO,RESETTLEMENT,-21.06587041,28.52750523,all,ALL,36,9,5
2001,JAN,MASHONALAND EAST,MUREHWA,COMMUNAL,-17.82270748,31.54315436,MALE,ADULT,4,1,0
2008,MAR,MATABELELAND SOUTH,INSIZA,COMMUNAL,-20.24498687,29.251546,FEMALE,ADULT,10,2,0
2008,MAR,MATABELELAND SOUTH,UMZINGWANE,RESETTLEMENT,-20.13917662,29.04053335,MALE,ADULT,4,2,1
2008,MAR,MATABELELAND SOUTH,UMZINGWANE,COMMUNAL,-20.54441349,30.22179306,FEMALE,ADULT,6,2,1
2007,MAY,MIDLANDS,ZVISHAVANE,COMMUNAL,-20.77269107,27.79739324,ALL,ADULT,26,7,0
2008,MAR,MATABELELAND SOUTH,MANGWE,COMMUNAL,-21.67745963,29.49423195,all,ALL,2298,5,2
2008,MAR,MATABELELAND SOUTH,GWANDA,COMMUNAL,-19.16631417,30.61975731,FEMALE,ADULT,7,2,0
2007,JUN,MIDLANDS,GWERU,COMMUNAL,-18.25158005,31.00060116,MALE,ADULT,7,2,0
2001,JAN,MASHONALAND EAST,MUTOKO,COMMUNAL,-17.13582908,31.53824428,ALL,ADULT,876,6,0
2001,JAN,MATEBELELAND NORTH,BUBI,RESETTLEMENT,-20.83627283,27.72282209,ALL,ALL,56,2,0
2008,APR,MATABELELAND SOUTH,MANGWE,COMMUNAL,-18.35104766,28.99108981,all,ALL,1200,7,0
2007,JUN,MIDLANDS,GOKWE,COMMUNAL,-20.33987872,28.86310794,MALE,ADULT,17,2,0
2008,APR,MATABELELAND SOUTH,INSIZA,COMMUNAL,-19.09259344,30.35048248,all,ALL,93,6,2
2007,JUN,MIDLANDS,MVUMA,RESETTLEMENT,-18.26362053,28.68749239,ALL,ADULT,17,3,0
2007,JUN,MIDLANDS,GOKWE,COMMUNAL,-19.34660378,28.81919602,FEMALE,ADULT,7,1,0
2001,JAN,MATEBELELAND NORTH,BUBI,COMMERCIAL,-20.63811348,29.55744446,ALL,ALL,477,7,3
2008,APR,MATABELELAND SOUTH,INSIZA,COMMUNAL,-21.33354042,28.85899018,FEMALE,ADULT,24,1,0
2001,JAN,MATABELELAND SOUTH,MATOBO,COMMUNAL,-20.70142055,29.55082865,MALE,ADULT,17,1,0
2008,APR,MATABELELAND SOUTH,INSIZA,COMMUNAL,-20.63811348,29.55744446,FEMALE,ADULT,25,1,0
2008,APR,MATABELELAND SOUTH,INSIZA,COMMUNAL,-18.87459434,29.03237766,FEMALE,ADULT,2,1,0
2001,JAN,MIDLANDS,KWEKWE,COMMERCIAL,-19.93633755,29.97179192,ALL,ADULT,54,0,0
2001,JAN,MIDLANDS,ZVISHAVANE,COMMUNAL,-20.76262866,29.02291611,ALL,ADULT,12,3,0
2008,APR,MATABELELAND SOUTH,UMZINGWANE,COMMUNAL,-20.44654182,29.01870958,all,ADULT,11,4,0
2008,APR,MATABELELAND SOUTH,UMZINGWANE,COMMUNAL,-20.057316,29.74854705,MALE,ADULT,73,15,0
2007,JUN,MIDLANDS,GOKWE,COMMUNAL,-20.33775393,29.05268421,MALE,ADULT,8,1,0
2008,APR,MATABELELAND SOUTH,UMZINGWANE,COMMUNAL,#INVALID MGRS GRID REFERENCE,#INVALID MGRS GRID REFERENCE,all,ADULT,83,24,0
2001,JAN,MASHONALAND CENTRAL,CENTENARY,COMMUNAL,-20.33996025,28.8554478,FEMALE,ADULT,2238,1,0
2007,JUN,MIDLANDS,MVUMA,RESETTLEMENT,-21.12387943,29.02580336,ALL,ADULT,4,2,0
2008,APR,MATABELELAND SOUTH,GWANDA,COMMUNAL,-20.69577899,29.31082761,FEMALE,ADULT,56,1,0
2008,APR,MATABELELAND SOUTH,INSIZA,COMMUNAL,-16.77345007,31.42097278,FEMALE,ADULT,1,1,0
2008,APR,MATABELELAND SOUTH,GWANDA,COMMUNAL,-18.36099892,27.41655189,FEMALE,ADULT,12,1,0
2001,JAN,MATEBELELAND NORTH,BINGA,COMMUNAL,-20.93395024,29.04727957,ALL,ADULT,46,4,0
2008,APR,MATABELELAND SOUTH,GWANDA,RESETTLEMENT,-21.58589375,28.90765457,MALE,ADULT,1,1,1
2008,APR,MATABELELAND SOUTH,GWANDA,RESETTLEMENT,-21.27651171,30.89995764,FEMALE,ADULT,180,5,0
2007,JUN,MASVINGO,CHIREDZI,RESETTLEMENT,-20.75765102,29.40873827,ALL,ALL,970,,0
2008,APR,MATABELELAND SOUTH,INSIZA,COMMUNAL,-20.44654182,29.01870958,FEMALE,ADULT,20,1,0
2008,APR,MATABELELAND SOUTH,UMZINGWANE,COMMUNAL,-19.29175226,29.61577208,all,ADULT,19,3,1
2007,JUN,MIDLANDS,GWERU,COMMUNAL,#INVALID MGRS GRID REFERENCE,#INVALID MGRS GRID REFERENCE,FEMALE,ADULT,931,1,0
2008,APR,MATABELELAND SOUTH,UMZINGWANE,COMMUNAL,-18.72224299,32.46503249,all,ADULT,63,14,2
2001,JAN,MANICALAND,MUTASA,COMMUNAL,-20.63811348,29.55744446,MALE,ADULT,50,1,0
2008,APR,MATABELELAND SOUTH,INSIZA,COMMERCIAL,-17.65831968,29.52134029,all,ADULT,20,2,0
2001,JAN,MASHONALAND WEST,KADOMA,COMMERCIAL,-17.65831968,29.52134029,ALL,ADULT,914,3,0
2001,JAN,MATEBELELAND NORTH,LUPANE,COMMUNAL,-18.49499625,29.04767133,MALE,ADULT,6,1,0
2001,JAN,MIDLANDS,KWEKWE,COMMUNAL,-21.01686471,27.75161236,ALL,ALL,1000,3,0
2008,APR,MATABELELAND SOUTH,MANGWE,COMMUNAL,-17.90129917,31.21404599,all,ALL,1473,8,3
2008,APR,MATABELELAND SOUTH,UMZINGWANE,RESETTLEMENT,-21.24677938,28.50142029,FEMALE,ADULT,12,2,0
2008,APR,MATABELELAND SOUTH,MATOBO,COMMUNAL,-20.75765102,29.40873827,FEMALE,ADULT,27,1,0
2008,APR,MATABELELAND SOUTH,INSIZA,COMMUNAL,-19.54445454,30.37366487,MALE,ADULT,5,1,0
2007,JUN,MIDLANDS,MVUMA,COMMUNAL,-20.71044816,29.55097977,ALL,ALL,7,1,1
2008,APR,MATABELELAND SOUTH,INSIZA,COMMERCIAL,-17.81340019,31.50734472,all,ADULT,59,3,0
2001,JAN,MANICALAND,MAKONI,COMMUNAL,-19.34660378,28.81919602,ALL,ALL,846,1,0
2001,JAN,MATEBELELAND NORTH,BUBI,COMMERCIAL,-21.28473425,29.16390549,ALL,ADULT,530,3,0
2008,MAY,MATABELELAND SOUTH,GWANDA,RESETTLEMENT,#INVALID MGRS GRID REFERENCE,#INVALID MGRS GRID REFERENCE,MALE,ADULT,13,3,0
2008,MAY,MATABELELAND SOUTH,GWANDA,COMMUNAL,-16.22961085,31.22240513,all,ADULT,46,16,0
2008,MAY,MATABELELAND SOUTH,GWANDA,RESETTLEMENT,-21.55297779,29.36187086,MALE,ADULT,52,5,0
2008,MAY,MATABELELAND SOUTH,GWANDA,RESETTLEMENT,#INVALID MGRS GRID REFERENCE,#INVALID MGRS GRID REFERENCE,MALE,ADULT,46,5,0
2008,MAY,MATABELELAND SOUTH,UMZINGWANE,RESETTLEMENT,-17.93539676,30.26254622,all,ADULT,12,3,0
2001,JAN,MASHONALAND WEST,ZVIMBA,COMMUNAL,-20.3769357,28.77452677,MALE,ADULT,17,1,0
2008,MAY,MATABELELAND SOUTH,UMZINGWANE,RESETTLEMENT,-17.44562663,29.17489689,all,ADULT,8,2,1
2007,JUN,MIDLANDS,GOKWE,COMMUNAL,-17.44562663,29.17489689,FEMALE,ADULT,11,1,0
2007,JUN,MIDLANDS,GOKWE,COMMUNAL,-20.76262866,29.02291611,ALL,ALL,42,2,0
2008,JUN,MATABELELAND SOUTH,UMZINGWANE,COMMUNAL,-19.50906927,32.69030362,all,ADULT,0,13,0
2007,FEB,MANICALAND,CHIMANIMANI,COMMUNAL,-19.0746541,32.4392085,MALE,ADULT,620,,0
2007,FEB,MANICALAND,CHIMANIMANI,COMMUNAL,-21.29369475,28.29083037,ALL,ADULT,1924,,1
2006,OCT,MATABELELAND SOUTH,MANGWE,COMMUNAL,-19.0746541,32.4392085,all,ALL,903,5,
2007,JAN,MANICALAND,CHIMANIMANI,COMMUNAL,-17.0902778,31.48878987,ALL,ADULT,1924,,1
2007,JUN,MIDLANDS,MVUMA,COMMUNAL,-17.01268916,30.89404212,ALL,ALL,10,2,1
2001,JAN,MASHONALAND CENTRAL,CENTENARY,COMMERCIAL,-19.44435017,27.789731,ALL,ALL,355,6,0
2001,JAN,MATEBELELAND NORTH,LUPANE,COMMUNAL,-19.44435017,27.789731,ALL,ALL,18,6,0
2001,JAN,MATEBELELAND NORTH,LUPANE,COMMUNAL,-17.34537305,28.21030227,ALL,ALL,12,6,1
2001,JAN,MIDLANDS,GOKWE,COMMUNAL,-16.93784084,30.65835384,ALL,ALL,4,1,0
2001,JAN,MASHONALAND EAST,HARARE,COMMERCIAL,-18.95326149,30.73987351,ALL,ADULT,1112,6,0
2001,JAN,MASHONALAND EAST,MUTOKO,COMMERCIAL,-18.6421036,31.20268751,FEMALE,ADULT,80,1,0
2001,JAN,MIDLANDS,GOKWE,COMMUNAL,-18.09549036,28.21534543,FEMALE,ADULT,15,2,0
2003,AUG,MATABELELAND SOUTH,,COMMUNAL,-20.61272179,28.68316537,MALE,ADULT,587,,0
2001,JAN,MASHONALAND EAST,MUREHWA,COMMUNAL,-17.53399925,31.61045168,MALE,ADULT,9,1,0
2001,JAN,MIDLANDS,KWEKWE,COMMUNAL,-18.23134867,29.19677847,ALL,ADULT,1103,15,0
2007,JUN,MIDLANDS,GOKWE,COMMUNAL,-17.62552691,28.21498405,ALL,ALL,7,3,0
2007,JUN,MIDLANDS,MVUMA,RESETTLEMENT,-19.5443852,30.36890371,FEMALE,ADULT,684,1,0
2007,JUN,MIDLANDS,MVUMA,COMMERCIAL,-19.25573502,30.39160736,FEMALE,ADULT,104,1,0
2010,FEB,MIDLANDS,GOKWE NORTH,COMMUNAL,-17.26916478,31.25880131,FEMALE,ADULT,18,1,0
2001,JAN,MANICALAND,MUTARE,COMMUNAL,-17.0007057,31.60127422,MALE,ADULT,1350,2,0
2001,JAN,MANICALAND,MUTASA,COMMUNAL,-20.53632949,30.28134111,ALL,ADULT,852,2,0
2001,JAN,MIDLANDS,MBERENGWA,COMMUNAL,-17.17132584,31.45059011,ALL,ALL,12,3,0
2001,JAN,MANICALAND,MUTARE,COMMUNAL,-15.44149473,24.17402375,ALL,ALL,7,1,0
2007,JUN,MIDLANDS,ZVISHAVANE,COMMUNAL,-18.17681885,28.21684315,ALL,ADULT,16,2,0
2011,JAN,MIDLANDS,GOKWE SOUTH,COMMUNAL,-17.68911167,29.21458981,FEMALE,ADULT,6,1,0
2007,JUN,MIDLANDS,GOKWE,COMMUNAL,-20.41417282,30.00906407,ALL,ALL,34,3,0
2007,JUN,MIDLANDS,GOKWE,COMMERCIAL,-16.82216896,30.81923195,ALL,ALL,36,7,0
2007,JUN,MIDLANDS,MBERENGWA,COMMUNAL,-20.07176335,28.56545455,ALL,ALL,1298,4,0
2001,JAN,MASHONALAND CENTRAL,CENTENARY,COMMERCIAL,-19.20127933,32.47113161,ALL,ADULT,887,5,0
2001,JAN,MATEBELELAND NORTH,BULAWAYO,COMMERCIAL,-17.67272401,29.05986475,FEMALE,ADULT,19,11,0
2007,JAN,MANICALAND,CHIMANIMANI,COMMUNAL,-16.71407661,30.85046328,FEMALE,ADULT,2000,,0
2007,JUL,MIDLANDS,GOKWE,RESETTLEMENT,-18.91315421,31.20264928,FEMALE,ADULT,1,1,0
2001,JAN,MASHONALAND CENTRAL,CENTENARY,COMMERCIAL,-18.35319772,28.77351416,ALL,ALL,568,160,0
2001,JAN,MASHONALAND EAST,MUTOKO,COMMERCIAL,-20.71888335,32.2960882,FEMALE,ADULT,40,2,0
2007,JUL,MIDLANDS,GOKWE,COMMUNAL,-20.79989939,32.22458218,FEMALE,ADULT,14,1,0
2007,JAN,MANICALAND,CHIPINGE,COMMUNAL,-18.5851194,29.06769132,FEMALE,ADULT,1798,,0
2007,JAN,MANICALAND,CHIPINGE,COMMUNAL,-18.92172294,32.77877844,ALL,ADULT,2878,,2
2007,JUL,MIDLANDS,KWEKWE,COMMUNAL,-17.65831968,29.52134029,FEMALE,ADULT,11,1,0
2001,JAN,MANICALAND,MAKONI,COMMUNAL,-17.06246796,31.39790405,ALL,ALL,12,7,
2001,JAN,MASHONALAND WEST,KADOMA,COMMERCIAL,-17.65831968,29.52134029,ALL,ALL,780,5,1
2001,JAN,MASHONALAND WEST,KADOMA,COMMERCIAL,-18.57608654,29.06758236,ALL,ADULT,780,3,0
2001,JAN,MIDLANDS,GOKWE,COMMUNAL,-17.35439956,28.2122436,ALL,ADULT,15,4,0
2001,JAN,MIDLANDS,KWEKWE,COMMUNAL,-17.68911167,29.21458981,ALL,ALL,1954,5,0
2007,JUL,MIDLANDS,GOKWE,COMMUNAL,-16.95972551,31.01854793,ALL,ADULT,10,3,0
2011,APR,MIDLANDS,GOKWE SOUTH,COMMUNAL,-17.23482678,31.4820239,MALE,ADULT,13,1,0
2007,JUL,MIDLANDS,GOKWE,COMMERCIAL,-16.46024349,31.90965907,ALL,ALL,34,4,0
2011,MAY,MIDLANDS,GOKWE SOUTH,COMMUNAL,-17.98433392,29.45514694,FEMALE,ADULT,5,1,0
2011,JUN,MIDLANDS,GOKWE SOUTH,COMMUNAL,-17.60241691,28.86125307,ALL,ALL,280,4,0
2001,FEB,MASHONALAND CENTRAL,CENTENARY,COMMERCIAL,-18.80173626,29.08548922,MALE,ADULT,2091,8,0
2001,FEB,MASHONALAND CENTRAL,MT DARWIN,COMMERCIAL,-17.03604174,31.48736633,FEMALE,ALL,31,3,0
2001,FEB,MASHONALAND WEST,KADOMA,COMMERCIAL,-18.53175592,28.9893849,ALL,ADULT,727,4,0
2011,MAY,MIDLANDS,GOKWE SOUTH,COMMUNAL,-19.1582828,29.47207062,FEMALE,ADULT,6,1,0
2011,MAY,MIDLANDS,GOKWE SOUTH,COMMUNAL,-17.07695623,30.99476929,MALE,ADULT,11,2,0
2001,FEB,MIDLANDS,GOKWE,COMMUNAL,-17.83312972,29.93863791,ALL,ALL,4833,122,2
2001,FEB,MIDLANDS,GOKWE,COMMUNAL,-18.11201745,29.35683918,ALL,ADULT,2611,7,0
2011,MAY,MIDLANDS,GOKWE SOUTH,COMMUNAL,-17.83312972,29.93863791,ALL,ALL,7,4,0
2007,JUL,MIDLANDS,GOKWE,COMMUNAL,-17.58154624,29.13792864,ALL,ALL,13,2,0
2007,JUL,MIDLANDS,GOKWE,COMMUNAL,-17.83917798,29.50500543,ALL,ALL,18,3,0
2011,MAR,MIDLANDS,GOKWE SOUTH,COMMUNAL,-17.68911167,29.21458981,ALL,ALL,11,3,0
2007,JUL,MIDLANDS,KWEKWE,RESETTLEMENT,-18.44416022,28.70726207,FEMALE,ADULT,8,2,1
2001,FEB,MASHONALAND CENTRAL,CENTENARY,COMMERCIAL,-17.7273479,29.01994375,ALL,ALL,667,16,0
2001,FEB,MASHONALAND WEST,ZVIMBA,COMMERCIAL,-17.34632116,28.04186201,ALL,ADULT,861,10,0
2007,JUL,MIDLANDS,GOKWE,COMMUNAL,-16.91148174,31.78209034,MALE,ADULT,4,2,1
2001,FEB,MASHONALAND WEST,ZVIMBA,COMMERCIAL,-17.67272401,29.05986475,FEMALE,ADULT,871,1,0
2007,JUL,MIDLANDS,GOKWE,COMMERCIAL,-20.05054303,32.39184796,ALL,ADULT,22,2,0
2007,JUL,MIDLANDS,KWEKWE,RESETTLEMENT,-18.52061584,31.84329449,MALE,ADULT,9,2,1
2011,JUN,MIDLANDS,GOKWE NORTH,COMMUNAL,-17.03604174,31.48736633,ALL,ALL,36,4,1
2001,FEB,MASHONALAND WEST,KADOMA,COMMUNAL,-17.82915678,31.22992562,ALL,ADULT,1303,2,0
2007,JUL,MIDLANDS,GOKWE,COMMERCIAL,-18.88432022,30.31101275,FEMALE,ADULT,5,2,0
2001,FEB,MATEBELELAND NORTH,NKAYI,COMMUNAL,-20.05054303,32.39184796,FEMALE,ADULT,8,2,1
2007,JUL,MIDLANDS,GOKWE,COMMUNAL,-17.67272401,29.05986475,MALE,ADULT,4,2,0
2001,FEB,MIDLANDS,GOKWE,COMMUNAL,-17.67234613,29.09565143,ALL,ALL,5,1,0
2007,JUL,MIDLANDS,GOKWE,RESETTLEMENT,-18.96352905,31.85830077,MALE,ADULT,6,2,0
2007,JAN,MANICALAND,CHIPINGE,COMMUNAL,-19.5088374,32.57596119,ALL,ALL,25,,0
2001,FEB,MANICALAND,MAKONI,COMMUNAL,-16.54589334,31.22046169,MALE,ADULT,16,1,0
2001,FEB,MANICALAND,MUTARE,COMMERCIAL,-16.65435225,31.22228459,FEMALE,ALL,530,39,5
2001,FEB,MASHONALAND CENTRAL,BINDURA,COMMUNAL,-17.6303812,31.23187638,FEMALE,ADULT,8,1,0
2001,FEB,MASHONALAND WEST,CHEGUTU,COMMERCIAL,-19.16967671,28.38844841,ALL,ALL,98,15,0
2007,MAR,MANICALAND,CHIPINGE,COMMUNAL,-17.18479236,30.93627034,ALL,ALL,27,,0
2007,JUL,MIDLANDS,GOKWE,RESETTLEMENT,-19.36381842,30.37181528,FEMALE,ADULT,1,1,0
2007,JUL,MIDLANDS,GOKWE,COMMERCIAL,-19.67927708,32.2015786,FEMALE,ADULT,25,1,0
2001,FEB,MIDLANDS,GOKWE,COMMUNAL,-19.06190052,31.70185,ALL,ALL,4,1,0
2008,FEB,MASHONALAND EAST,GOROMONZI,COMMERCIAL,-18.26360384,28.68938359,MALE,ADULT,54,,52
2001,FEB,MANICALAND,MUTARE,COMMUNAL,-18.81291694,32.57862836,ALL,ALL,1900,3,0
2010,FEB,MASHONALAND CENTRAL,SHAMVA,RESETTLEMENT,-19.30683541,31.84362381,MALE,ADULT,1125,1,0
2001,FEB,MASHONALAND CENTRAL,MAZOWE,COMMUNAL,-19.59539099,31.75196966,MALE,ADULT,8,1,0
2001,FEB,MASHONALAND WEST,KADOMA,COMMUNAL,-19.29732025,31.77039549,ALL,ADULT,1293,3,0
2001,FEB,MATEBELELAND NORTH,BINGA,COMMUNAL,-18.7822729,28.22304821,ALL,ALL,27,2,0
2001,FEB,MATEBELELAND NORTH,UMGUZA,COMMERCIAL,-16.28038447,24.09501934,ALL,ALL,20,3,0
2008,FEB,MASHONALAND EAST,GOROMONZI,COMMERCIAL,-19.03804017,32.30347169,MALE,ADULT,115,,0
2007,JUL,MIDLANDS,MVUMA,RESETTLEMENT,-18.06209749,31.02455436,MALE,ADULT,506,2,0
2001,FEB,MANICALAND,MUTARE,RESETTLEMENT,-17.74426924,29.1285205,MALE,ADULT,687,1,0
2007,MAR,MANICALAND,BUHERA,COMMUNAL,-17.67272401,29.05986475,FEMALE,ALL,8,,0
2007,JUL,MIDLANDS,GOKWE,COMMUNAL,-18.26360384,28.68938359,FEMALE,ADULT,10,2,0
2001,FEB,MANICALAND,MUTASA,COMMUNAL,-18.81291694,32.57862836,FEMALE,ADULT,5,1,0
2007,MAR,MANICALAND,BUHERA,COMMUNAL,-19.30683541,31.84362381,MALE,ADULT,6,,0
2001,FEB,MATEBELELAND NORTH,BINGA,COMMUNAL,-17.8183067,27.55674831,ALL,ADULT,4,1,0
2007,APR,MANICALAND,BUHERA,COMMUNAL,-19.59539099,31.75196966,FEMALE,ADULT,9,,0
2007,MAR,MANICALAND,BUHERA,COMMUNAL,-19.29732025,31.77039549,MALE,ADULT,4,,0
2001,FEB,MATEBELELAND NORTH,LUPANE,COMMUNAL,-18.7822729,28.22304821,FEMALE,ADULT,7,1,0
2007,AUG,MIDLANDS,MBERENGWA,COMMUNAL,-16.28038447,24.09501934,FEMALE,JUVENILE,1651,1,0
2007,APR,MANICALAND,MUTARE,COMMUNAL,-19.03804017,32.30347169,ALL,ALL,1667,,2
2007,AUG,MIDLANDS,GOKWE,COMMUNAL,-17.74426924,29.1285205,MALE,ADULT,3,1,0
2007,AUG,MIDLANDS,GOKWE,RESETTLEMENT,-17.67272401,29.05986475,FEMALE,ADULT,2,1,0
2007,AUG,MIDLANDS,SHURUGWI,COMMUNAL,-19.67785921,30.23709493,ALL,ALL,12,3,0
2001,FEB,MANICALAND,MUTASA,COMMERCIAL,-18.5416641,32.53666007,ALL,ADULT,8,2,0
2001,FEB,MANICALAND,MUTASA,COMMERCIAL,-18.54175327,32.57456028,FEMALE,ADULT,48,2,0
2001,FEB,MASHONALAND CENTRAL,BINDURA,COMMUNAL,-17.49591691,31.35745593,MALE,ADULT,15,2,0
2001,FEB,MATABELELAND SOUTH,BEITBRIDGE,COMMUNAL,-20.9610244,29.69745944,ALL,ADULT,11,4,1
2008,MAR,MASHONALAND EAST,GOROMONZI,COMMERCIAL,-17.71778435,30.9293186,ALL,ALL,60,,56
2008,MAR,MASHONALAND EAST,GOROMONZI,COMMERCIAL,-17.87006824,31.87117147,ALL,ADULT,100,,0
2001,FEB,MATEBELELAND NORTH,NKAYI,COMMUNAL,-19.20246771,28.77679354,ALL,ALL,25,2,0
2001,FEB,MATABELELAND SOUTH,BEITBRIDGE,COMMUNAL,-17.75244408,24.10045922,FEMALE,ADULT,67,1,0
2008,APR,MASHONALAND EAST,CHIKOMBA,COMMERCIAL,-19.37001576,31.83177309,MALE,ADULT,1,,0
2001,FEB,MANICALAND,MUTASA,RESETTLEMENT,-18.63161692,32.38568532,FEMALE,ADULT,781,1,0
2001,FEB,MASHONALAND WEST,KADOMA,COMMUNAL,-17.80598693,29.26410115,ALL,ADULT,2078,1,0
2007,APR,MANICALAND,MUTARE,COMMUNAL,-19.56303326,32.56340737,ALL,ADULT,1710,,1
2001,FEB,MATABELELAND SOUTH,BEITBRIDGE,COMMUNAL,-22.47232733,29.47332029,ALL,ADULT,230,4,0
2001,FEB,MIDLANDS,GOKWE,COMMUNAL,-18.08718095,29.16378876,MALE,ADULT,3,1,0
2009,MAR,MASHONALAND CENTRAL,SHAMVA,COMMUNAL,-16.73750122,31.44753862,ALL,ADULT,3575,2,0
2009,MAR,MASHONALAND CENTRAL,SHAMVA,COMMUNAL,-16.73750122,31.44753862,ALL,ADULT,3575,2,0
2009,MAR,MASHONALAND CENTRAL,SHAMVA,COMMUNAL,-16.73750122,31.44753862,FEMALE,ADULT,3575,1,0
2007,APR,MANICALAND,CHIPINGE,COMMUNAL,-20.42104331,32.39042435,MALE,ADULT,1698,,0
2007,APR,MANICALAND,CHIPINGE,COMMUNAL,-20.4479597,32.33759263,FEMALE,ADULT,39,,0
2009,APR,MASHONALAND CENTRAL,SHAMVA,COMMUNAL,-17.06246796,31.39790405,MALE,ADULT,2624,1,0
2007,APR,MANICALAND,CHIPINGE,COMMUNAL,-21.2334188,32.18387072,FEMALE,ADULT,2219,,0
2007,APR,MANICALAND,CHIPINGE,COMMUNAL,-21.1882984,32.19565917,FEMALE,ADULT,3077,,0
2007,MAR,MANICALAND,CHIPINGE,COMMERCIAL,-20.79989939,32.22458218,ALL,ALL,50,,0
2009,APR,MASHONALAND CENTRAL,SHAMVA,COMMUNAL,-16.77345007,31.42097278,ALL,ADULT,3577,2,0
2009,APR,MASHONALAND CENTRAL,SHAMVA,COMMUNAL,-16.94548847,31.46367151,MALE,ADULT,3712,1,0
2009,JUN,MASHONALAND CENTRAL,SHAMVA,COMMUNAL,-16.81859159,31.4149606,MALE,ADULT,3579,1,0
2009,MAY,MASHONALAND CENTRAL,SHAMVA,COMMUNAL,-17.06246796,31.39790405,MALE,ADULT,2624,1,0
2009,MAY,MASHONALAND CENTRAL,SHAMVA,COMMUNAL,-16.77345007,31.42097278,MALE,ADULT,3577,1,0
2009,JUN,MASHONALAND CENTRAL,SHAMVA,COMMUNAL,-16.81859159,31.4149606,MALE,ADULT,3579,1,0
2001,FEB,MASHONALAND CENTRAL,MAZOWE,COMMUNAL,-17.02318756,31.04040068,MALE,ADULT,11,1,0
2001,FEB,MATABELELAND SOUTH,BEITBRIDGE,COMMUNAL,-20.9610244,29.69745944,ALL,ADULT,40,6,0
2007,MAR,MASHONALAND EAST,HARARE,COMMERCIAL,#REF!,#REF!,ALL,ALL,60,,0
2009,MAR,MASHONALAND CENTRAL,SHAMVA,COMMUNAL,-17.03604174,31.48736633,FEMALE,ADULT,3337,1,0
2009,APR,MASHONALAND CENTRAL,SHAMVA,COMMUNAL,-16.54834251,31.53526088,MALE,ADULT,3352,1,0
2001,FEB,MASHONALAND CENTRAL,BINDURA,COMMUNAL,-17.82915678,31.22992562,MALE,ADULT,14,1,0
2007,MAR,MASHONALAND EAST,MARONDERA,RESETTLEMENT,#REF!,#REF!,MALE,ADULT,28,,0
2009,APR,MASHONALAND CENTRAL,SHAMVA,COMMUNAL,-17.03604174,31.48736633,MALE,ADULT,3337,1,0
2009,APR,MASHONALAND CENTRAL,SHAMVA,COMMUNAL,-17.0902778,31.48878987,ALL,ALL,3325,1,0
2009,JUN,MASHONALAND CENTRAL,SHAMVA,COMMUNAL,-17.09058882,31.53108972,ALL,ADULT,3316,2,0
2009,JUN,MASHONALAND CENTRAL,SHAMVA,COMMUNAL,-16.86434314,31.48968686,FEMALE,ADULT,3703,2,0
2008,MAY,MASHONALAND EAST,MARONDERA,COMMUNAL,-17.51585885,31.60117145,ALL,ADULT,4,,6
2008,APR,MASHONALAND EAST,MUREHWA,COMMUNAL,-17.60628917,31.60896688,FEMALE,ADULT,4,,0
2009,SEP,MASHONALAND CENTRAL,SHAMVA,COMMUNAL,-16.54834251,31.53526088,FEMALE,ADULT,3327,3,0
2009,SEP,MASHONALAND CENTRAL,SHAMVA,COMMUNAL,-16.54834251,31.53526088,FEMALE,ADULT,3316,1,0
2001,FEB,MANICALAND,MUTARE,COMMUNAL,-19.5175932,32.469196,ALL,ALL,10,2,0
2009,SEP,MASHONALAND CENTRAL,SHAMVA,COMMUNAL,-16.54834251,31.53526088,FEMALE,ADULT,3316,1,0
2001,FEB,MASHONALAND EAST,MUTOKO,COMMERCIAL,-18.91315421,31.20264928,ALL,ADULT,19,3,0
2009,SEP,MASHONALAND CENTRAL,SHAMVA,COMMUNAL,-16.54834251,31.53526088,MALE,ADULT,3316,1,0
2009,MAY,MASHONALAND CENTRAL,SHAMVA,RESETTLEMENT,-17.99419225,31.51433013,ALL,ALL,621,1,0
2007,AUG,MANICALAND,NYANGA,COMMUNAL,-17.73774304,32.98305043,MALE,ADULT,4,,0
2001,MAR,MATABELELAND SOUTH,MATOBO,COMMUNAL,-20.97693426,28.3621323,MALE,ADULT,1563,2,0
2001,MAR,MATABELELAND SOUTH,MATOBO,COMMUNAL,-20.88597476,28.43724734,FEMALE,ADULT,1325,1,0
2001,MAR,MIDLANDS,GOKWE,COMMUNAL,-17.34535595,28.2131252,ALL,ALL,11,1,0
2001,MAR,MATABELELAND SOUTH,BEITBRIDGE,COMMUNAL,-20.9610244,29.69745944,MALE,ADULT,29,1,0
2007,AUG,MANICALAND,BUHERA,COMMERCIAL,-19.88762408,32.32177568,FEMALE,ADULT,3,,1
2001,MAR,MIDLANDS,KWEKWE,COMMUNAL,-18.12899665,29.44397106,ALL,ALL,38,4,0
2007,AUG,MANICALAND,BUHERA,COMMUNAL,-20.34843382,32.30549283,FEMALE,ADULT,6,,0
2007,AUG,MANICALAND,BUHERA,COMMUNAL,-20.34843382,32.30549283,FEMALE,ADULT,13,,0
2001,MAR,MATEBELELAND NORTH,BINGA,COMMUNAL,-17.27643955,27.33217038,MALE,ADULT,56,1,0
2001,MAR,MATABELELAND SOUTH,BEITBRIDGE,COMMUNAL,-22.06970073,30.19489015,ALL,ADULT,20,2,0
2007,JUL,MANICALAND,CHIMANIMANI,COMMUNAL,-19.50906927,32.69030362,ALL,ALL,620,,0
2007,JUL,MANICALAND,CHIMANIMANI,COMMUNAL,-19.50906927,32.69030362,ALL,ADULT,620,,0
2007,AUG,MANICALAND,CHIPINGE,COMMUNAL,-20.4479597,32.33759263,ALL,ADULT,2053,,0
2011,JAN,MASHONALAND CENTRAL,SHAMVA,COMMUNAL,-22.47232733,29.47332029,MALE,ADULT,5,1,0
2001,MAR,MATABELELAND SOUTH,BEITBRIDGE,COMMUNAL,-22.31620323,29.64035246,ALL,ADULT,230,6,0
2011,JAN,MASHONALAND CENTRAL,SHAMVA,COMMUNAL,-20.60201445,32.46364634,MALE,ADULT,4,1,0
2001,MAR,MATABELELAND SOUTH,BEITBRIDGE,COMMUNAL,-20.4479597,32.33759263,ALL,ADULT,127,3,0
2011,JAN,MASHONALAND CENTRAL,SHAMVA,COMMUNAL,-22.41535248,29.64999066,ALL,ALL,14,3,0
2007,JUN,MANICALAND,CHIPINGE,COMMUNAL,-17.32729152,28.21112469,ALL,ADULT,1598,,0
2007,JUN,MANICALAND,CHIPINGE,COMMUNAL,-17.35252994,30.5854105,ALL,ADULT,2158,,1
2011,FEB,MASHONALAND CENTRAL,SHAMVA,COMMUNAL,-15.44149473,24.17402375,ALL,ADULT,1594,2,0
2011,FEB,MASHONALAND CENTRAL,SHAMVA,COMMUNAL,-19.81390791,32.01656664,MALE,ADULT,1594,1,0
2001,MAR,MATABELELAND SOUTH,BEITBRIDGE,COMMUNAL,-20.77526175,30.55938576,ALL,ADULT,149,4,0
2011,FEB,MASHONALAND CENTRAL,SHAMVA,RESETTLEMENT,-19.72962776,29.29381783,ALL,ADULT,1676,3,0
2001,MAR,MIDLANDS,GOKWE,COMMUNAL,-18.97267964,29.14648105,ALL,ALL,6,5,0
2011,APR,MASHONALAND CENTRAL,SHAMVA,RESETTLEMENT,-18.7037909,32.34657953,ALL,ADULT,1676,2,0
2011,MAR,MASHONALAND CENTRAL,SHAMVA,RESETTLEMENT,-18.07540923,31.49953394,ALL,ADULT,4,3,0
2011,MAR,MASHONALAND CENTRAL,SHAMVA,RESETTLEMENT,-20.97752483,28.28615253,FEMALE,ADULT,1108,1,0
2011,MAR,MASHONALAND CENTRAL,SHAMVA,RESETTLEMENT,-17.60701626,29.96319943,ALL,ADULT,1108,3,0
2001,MAR,MASHONALAND WEST,ZVIMBA,COMMUNAL,-17.60701626,29.96319943,MALE,JUVENILE,4000,8,0
2001,MAR,MIDLANDS,ZVISHAVANE,COMMUNAL,-17.30128546,29.15533478,ALL,ADULT,4,2,0
2007,SEP,MANICALAND,BUHERA,COMMUNAL,-17.33405464,29.44822196,FEMALE,ADULT,5,,0
2001,MAR,MASVINGO,MASVINGO,COMMERCIAL,-20.77526175,30.55938576,ALL,ADULT,120,3,0
2001,MAR,MIDLANDS,KWEKWE,COMMERCIAL,-19.72962776,29.29381783,MALE,ADULT,30,2,0
2001,MAR,MIDLANDS,KWEKWE,COMMUNAL,-18.97267964,29.14648105,ALL,ALL,2252,2,0
2001,MAR,MANICALAND,MAKONI,COMMUNAL,-18.7037909,32.34657953,FEMALE,ADULT,6,1,0
2001,MAR,MASHONALAND EAST,GOROMONZI,COMMUNAL,-18.07540923,31.49953394,MALE,ADULT,6,1,0
2001,MAR,MATABELELAND SOUTH,MATOBO,COMMUNAL,-20.97752483,28.28615253,FEMALE,ADULT,1,1,0
2001,MAR,MASHONALAND WEST,ZVIMBA,COMMERCIAL,-17.60701626,29.96319943,FEMALE,ALL,929,2,0
2001,MAR,MASHONALAND WEST,ZVIMBA,COMMERCIAL,-17.60701626,29.96319943,FEMALE,ADULT,929,1,0
2001,MAR,MIDLANDS,GOKWE,COMMUNAL,-17.30128546,29.15533478,MALE,ADULT,12,3,0
2001,MAR,MASHONALAND WEST,KADOMA,COMMERCIAL,-17.33405464,29.44822196,MALE,ADULT,625,1,0
2009,JUN,MASHONALAND CENTRAL,SHAMVA,RESETTLEMENT,-16.45856178,31.62395414,ALL,ALL,2028,2,0
2001,MAR,MIDLANDS,GOKWE,COMMUNAL,-17.60241691,28.86125307,MALE,ADULT,120,8,1
2010,JAN,MASHONALAND CENTRAL,SHAMVA,RESETTLEMENT,-18.78434672,32.15080392,MALE,ADULT,1120,1,0
2001,MAR,MANICALAND,MAKONI,COMMUNAL,-18.5416871,32.5461351,MALE,ADULT,17,1,0
2010,JAN,MASHONALAND CENTRAL,SHAMVA,RESETTLEMENT,-17.04179328,31.09656887,MALE,ADULT,1120,3,0
2010,JAN,MASHONALAND CENTRAL,SHAMVA,RESETTLEMENT,-20.7343911,29.75483896,FEMALE,ADULT,1120,1,0
2010,JAN,MASHONALAND CENTRAL,SHAMVA,RESETTLEMENT,-17.54243738,31.52747634,MALE,ADULT,1120,1,0
2010,JAN,MASHONALAND CENTRAL,SHAMVA,RESETTLEMENT,-19.29196052,32.58888589,MALE,ADULT,1120,2,0
2010,MAR,MASHONALAND CENTRAL,SHAMVA,RESETTLEMENT,-19.72737084,28.68331842,ALL,ADULT,1790,3,0
2001,MAR,MANICALAND,MUTARE,COMMERCIAL,-22.3313652,30.18775281,ALL,ALL,38,4,0
2001,MAR,MASHONALAND CENTRAL,MAZOWE,COMMUNAL,-21.84803661,30.44197002,FEMALE,ADULT,11,1,0
2001,MAR,MIDLANDS,MBERENGWA,COMMUNAL,-22.37406445,30.59651575,MALE,ADULT,6,3,0
2009,JUN,MASHONALAND CENTRAL,SHAMVA,RESETTLEMENT,-19.93633755,29.97179192,ALL,ADULT,17,4,0
2001,MAR,MANICALAND,MUTARE,COMMUNAL,-18.83749192,30.88089467,FEMALE,ADULT,3,1,0
2001,MAR,MATEBELELAND NORTH,NKAYI,COMMUNAL,-17.94216329,31.83578212,ALL,ADULT,17,3,0
2001,MAR,MATABELELAND SOUTH,BEITBRIDGE,COMMUNAL,-17.54088421,28.66842613,ALL,ADULT,15,4,0
2001,MAR,MATABELELAND SOUTH,BEITBRIDGE,COMMERCIAL,-22.31388521,30.22102833,ALL,ADULT,2004,11,0
2001,MAR,MATABELELAND SOUTH,BEITBRIDGE,COMMERCIAL,-17.83312972,29.93863791,ALL,ADULT,655,31,0
2001,MAR,MIDLANDS,ZVISHAVANE,COMMUNAL,-19.41828801,32.50764664,MALE,ADULT,26,1,0
2011,FEB,MASHONALAND CENTRAL,SHAMVA,RESETTLEMENT,-18.04488088,27.28063494,MALE,ADULT,8,1,0
2001,MAR,MASHONALAND EAST,MUTOKO,COMMUNAL,-17.65540172,28.98711976,ALL,ADULT,350,6,1
2009,APR,MASHONALAND EAST,MUTOKO,COMMUNAL,-20.45082191,29.97774201,ALL,ADULT,350,6,1
2001,MAR,MIDLANDS,GOKWE,COMMUNAL,-18.46101394,29.60760903,FEMALE,ADULT,6,1,0
2010,FEB,MASHONALAND CENTRAL,SHAMVA,RESETTLEMENT,-20.05694327,30.22760205,FEMALE,ADULT,1381,1,0
2001,MAR,MATABELELAND SOUTH,BEITBRIDGE,COMMUNAL,-18.92172294,32.77877844,ALL,ADULT,9,1,0
2001,MAR,MASHONALAND WEST,ZVIMBA,COMMUNAL,-18.45179821,32.86840892,ALL,ALL,771,8,0
2011,MAR,MASVINGO,ZAKA,COMMUNAL,-18.8601712,30.52296021,MALE,ADULT,2201,1,0
2001,MAR,MANICALAND,MUTARE,COMMUNAL,-18.63147276,27.65697342,FEMALE,ADULT,11,1,0
2001,MAR,MATEBELELAND NORTH,BINGA,COMMUNAL,-15.91092434,24.15636465,ALL,ALL,8,8,0
2011,SEP,MASVINGO,ZAKA,COMMUNAL,-18.03955381,31.53759201,FEMALE,ADULT,1200,1,0
2001,MAR,MIDLANDS,GOKWE,COMMUNAL,-18.03955381,31.53759201,ALL,ADULT,80,5,1
2001,MAR,MIDLANDS,ZVISHAVANE,COMMUNAL,-19.35052965,28.37093377,ALL,ADULT,11,2,0
2001,MAR,MASHONALAND WEST,KADOMA,RESETTLEMENT,-19.43986565,28.50025527,MALE,ADULT,1083,1,0
2001,MAR,MIDLANDS,ZVISHAVANE,COMMERCIAL,-18.72180545,29.68645286,ALL,ADULT,90,4,0
2001,MAR,MANICALAND,MAKONI,COMMUNAL,-22.17442584,30.00691806,FEMALE,ADULT,1973,1,0
2001,APR,MANICALAND,MUTASA,COMMUNAL,-15.44149473,24.17402375,MALE,ADULT,5,1,0
2001,APR,MASHONALAND WEST,KADOMA,COMMUNAL,-21.6318288,29.52627856,MALE,ADULT,3254,1,0
2001,APR,MATEBELELAND NORTH,LUPANE,COMMUNAL,-17.27047261,28.58321064,MALE,ADULT,4,1,0
2001,APR,MIDLANDS,ZVISHAVANE,COMMUNAL,-17.27047261,28.58321064,ALL,ALL,1721,7,1
2010,APR,MASVINGO,CHIVI,COMMUNAL,-16.85330846,31.23922197,MALE,ADULT,1619,3,0
2009,APR,MASHONALAND EAST,GOROMONZI,COMMUNAL,-22.47232733,29.47332029,MALE,ADULT,4,1,0
2001,APR,MASHONALAND EAST,GOROMONZI,COMMUNAL,-17.35439385,28.21318462,MALE,ADULT,4,1,0
2001,APR,MATEBELELAND NORTH,UMGUZA,COMMERCIAL,-18.12263168,28.21080717,FEMALE,ADULT,134,1,0
2001,APR,MATEBELELAND NORTH,BUBI,COMMUNAL,-17.18084321,31.51439882,FEMALE,ADULT,15,1,0
2001,APR,MASHONALAND WEST,KADOMA,COMMERCIAL,-17.51585885,31.60117145,ALL,ADULT,1735,1,0
2001,APR,MATABELELAND SOUTH,BEITBRIDGE,COMMUNAL,-17.51585885,31.60117145,MALE,ADULT,15,1,0
2001,APR,MIDLANDS,ZVISHAVANE,COMMUNAL,-20.98793525,29.70851689,FEMALE,ALL,1480,1,0
2001,APR,MATABELELAND SOUTH,BEITBRIDGE,COMMERCIAL,-22.00648143,30.19325189,ALL,ADULT,23,1,0
2001,APR,MIDLANDS,GOKWE,COMMUNAL,-18.12263168,28.21080717,FEMALE,ADULT,5,1,0
2001,APR,MIDLANDS,GOKWE,COMMUNAL,-21.6318288,29.52627856,FEMALE,ADULT,13,1,0
2001,APR,MASHONALAND CENTRAL,MAZOWE,COMMUNAL,-17.53399925,31.61045168,MALE,ADULT,4,1,0
2001,APR,MATABELELAND SOUTH,BEITBRIDGE,COMMUNAL,-18.36099892,27.41655189,ALL,ADULT,350,10,0
2001,APR,MIDLANDS,GOKWE,COMMUNAL,-17.32728013,28.21300646,ALL,ADULT,8,1,0
2001,APR,MIDLANDS,GOKWE,COMMUNAL,-19.26196573,28.10570099,ALL,ADULT,7,2,0
2001,APR,MASHONALAND CENTRAL,SHAMVA,COMMUNAL,-21.15885453,28.19911399,FEMALE,ADULT,18,2,0
2009,APR,MASHONALAND EAST,MUREHWA,COMMUNAL,-20.61485149,28.44812072,ALL,ADULT,12,2,0
2001,APR,MASHONALAND EAST,MUREHWA,COMMUNAL,-18.57690232,28.9918216,ALL,ADULT,12,2,0
2001,APR,MATABELELAND SOUTH,BEITBRIDGE,COMMUNAL,-18.90345104,32.65151639,MALE,ADULT,41,1,0
2001,APR,MATABELELAND SOUTH,BEITBRIDGE,COMMUNAL,-19.07831047,28.51597608,FEMALE,ADULT,53,2,0
2001,APR,MIDLANDS,GOKWE,COMMUNAL,-19.72962776,29.29381783,ALL,ADULT,30,5,1
2001,APR,MATABELELAND SOUTH,BEITBRIDGE,COMMUNAL,-18.26150439,30.33307941,FEMALE,ADULT,19,1,0
2001,APR,MASHONALAND EAST,MUREHWA,COMMUNAL,-18.19050867,30.42486398,MALE,ADULT,11,1,0
2001,APR,MATEBELELAND NORTH,BINGA,COMMUNAL,-18.8601712,30.52296021,ALL,ADULT,29,4,0
2001,APR,MIDLANDS,GOKWE,COMMERCIAL,-18.08901337,26.30066865,ALL,ADULT,28,28,0
2001,APR,MATEBELELAND NORTH,UMGUZA,COMMERCIAL,-18.08901337,26.30066865,FEMALE,ALL,325,2,0
2001,APR,MATABELELAND SOUTH,BULILIMAMANGWE,COMMUNAL,-18.01333962,31.6615301,ALL,ADULT,400,8,0
2001,APR,MATEBELELAND NORTH,UMGUZA,COMMERCIAL,-18.01333962,31.6615301,ALL,ADULT,300,4,1
2001,APR,MIDLANDS,KWEKWE,COMMUNAL,-18.01333962,31.6615301,ALL,ALL,75,3,0
2001,APR,MANICALAND,MUTASA,COMMUNAL,-18.01333962,31.6615301,ALL,ALL,751,4,0
2001,APR,MATEBELELAND NORTH,BUBI,COMMUNAL,-17.51193112,30.33578428,FEMALE,JUVENILE,13,1,0
2001,APR,MIDLANDS,KWEKWE,COMMERCIAL,-18.04321469,32.14968844,MALE,ADULT,12,1,0
2001,APR,MASHONALAND WEST,KADOMA,RESETTLEMENT,-17.25578836,31.93046715,MALE,ADULT,1059,1,0
2001,APR,MASHONALAND WEST,KADOMA,RESETTLEMENT,-17.25578836,31.93046715,FEMALE,ADULT,1133,1,0
2001,APR,MASHONALAND WEST,KADOMA,COMMUNAL,-17.49591691,31.35745593,FEMALE,ADULT,3254,1,0
2001,APR,MATEBELELAND NORTH,HWANGE,COMMUNAL,-18.12737446,30.4314659,ALL,ADULT,25,0,0
2001,APR,MATEBELELAND NORTH,HWANGE,COMMERCIAL,-17.71989723,28.85958621,ALL,ADULT,25,2,0
2009,JUN,MASHONALAND EAST,MUREHWA,COMMUNAL,-17.70061103,28.98380874,MALE,ADULT,2,1,0
2001,APR,MASHONALAND EAST,MUREHWA,COMMUNAL,-18.59488179,32.22758667,MALE,ADULT,2,1,0
2009,JUN,MASHONALAND EAST,MUREHWA,COMMUNAL,-19.35480753,32.43320216,FEMALE,ADULT,17,1,0
2001,APR,MASHONALAND EAST,MUREHWA,COMMUNAL,-19.35480753,32.43320216,FEMALE,ADULT,17,1,0
2001,APR,MASHONALAND WEST,ZVIMBA,COMMUNAL,-19.44416287,32.16835645,FEMALE,ADULT,12,1,0
2001,APR,MANICALAND,MAKONI,COMMUNAL,-20.52311716,29.97338998,FEMALE,ADULT,7,1,0
2009,JUN,MASHONALAND EAST,MUREHWA,COMMUNAL,-20.138182,29.77387694,ALL,ADULT,9,2,0
2001,APR,MASHONALAND EAST,MUREHWA,COMMUNAL,-17.54535111,29.14319135,ALL,ADULT,9,2,0
2001,APR,MASHONALAND CENTRAL,BINDURA,COMMUNAL,-18.62793102,28.32815284,MALE,ADULT,2685,1,0
2001,APR,MASHONALAND WEST,KADOMA,RESETTLEMENT,-19.44302625,28.05072325,FEMALE,ADULT,728,1,0
2001,APR,MIDLANDS,GOKWE,COMMUNAL,-18.74503908,29.94275,ALL,ALL,36,40,4
2001,APR,MIDLANDS,GOKWE,COMMUNAL,-19.44416287,32.16835645,ALL,ALL,31,35,4
2001,MAY,MANICALAND,MAKONI,COMMERCIAL,-18.92094036,30.34559093,FEMALE,JUVENILE,15,1,0
2001,MAY,MANICALAND,MUTARE,COMMUNAL,-19.44302625,28.05072325,ALL,ADULT,5,3,0
2001,MAY,MANICALAND,MUTARE,COMMUNAL,-19.35480753,32.43320216,ALL,ADULT,6,2,0
2001,MAY,MANICALAND,MAKONI,RESETTLEMENT,-19.44416287,32.16835645,ALL,ADULT,49,6,1
2001,MAY,MIDLANDS,ZVISHAVANE,COMMUNAL,-20.52311716,29.97338998,ALL,ADULT,105,5,0
2001,MAY,MIDLANDS,MBERENGWA,RESETTLEMENT,-20.138182,29.77387694,MALE,ADULT,24,1,0
2001,MAY,MIDLANDS,GOKWE,COMMUNAL,-17.54535111,29.14319135,ALL,ALL,43,45,2
2001,MAY,MIDLANDS,GOKWE,COMMUNAL,-18.62793102,28.32815284,MALE,ADULT,18,1,0
2001,MAY,MATEBELELAND NORTH,UMGUZA,RESETTLEMENT,-19.44302625,28.05072325,ALL,ALL,48,5,1
2001,MAY,MASHONALAND WEST,KADOMA,COMMERCIAL,-18.74503908,29.94275,ALL,ADULT,600,4,0
2001,MAY,MANICALAND,MAKONI,RESETTLEMENT,-19.44416287,32.16835645,MALE,ADULT,9,1,0
2001,MAY,MASHONALAND WEST,KADOMA,RESETTLEMENT,-18.92094036,30.34559093,MALE,ADULT,735,1,0
2001,MAY,MATEBELELAND NORTH,UMGUZA,COMMUNAL,-19.44302625,28.05072325,ALL,ADULT,24,1,0
2001,MAY,MIDLANDS,ZVISHAVANE,COMMUNAL,-15.91092434,24.15636465,ALL,ADULT,320,2,0
2001,MAY,MANICALAND,MUTARE,COMMUNAL,-19.87928605,32.54061639,ALL,ALL,17,2,0
2001,MAY,MASHONALAND EAST,MUREHWA,COMMUNAL,-17.45328757,31.70331553,FEMALE,ADULT,6,1,0
2001,MAY,MIDLANDS,GOKWE,COMMUNAL,-18.12261979,28.21269726,ALL,ADULT,25,3,0
2001,MAY,MASHONALAND WEST,KADOMA,RESETTLEMENT,-18.26150439,30.33307941,ALL,ADULT,1031,2,0
2001,MAY,MASHONALAND EAST,MUREHWA,COMMUNAL,-17.88661348,31.63231034,FEMALE,ADULT,12,1,0
2009,JUN,MASHONALAND EAST,MUREHWA,COMMUNAL,-17.71547118,31.71655031,FEMALE,ADULT,4,1,0
2001,MAY,MASHONALAND EAST,MUREHWA,COMMUNAL,-17.71547118,31.71655031,FEMALE,ADULT,4,1,0
2001,MAY,MASHONALAND WEST,ZVIMBA,COMMUNAL,-17.61037179,30.26936646,MALE,ADULT,20,1,0
2001,MAY,MIDLANDS,GOKWE,COMMUNAL,-18.02583496,28.98743909,ALL,ADULT,14,12,0
2001,MAY,MANICALAND,MUTARE,RESETTLEMENT,-18.44992889,32.14769878,ALL,ALL,1172,9,1
2001,MAY,MIDLANDS,GOKWE,COMMUNAL,-18.12261383,28.2136423,MALE,ADULT,9,1,0
2009,JUN,MASHONALAND EAST,MUREHWA,COMMUNAL,-17.54403029,31.76013485,MALE,ADULT,6,1,0
2001,MAY,MASHONALAND EAST,MUREHWA,COMMUNAL,-17.54403029,31.76013485,MALE,ADULT,6,1,0
2009,JUN,MASHONALAND EAST,MUREHWA,COMMUNAL,-17.37439351,32.16132281,FEMALE,ADULT,9,1,0
2001,MAY,MASHONALAND EAST,MUREHWA,COMMUNAL,-17.37439351,32.16132281,FEMALE,ADULT,9,1,0
2001,MAY,MATABELELAND SOUTH,BEITBRIDGE,COMMUNAL,-22.47232733,29.47332029,ALL,ADULT,510,7,0
2001,MAY,MATEBELELAND NORTH,BUBI,RESETTLEMENT,-19.53082285,28.42581284,ALL,ADULT,561,6,1
2001,MAY,MATABELELAND SOUTH,BEITBRIDGE,COMMERCIAL,-22.42749226,29.45311318,ALL,ADULT,250,15,0
2001,MAY,MANICALAND,MUTARE,COMMERCIAL,#INVALID MGRS GRID REFERENCE,#INVALID MGRS GRID REFERENCE,ALL,ALL,183,6,0
2001,MAY,MASHONALAND WEST,ZVIMBA,COMMUNAL,-17.8904499,30.27738368,ALL,ADULT,18,4,0
2001,MAY,MATEBELELAND NORTH,LUPANE,COMMUNAL,-19.0815573,28.04945905,ALL,ALL,12,3,0
2001,MAY,MATEBELELAND NORTH,LUPANE,COMMUNAL,-18.7822729,28.22304821,ALL,ALL,65,9,0
2001,MAY,MASHONALAND WEST,ZVIMBA,COMMUNAL,-17.61037179,30.26936646,FEMALE,ADULT,19,1,0
2001,MAY,MIDLANDS,GOKWE,COMMUNAL,-17.67093973,29.22379006,ALL,ALL,36,7,0
2001,MAY,MATEBELELAND NORTH,BUBI,COMMUNAL,-19.0787706,28.45896274,ALL,ALL,34,10,5
2001,MAY,MANICALAND,MUTARE,COMMUNAL,-19.41828801,32.50764664,ALL,ALL,923,19,0
2001,MAY,MATEBELELAND NORTH,UMGUZA,RESETTLEMENT,-19.80436086,28.07216753,FEMALE,ADULT,10,1,0
2001,MAY,MATEBELELAND NORTH,UMGUZA,RESETTLEMENT,-19.5331062,28.09895667,ALL,ADULT,16,2,0
2001,MAY,MIDLANDS,KWEKWE,COMMERCIAL,-18.9006192,29.12852551,ALL,ADULT,370,5,0
2001,MAY,MANICALAND,MUTARE,COMMUNAL,-19.74366199,32.51620096,ALL,ALL,1174,25,4
2001,MAY,MANICALAND,MUTARE,COMMERCIAL,-18.81290399,32.57293426,ALL,ADULT,11,1,0
2001,JUN,MANICALAND,MUTASA,RESETTLEMENT,-18.54172072,32.56034767,ALL,ADULT,8,2,0
2001,JUN,MANICALAND,MUTARE,COMMUNAL,-19.71672646,32.58680949,ALL,ADULT,911,1,0
2001,JUN,MASHONALAND CENTRAL,MAZOWE,COMMUNAL,-16.65435225,31.22228459,MALE,ADULT,6,1,0
2009,MAY,MASHONALAND EAST,MUREHWA,COMMUNAL,-17.87921447,31.89000881,ALL,ADULT,15,6,0
2001,JUN,MASHONALAND EAST,MUREHWA,COMMUNAL,-17.87921447,31.89000881,ALL,ADULT,15,6,0
2001,JUN,MASHONALAND WEST,ZVIMBA,COMMUNAL,-17.25821865,30.27457517,MALE,ADULT,10,1,0
2001,JUN,MATEBELELAND NORTH,UMGUZA,RESETTLEMENT,-19.4429764,28.05929561,ALL,ALL,44,3,0
2001,JUN,MATEBELELAND NORTH,LUPANE,COMMUNAL,-18.48993717,28.63954595,ALL,ALL,32,6,0
2001,JUN,MIDLANDS,ZVISHAVANE,COMMUNAL,-19.92143615,29.77682318,ALL,ADULT,50,4,0
2001,JUN,MANICALAND,MAKONI,COMMUNAL,-18.21428802,32.01270732,ALL,ALL,2,2,0
2001,JUN,MATEBELELAND NORTH,UMGUZA,RESETTLEMENT,-19.44302625,28.05072325,ALL,ALL,17,2,0
2001,JUN,MATEBELELAND NORTH,UMGUZA,RESETTLEMENT,-19.44302625,28.05072325,ALL,ALL,33,2,0
2001,JUN,MIDLANDS,ZVISHAVANE,RESETTLEMENT,-20.22961159,29.70087874,ALL,ALL,993,3,0
2001,JUN,MANICALAND,MAKONI,COMMUNAL,-18.73204338,32.9715518,FEMALE,ADULT,80,75,74
2001,JUN,MASHONALAND WEST,KADOMA,RESETTLEMENT,-31.35038281,29.97782939,MALE,ADULT,1738,1,0
2001,JUN,MATEBELELAND NORTH,UMGUZA,RESETTLEMENT,-19.26009635,28.38064551,ALL,ADULT,27,3,0
2001,JUN,MIDLANDS,ZVISHAVANE,COMMUNAL,-15.44149473,24.17402375,ALL,ALL,560,46,0
2001,JUN,MIDLANDS,GOKWE,COMMUNAL,-18.36591456,28.32042798,ALL,ADULT,22,24,2
2001,JUN,MATEBELELAND NORTH,UMGUZA,RESETTLEMENT,-19.80395338,28.13803483,ALL,ALL,21,2,0
2001,JUN,MATEBELELAND NORTH,BINGA,COMMUNAL,#REF!,#REF!,ALL,ADULT,16,3,0
2001,JUN,MIDLANDS,GOKWE,COMMUNAL,-18.36591456,28.32042798,ALL,ADULT,16,2,0
2009,MAY,MASHONALAND EAST,MUREHWA,COMMUNAL,-17.45328757,31.70331553,MALE,ADULT,8,1,0
2001,JUN,MASHONALAND EAST,MUREHWA,COMMUNAL,-17.45328757,31.70331553,MALE,ADULT,8,1,0
2001,JUN,MATEBELELAND NORTH,BINGA,COMMUNAL,-17.45654189,27.62156815,ALL,ADULT,3,2,0
2001,JUN,MIDLANDS,ZVISHAVANE,COMMUNAL,-15.91092434,24.15636465,ALL,ALL,700,58,0
2001,JUN,MANICALAND,MUTARE,RESETTLEMENT,-19.71556537,32.2337549,MALE,ADULT,538,1,0
2001,JUN,MANICALAND,MUTARE,RESETTLEMENT,-19.87822683,32.23298569,ALL,ADULT,538,2,0
2001,JUN,MIDLANDS,ZVISHAVANE,COMMUNAL,-16.2423652,23.38536569,ALL,ALL,200,16,0
2001,JUN,MIDLANDS,ZVISHAVANE,COMMUNAL,-16.05482795,24.11136116,ALL,ALL,400,37,0
2001,JUN,MIDLANDS,KWEKWE,COMMUNAL,-17.63407574,29.28738896,ALL,ALL,1700,1,0
2001,JUN,MIDLANDS,ZVISHAVANE,COMMUNAL,-20.31177051,30.6458106,ALL,ALL,400,11,0
2001,JUN,MIDLANDS,ZVISHAVANE,COMMUNAL,-15.862898,23.36236738,ALL,ALL,300,25,0
2001,JUN,MIDLANDS,ZVISHAVANE,COMMUNAL,-15.83781764,24.09209865,ALL,ADULT,100,20,0
2001,JUN,MIDLANDS,KWEKWE,COMMERCIAL,-18.60028376,29.3170428,ALL,ADULT,37,3,0
2001,JUN,MIDLANDS,ZVISHAVANE,COMMUNAL,-20.45082191,29.97774201,ALL,ALL,865,7,0
2001,JUN,MIDLANDS,ZVISHAVANE,COMMUNAL,-20.66749217,29.97716124,ALL,ALL,1112,6,0
2001,JUN,MASHONALAND WEST,KADOMA,COMMUNAL,-18.8601712,30.52296021,FEMALE,ADULT,3237,1,0
2001,JUN,MASHONALAND WEST,KADOMA,COMMUNAL,-18.8601712,30.52296021,MALE,ADULT,3237,1,0
2001,JUN,MIDLANDS,ZVISHAVANE,COMMUNAL,-19.94805155,29.80683851,MALE,ADULT,771,1,0
2001,JUN,MANICALAND,MUTASA,COMMUNAL,-18.45115953,32.49049992,ALL,ADULT,1211,2,0
2001,JUN,MASHONALAND CENTRAL,SHAMVA,RESETTLEMENT,-16.50437125,31.72107721,ALL,ADULT,6,6,0
2001,JUN,MANICALAND,MUTARE,RESETTLEMENT,-19.67026983,32.20830058,ALL,ADULT,807,3,0
2001,JUL,MASHONALAND EAST,MUREHWA,COMMUNAL,-17.7524405,31.84834226,FEMALE,ADULT,9,1,0
2001,JUL,MASHONALAND WEST,KADOMA,COMMUNAL,-18.8601712,30.52296021,FEMALE,ADULT,3199,1,0
2001,JUL,MASHONALAND WEST,KADOMA,COMMUNAL,-18.8601712,30.52296021,MALE,ADULT,3199,1,0
2001,JUL,MATABELELAND SOUTH,GWANDA,COMMERCIAL,-20.70711196,29.13249228,ALL,ADULT,30,3,0
2001,JUL,MANICALAND,MUTARE,COMMUNAL,-19.89601297,32.16894577,ALL,ALL,15,8,3
2001,JUL,MANICALAND,MUTASA,COMMUNAL,-18.81277476,32.51978961,ALL,ADULT,1694,5,0
2001,JUL,MIDLANDS,KWEKWE,COMMUNAL,-18.64778956,29.11867252,ALL,ADULT,15,3,0
2001,JUL,MATABELELAND SOUTH,BEITBRIDGE,COMMUNAL,-22.27096863,30.35383458,ALL,ADULT,1,1,0
2001,JUL,MANICALAND,MUTARE,RESETTLEMENT,-18.94731041,32.21549499,FEMALE,ADULT,300,2,0
2001,JUL,MASHONALAND CENTRAL,CENTENARY,COMMUNAL,-16.54349992,30.95920971,ALL,ALL,2330,5,0
2001,JUL,MATEBELELAND NORTH,BUBI,COMMUNAL,-19.53147916,28.34005336,FEMALE,ADULT,24,5,2
2001,JUL,MANICALAND,MAKONI,RESETTLEMENT,-19.44416287,32.16835645,ALL,ADULT,12,8,1
2008,FEB,MATEBELELAND NORTH,BULAWAYO,COMMERCIAL,#REF!,#REF!,ALL,ADULT,81,4,0
2008,MAR,MATEBELELAND NORTH,BULAWAYO,COMMERCIAL,-20.0716613,28.57692684,ALL,ALL,41,1,0
2001,JUL,MASHONALAND WEST,ZVIMBA,COMMUNAL,-17.61037179,30.26936646,FEMALE,ADULT,7,1,0
2008,APR,MATEBELELAND NORTH,BULAWAYO,COMMERCIAL,-20.25137478,28.68210942,MALE,ADULT,17,0,0
2008,APR,MATEBELELAND NORTH,BULAWAYO,COMMERCIAL,-20.25137478,28.68210942,MALE,ADULT,8,1,0
2008,APR,MATEBELELAND NORTH,BULAWAYO,COMMERCIAL,-20.25137478,28.68210942,ALL,ALL,35,8,0
2001,JUL,MASHONALAND CENTRAL,BINDURA,COMMUNAL,-17.82915678,31.22992562,ALL,ADULT,7,1,0
2001,JUL,MANICALAND,MUTASA,COMMUNAL,-18.44275392,32.86083044,MALE,ADULT,5,1,0
2009,MAR,MATEBELELAND NORTH,BULAWAYO,COMMERCIAL,#REF!,#REF!,ALL,ALL,300,0,0
2009,MAR,MATEBELELAND NORTH,BULAWAYO,COMMERCIAL,-20.16058857,28.72800779,MALE,ALL,5,0,0
2001,AUG,MIDLANDS,MBERENGWA,COMMUNAL,-19.89709561,30.40507533,ALL,ALL,2334,15,0
2001,AUG,MIDLANDS,MBERENGWA,COMMUNAL,-20.63631103,30.32370398,ALL,ADULT,1637,12,0
2001,AUG,MIDLANDS,MBERENGWA,COMMUNAL,-20.62632192,30.26249348,ALL,ADULT,2047,7,0
2001,AUG,MIDLANDS,MBERENGWA,COMMUNAL,-20.78988409,30.32866546,ALL,ALL,1976,11,0
2001,AUG,MIDLANDS,MBERENGWA,COMMUNAL,-20.40986685,30.27782302,ALL,ADULT,869,2,0
2001,AUG,MIDLANDS,MBERENGWA,RESETTLEMENT,-20.46290086,29.79403705,ALL,ADULT,136,3,0
2001,AUG,MIDLANDS,ZVISHAVANE,COMMUNAL,-20.22855376,30.23127543,MALE,ADULT,1466,1,0
2001,AUG,MIDLANDS,ZVISHAVANE,COMMUNAL,-15.8569033,24.16927084,ALL,ADULT,1820,16,0
2001,AUG,MIDLANDS,ZVISHAVANE,COMMUNAL,-20.7434487,30.24696438,ALL,ALL,2171,1,0
2001,AUG,MASHONALAND CENTRAL,RUSHINGA,COMMUNAL,-17.18455048,32.15656797,FEMALE,ADULT,3362,1,0
2001,AUG,MASHONALAND WEST,ZVIMBA,COMMUNAL,-17.71458873,30.64573336,FEMALE,ADULT,13,1,0
2008,FEB,MATEBELELAND NORTH,UMGUZA,COMMERCIAL,#REF!,#REF!,FEMALE,ADULT,14,1,0
2001,AUG,MIDLANDS,ZVISHAVANE,COMMUNAL,-15.91092434,24.15636465,ALL,ADULT,1620,36,2
2001,AUG,MIDLANDS,ZVISHAVANE,COMMUNAL,-15.44149473,24.17402375,ALL,ADULT,486,19,1
2001,AUG,MANICALAND,MUTARE,COMMUNAL,-19.50788097,32.27482915,FEMALE,ADULT,3,1,0
2001,AUG,MATABELELAND SOUTH,BEITBRIDGE,COMMUNAL,-22.47424392,29.34510688,ALL,ALL,120,3,0
2010,MAR,MATEBELELAND NORTH,BULAWAYO,COMMERCIAL,-20.39096866,30.22458307,FEMALE,ADULT,130,1,0
2001,AUG,MIDLANDS,ZVISHAVANE,COMMUNAL,-20.13816663,29.77485172,ALL,ALL,820,21,0
2001,AUG,MIDLANDS,ZVISHAVANE,RESETTLEMENT,-19.51693717,32.2795634,ALL,ADULT,27,2,0
2001,AUG,MANICALAND,MUTARE,COMMUNAL,-20.52311716,29.97338998,FEMALE,ADULT,6,1,0
2001,SEP,MIDLANDS,ZVISHAVANE,COMMUNAL,-21.06085865,29.66469929,ALL,ADULT,300,4,0
2001,SEP,MIDLANDS,MBERENGWA,COMMUNAL,-18.36057928,32.42261776,ALL,ALL,19,17,0
2001,SEP,MANICALAND,MUTARE,COMMERCIAL,-19.86258716,30.51823758,FEMALE,ADULT,500,2,1
2001,SEP,MASVINGO,MASVINGO,COMMERCIAL,-17.45654189,27.62156815,FEMALE,ADULT,30,2,0
2001,SEP,MATEBELELAND NORTH,BINGA,COMMUNAL,-17.45654189,27.62156815,ALL,ADULT,13,3,0
2001,SEP,MATEBELELAND NORTH,HWANGE,COMMUNAL,-20.94278815,29.70872215,ALL,ALL,1135,43,0
2001,SEP,MIDLANDS,MBERENGWA,COMMUNAL,-18.94637284,29.07684687,ALL,ADULT,17,3,0
2001,SEP,MIDLANDS,KWEKWE,COMMUNAL,-20.61737659,28.1065386,ALL,ALL,13,3,0
2001,OCT,MATABELELAND SOUTH,MATOBO,COMMUNAL,-20.05813149,30.30437194,ALL,ALL,933,8,0
2001,OCT,MIDLANDS,MBERENGWA,COMMUNAL,-20.05813149,30.30437194,ALL,ALL,2323,72,0
2001,OCT,MIDLANDS,MBERENGWA,COMMUNAL,-17.39535864,29.6005249,ALL,ALL,2323,72,0
2001,OCT,MASHONALAND WEST,MAKONDE,COMMUNAL,-20.32326914,30.5263207,ALL,ADULT,4355,4,0
2001,OCT,MASVINGO,CHIVI,COMMUNAL,-20.25495084,28.25520971,MALE,ADULT,4,1,0
2001,OCT,MATABELELAND SOUTH,MATOBO,COMMUNAL,-15.83780512,24.09116597,ALL,ADULT,1025,5,0
2001,OCT,MIDLANDS,ZVISHAVANE,COMMUNAL,-20.6633023,30.31750459,ALL,JUVENILE,1492,25,0
2001,OCT,MIDLANDS,MBERENGWA,COMMUNAL,-20.61582973,28.32627014,ALL,ALL,2337,34,0
2001,OCT,MATABELELAND SOUTH,MATOBO,COMMUNAL,-20.39096866,30.22458307,ALL,ADULT,1048,5,0
2001,OCT,MIDLANDS,ZVISHAVANE,COMMUNAL,-19.98282834,28.39638819,ALL,JUVENILE,1628,39,0
2001,OCT,MATABELELAND SOUTH,MATOBO,COMMUNAL,-20.53692746,30.31971599,ALL,ALL,1040,4,0
2001,OCT,MIDLANDS,MBERENGWA,COMMUNAL,-20.57322742,30.33154534,ALL,ALL,1937,27,0
2001,OCT,MIDLANDS,MBERENGWA,COMMUNAL,-17.93539676,30.26254622,ALL,ALL,2470,24,0
2001,OCT,MASHONALAND WEST,ZVIMBA,COMMUNAL,-20.39776431,31.52136997,FEMALE,ADULT,23,1,0
2001,OCT,MASVINGO,ZAKA,COMMUNAL,-18.12641274,32.90172928,FEMALE,ADULT,7,2,0
2001,OCT,MANICALAND,MAKONI,COMMUNAL,-19.9481113,29.80305874,MALE,ADULT,7,1,0
2001,OCT,MIDLANDS,ZVISHAVANE,RESETTLEMENT,-19.64377661,29.62714706,MALE,ADULT,832,2,0
2008,OCT,MIDLANDS,GWERU,RESETTLEMENT,-19.64377661,29.62714706,MALE,ADULT,640,1,0
2009,JAN,MIDLANDS,GWERU,COMMUNAL,-18.15099811,29.11168853,MALE,ADULT,627,1,0
2001,NOV,MIDLANDS,KWEKWE,COMMERCIAL,-15.40534904,24.17266958,ALL,ADULT,33,2,0
2001,NOV,MIDLANDS,ZVISHAVANE,COMMUNAL,-18.94637284,29.07684687,ALL,ADULT,5,2,0
2001,NOV,MIDLANDS,KWEKWE,COMMUNAL,-18.54172072,32.56034767,ALL,ADULT,230,7,0
2001,NOV,MANICALAND,MUTASA,COMMUNAL,-19.47770975,29.21502835,MALE,ADULT,25,1,0
2001,NOV,MIDLANDS,KWEKWE,COMMUNAL,-18.69196833,29.2045353,MALE,ADULT,1,1,0
2001,NOV,MIDLANDS,KWEKWE,COMMUNAL,-19.26437957,29.63530467,ALL,ALL,22,2,0
2001,DEC,MIDLANDS,KWEKWE,COMMERCIAL,-18.94637284,29.07684687,ALL,ADULT,53,3,0
2001,DEC,MIDLANDS,KWEKWE,COMMUNAL,-17.65831968,29.52134029,ALL,ALL,250,5,0
2001,DEC,MASHONALAND WEST,KADOMA,COMMERCIAL,-18.38280677,29.37275434,FEMALE,ADULT,870,2,0
2001,DEC,MIDLANDS,KWEKWE,COMMUNAL,-17.33405464,29.44822196,ALL,ALL,12,2,0
2001,DEC,MASHONALAND WEST,KADOMA,COMMERCIAL,-17.98433392,29.45514694,ALL,ALL,597,2,0
2001,DEC,MASHONALAND WEST,KADOMA,COMMERCIAL,-18.08841045,32.15047264,ALL,ALL,680,3,0
2009,MAR,MASHONALAND EAST,MUTOKO,RESETTLEMENT,-18.08841045,32.15047264,ALL,ADULT,38,3,0
2001,DEC,MASHONALAND EAST,MUTOKO,RESETTLEMENT,-18.15125606,29.08806931,ALL,ADULT,38,3,0
2001,DEC,MIDLANDS,KWEKWE,COMMERCIAL,-20.43275595,29.97837061,ALL,ADULT,87,2,0
2001,DEC,MIDLANDS,ZVISHAVANE,COMMUNAL,-22.7055786,30.43210795,ALL,ADULT,24,4,0
2002,JAN,MIDLANDS,KWEKWE,COMMUNAL,-20.33807853,30.97512835,ALL,ALL,25,20,10
2002,JAN,MASVINGO,MASVINGO,COMMERCIAL,-20.51933285,31.02738065,ALL,ALL,803,157,0
2002,JAN,MASVINGO,MASVINGO,COMMUNAL,-20.73778018,31.17818049,ALL,ALL,608,118,2
2002,JAN,MASVINGO,MASVINGO,COMMUNAL,-19.98842024,31.21943143,ALL,ALL,1057,260,0
2002,JAN,MASVINGO,MASVINGO,COMMERCIAL,-18.8601712,30.52296021,ALL,ALL,486,165,0
2002,JAN,MASHONALAND WEST,KADOMA,COMMUNAL,-18.08947509,27.55759754,FEMALE,ADULT,2984,1,0
2002,JAN,MATEBELELAND NORTH,BINGA,COMMUNAL,-18.25909985,29.13942696,ALL,ADULT,4,4,0
2002,JAN,MIDLANDS,KWEKWE,COMMUNAL,-19.73760281,31.44931627,MALE,ADULT,23,1,0
2011,JUN,MIDLANDS,GWERU,RESETTLEMENT,-16.99189703,30.6455456,ALL,ALL,7,2,0
2011,NOV,MIDLANDS,GWERU,RESETTLEMENT,-20.39096866,30.22458307,ALL,ALL,9,3,0
2002,JAN,MASVINGO,GUTU,COMMUNAL,-20.08473301,30.93824209,FEMALE,ADULT,20,1,0
2002,JAN,MASHONALAND CENTRAL,GURUVE,COMMUNAL,-18.99469709,28.7736271,ALL,ALL,2313,9,0
2002,JAN,MIDLANDS,ZVISHAVANE,COMMUNAL,-18.58736545,28.85174366,ALL,ALL,20,7,0
2002,JAN,MASVINGO,MASVINGO,COMMUNAL,-18.36902509,28.99983947,FEMALE,ADULT,4,2,0
2002,JAN,MATEBELELAND NORTH,NKAYI,COMMUNAL,-19.15317077,29.82633063,FEMALE,ADULT,10,3,1
2002,JAN,MATEBELELAND NORTH,NKAYI,COMMUNAL,-20.61150205,28.80404289,FEMALE,ADULT,18,1,0
2002,JAN,MATEBELELAND NORTH,NKAYI,COMMUNAL,-22.27096847,30.35382488,MALE,ADULT,9,1,0
2002,JAN,MATEBELELAND NORTH,BUBI,COMMERCIAL,-16.45644652,30.43775227,FEMALE,ADULT,2240,2,0
2002,JAN,MATABELELAND SOUTH,UMZINGWANE,COMMERCIAL,-18.25909985,29.13942696,ALL,ADULT,117,7,0
2002,JAN,MATABELELAND SOUTH,BEITBRIDGE,COMMUNAL,-17.54048241,31.28453211,ALL,ADULT,14,14,0
2002,JAN,MASHONALAND CENTRAL,GURUVE,COMMUNAL,-19.78774331,32.20672893,ALL,ALL,3143,14,0
2002,JAN,MIDLANDS,KWEKWE,COMMUNAL,-18.3839806,29.93560592,MALE,ADULT,10,1,0
2002,JAN,MASHONALAND CENTRAL,BINDURA,COMMUNAL,-18.72291173,27.18883481,ALL,ADULT,18,2,0
2002,JAN,MANICALAND,MUTARE,COMMUNAL,-18.80094903,29.15476429,ALL,ADULT,60,3,0
2002,JAN,MASHONALAND WEST,KADOMA,COMMERCIAL,-18.08947509,27.55759754,ALL,ALL,135,6,0
2002,JAN,MATEBELELAND NORTH,BINGA,COMMUNAL,-19.06370574,29.77163466,ALL,ADULT,3,3,0
2002,JAN,MIDLANDS,KWEKWE,COMMERCIAL,-19.79102405,30.56801338,MALE,ADULT,25,1,0
2002,FEB,MATEBELELAND NORTH,BINGA,COMMUNAL,-16.82064075,31.70769629,ALL,ADULT,31,8,3
2002,FEB,MIDLANDS,KWEKWE,COMMERCIAL,-18.79778037,30.58642254,ALL,ALL,86,7,0
2002,FEB,MASVINGO,MASVINGO,COMMERCIAL,-19.79102405,30.56801338,ALL,ALL,637,630,0
2002,FEB,MASHONALAND CENTRAL,MT DARWIN,COMMERCIAL,-16.82064075,31.70769629,ALL,ADULT,20,2,0
2002,FEB,MASHONALAND WEST,KADOMA,COMMUNAL,-18.79778037,30.58642254,MALE,ALL,1655,1,0
2002,FEB,MASVINGO,MASVINGO,COMMERCIAL,-20.77526175,30.55938576,ALL,ALL,882,543,0
2002,FEB,MASHONALAND CENTRAL,BINDURA,COMMERCIAL,-17.80289032,31.32546767,ALL,ADULT,120,3,0
2002,FEB,MASVINGO,MASVINGO,COMMERCIAL,-19.06799857,30.53029732,ALL,ALL,1177,956,0
2002,FEB,MATEBELELAND NORTH,BINGA,COMMUNAL,-17.8183067,27.55674831,ALL,ADULT,15,7,3
2002,FEB,MASHONALAND EAST,GOROMONZI,COMMUNAL,-18.0211922,31.49999379,MALE,ADULT,11,1,0
2002,FEB,MATEBELELAND NORTH,BINGA,COMMERCIAL,-17.86365542,27.50026812,ALL,ADULT,20,2,0
2002,FEB,MIDLANDS,KWEKWE,COMMUNAL,-18.53727276,29.29912872,ALL,ALL,3402,1,0
2002,FEB,MIDLANDS,ZVISHAVANE,COMMUNAL,-20.66749217,29.97716124,FEMALE,ADULT,9,1,0
2002,FEB,MASHONALAND EAST,GOROMONZI,COMMUNAL,-18.03955381,31.53759201,MALE,ADULT,3,1,0
2002,FEB,MATEBELELAND NORTH,BINGA,COMMUNAL,-17.8183067,27.55674831,ALL,ADULT,4828,34,17
2002,FEB,MIDLANDS,KWEKWE,COMMUNAL,-18.41430174,28.98993297,FEMALE,ADULT,13,1,0
2002,FEB,MASHONALAND CENTRAL,BINDURA,COMMERCIAL,-17.0986144,31.39758591,FEMALE,ADULT,283,2,0
2002,FEB,MATEBELELAND NORTH,BINGA,COMMUNAL,-18.08798007,27.9422084,FEMALE,ADULT,1,1,0
2002,FEB,MATEBELELAND NORTH,BINGA,COMMUNAL,-18.02636298,27.49883618,ALL,ADULT,18,2,0
2002,FEB,MASHONALAND CENTRAL,MAZOWE,COMMUNAL,-17.691223,30.98152556,FEMALE,ALL,6,1,0
2002,MAR,MANICALAND,MAKONI,COMMUNAL,-18.91030576,32.03433187,MALE,ADULT,6,1,0
2002,MAR,MATABELELAND SOUTH,BEITBRIDGE,COMMUNAL,-22.31380198,30.21617946,MALE,ADULT,1,1,0
2002,MAR,MATABELELAND SOUTH,BEITBRIDGE,COMMUNAL,-22.31388521,30.22102833,ALL,ADULT,27,2,0
2002,MAR,MIDLANDS,MBERENGWA,COMMUNAL,-20.53691175,30.31870031,MALE,ADULT,22,2,1
2002,MAR,MATABELELAND SOUTH,MATOBO,COMMUNAL,-21.24677938,28.50142029,FEMALE,ADULT,18,1,0
2002,MAR,MASVINGO,MWENEZI,COMMUNAL,-20.86522675,30.53580243,ALL,ADULT,7,3,0
2002,MAR,MASVINGO,MWENEZI,COMMUNAL,-20.86522675,30.53580243,ALL,ADULT,7,3,0
2002,MAR,MATABELELAND SOUTH,BEITBRIDGE,COMMERCIAL,-22.12457546,30.83428684,ALL,ALL,6,6,0
2002,MAR,MIDLANDS,MBERENGWA,COMMUNAL,-20.64502463,30.30343862,FEMALE,ADULT,4,1,0
2002,MAR,MATABELELAND SOUTH,BEITBRIDGE,COMMUNAL,-22.00648143,30.19325189,FEMALE,ADULT,2700,2,0
2002,APR,MASVINGO,MASVINGO,COMMERCIAL,-20.26582739,30.97604836,ALL,ALL,15,2,0
2002,APR,MATABELELAND SOUTH,BEITBRIDGE,RESETTLEMENT,-21.1676448,29.76189983,ALL,ADULT,9,3,0
2002,APR,MASVINGO,MWENEZI,RESETTLEMENT,-21.2387092,30.76942102,FEMALE,ALL,1,1,0
2002,APR,MATEBELELAND NORTH,NKAYI,COMMUNAL,-19.51661565,29.67728895,ALL,ADULT,18,2,0
2002,APR,MATABELELAND SOUTH,BEITBRIDGE,COMMUNAL,-22.47232733,29.47332029,ALL,ALL,63,3,0
2002,MAY,MANICALAND,MUTARE,COMMUNAL,-19.03005099,32.687439,FEMALE,ALL,8,1,0
2002,MAY,MANICALAND,MUTARE,COMMUNAL,-19.03005099,32.687439,FEMALE,ADULT,8,1,0
2002,MAY,MATABELELAND SOUTH,BULILIMAMANGWE,COMMUNAL,-21.6747216,28.06616426,MALE,ADULT,40,1,0
2002,MAY,MANICALAND,MUTASA,COMMUNAL,-18.27063554,32.59509227,MALE,ADULT,30,1,0
2002,MAY,MANICALAND,MUTARE,COMMUNAL,-19.13749678,32.31448464,ALL,ADULT,25,1,0
2002,MAY,MATEBELELAND NORTH,HWANGE,COMMUNAL,-18.08970265,26.52765441,ALL,ADULT,60,3,0
2002,MAY,MATABELELAND SOUTH,BULILIMAMANGWE,COMMUNAL,-20.66425791,27.79781478,ALL,ADULT,13,0,0
2002,MAY,MATABELELAND SOUTH,MATOBO,COMMUNAL,-21.33958324,28.19382772,ALL,ADULT,18,2,0
2002,MAY,MATEBELELAND NORTH,LUPANE,COMMUNAL,-18.92928696,27.77209468,FEMALE,ADULT,11,1,0
2002,MAY,MANICALAND,MUTASA,COMMUNAL,-18.92142841,32.60213603,MALE,ADULT,3,1,0
2011,JAN,MASHONALAND WEST,HURUNGWE,COMMUNAL,-18.16903053,31.99971712,ALL,ALL,1441,3,
2002,MAY,MANICALAND,MAKONI,COMMUNAL,-20.64185641,31.54017495,MALE,ADULT,13,1,0
2002,MAY,MASVINGO,ZAKA,COMMUNAL,-19.41712565,32.18475183,FEMALE,ADULT,5,2,0
2011,FEB,MASHONALAND WEST,,COMMUNAL,-16.82267056,29.13299148,ALL,ALL,1308,3,
2011,MAR,MASHONALAND WEST,HURUNGWE,COMMUNAL,-18.63175716,32.4302404,ALL,ADULT,1308,2,
2002,JUN,MANICALAND,MUTARE,COMMUNAL,-18.16949921,27.9057739,MALE,ADULT,8,1,0
2002,JUN,MATEBELELAND NORTH,HWANGE,COMMUNAL,-20.03922811,30.90920023,MALE,ADULT,15,1,0
2002,JUN,MASVINGO,MASVINGO,COMMUNAL,-24.8746996,33.64251247,MALE,ADULT,808,1,0
2002,JUN,MATEBELELAND NORTH,LUPANE,COMMUNAL,-20.97752483,28.28615253,ALL,ADULT,13,1,0
2010,FEB,MASHONALAND WEST,HURUNGWE,COMMUNAL,-18.36036663,27.64372148,ALL,ADULT,2720,4,
2002,JUN,MASVINGO,MASVINGO,COMMUNAL,-16.73117924,29.9577451,MALE,ADULT,1166,1,0
2002,JUN,MATABELELAND SOUTH,BULILIMAMANGWE,COMMUNAL,-20.01527738,31.19525634,ALL,ADULT,1,0,0
2002,JUN,MATABELELAND SOUTH,MATOBO,COMMUNAL,-19.89787045,32.82810629,MALE,ADULT,10,1,0
2010,JAN,MASHONALAND WEST,KARIBA,COMMUNAL,-18.28773551,27.7332747,ALL,ADULT,1124,23,0
2002,JUN,MATEBELELAND NORTH,BEITBRIDGE,COMMUNAL,-20.67920166,31.69047839,ALL,ALL,91,11,5
2011,JAN,MASHONALAND WEST,KARIBA,COMMUNAL,-20.55230407,30.76716655,MALE,ADULT,878,1,
2002,JUN,MATEBELELAND NORTH,BEITBRIDGE,COMMUNAL,-18.39504189,32.01169212,FEMALE,ADULT,34,1,0
2002,JUL,MASHONALAND WEST,HURUNGWE,COMMUNAL,-17.95385075,32.42868322,ALL,ADULT,1230,3,0
2002,JUL,MASVINGO,ZAKA,COMMUNAL,-21.24768834,30.76551,ALL,ADULT,1665,3,0
2002,JUL,MANICALAND,MUTARE,RESETTLEMENT,-20.53009538,27.39806712,ALL,ADULT,8,2,0
2002,JUL,MATEBELELAND NORTH,UMGUZA,RESETTLEMENT,-20.34900808,27.53077125,FEMALE,ADULT,33,1,0
2002,JUL,MATEBELELAND NORTH,LUPANE,COMMUNAL,-18.63175716,32.4302404,ALL,ADULT,24,2,0
2002,JUL,MASVINGO,ZAKA,COMMUNAL,-19.24646809,32.47098702,ALL,ADULT,773,7,0
2002,JUL,MASVINGO,ZAKA,COMMUNAL,-18.54139073,32.43613089,ALL,ADULT,26,2,0
2002,JUL,MASVINGO,MASVINGO,COMMERCIAL,-18.66339744,29.32641749,FEMALE,ALL,1596,1,0
2002,JUL,MANICALAND,MAKONI,COMMUNAL,-20.72846089,30.44585847,ALL,ALL,38,5,0
2002,JUL,MANICALAND,MAKONI,COMMUNAL,-25.09201367,33.4959043,MALE,ADULT,3,1,0
2002,JUL,MASVINGO,MWENEZI,COMMUNAL,-18.97267964,29.14648105,ALL,ADULT,6,1,0
2002,JUL,MATABELELAND SOUTH,BULILIMAMANGWE,COMMUNAL,-20.66749217,29.97716124,MALE,ADULT,30,3,1
2002,JUL,MATABELELAND SOUTH,BULILIMAMANGWE,COMMERCIAL,-19.81691505,31.233748,MALE,ADULT,12,1,0
2002,JUL,MANICALAND,MUTARE,COMMERCIAL,-18.63175716,32.4302404,ALL,ALL,141,8,0
2002,AUG,MANICALAND,CHIMANIMANI,COMMUNAL,-16.76310543,30.40080376,ALL,ADULT,21,10,0
2002,AUG,MANICALAND,MAKONI,COMMERCIAL,-17.72629484,30.88021315,FEMALE,ADULT,13,1,0
2011,JAN,MASVINGO,GUTU,COMMUNAL,-17.68053154,30.82610226,FEMALE,ADULT,1678,1,0
2011,JAN,MASVINGO,GUTU,COMMUNAL,-18.00240907,30.54564117,FEMALE,ADULT,1679,1,0
2011,FEB,MASVINGO,GUTU,COMMUNAL,-31.9549563,23.67612041,MALE,ADULT,2231,1,0
2002,AUG,MIDLANDS,KWEKWE,COMMUNAL,-31.50625344,23.75735775,ALL,ALL,1400,1,0
2002,AUG,MIDLANDS,MBERENGWA,COMMUNAL,-16.67401554,29.49872646,ALL,ADULT,18,2,0
2011,FEB,MASVINGO,GUTU,RESETTLEMENT,-18.98563464,30.13666824,MALE,ADULT,710,1,0
2002,SEP,MATABELELAND SOUTH,BULILIMAMANGWE,RESETTLEMENT,-19.54424393,29.6407709,ALL,ADULT,14,3,0
2002,SEP,MIDLANDS,KWEKWE,COMMUNAL,-19.81518317,29.63853873,FEMALE,ADULT,2217,1,0
2002,SEP,MIDLANDS,ZVISHAVANE,COMMERCIAL,-19.04789772,30.38252903,FEMALE,ADULT,14,1,0
2002,OCT,MANICALAND,BUHERA,COMMUNAL,-32.87961736,22.93503197,FEMALE,ADULT,2163,1,0
2011,FEB,MASVINGO,GUTU,RESETTLEMENT,-20.72580766,30.91910197,FEMALE,ADULT,6025,1,0
2010,JUN,MASVINGO,CHIREDZI,COMMUNAL,-20.74110545,30.70194295,ALL,ALL,1695,15,0
2010,JUN,MASVINGO,CHIREDZI,COMMUNAL,-20.74110545,30.70194295,ALL,ALL,1742,12,0
2010,JUN,MASVINGO,CHIREDZI,COMMUNAL,-20.49630718,30.63085019,ALL,ALL,1959,18,9
2010,JUN,MASVINGO,CHIREDZI,COMMUNAL,-20.49630718,30.63085019,ALL,ALL,2928,14,0
2002,NOV,MATEBELELAND NORTH,HWANGE,COMMUNAL,-20.71262917,30.60063089,ALL,ADULT,8,2,0
2011,MAR,MASVINGO,CHIREDZI,COMMUNAL,-20.71262917,30.60063089,FEMALE,ADULT,1478,1,0
2011,MAY,MASVINGO,CHIREDZI,RESETTLEMENT,-20.49630718,30.63085019,ALL,ALL,301,5,0
2012,MAR,MIDLANDS,GOKWE NORTH,COMMUNAL,-20.71262917,30.60063089,ALL,ADULT,3772,2,0
2012,FEB,MIDLANDS,GOKWE NORTH,COMMUNAL,-20.49630718,30.63085019,ALL,ALL,2794,3,1
2014,JAN,MASHONALAND WEST,ZVIMBA,COMMUNAL,-20.49630718,30.63085019,ALL,ALL,1383,9,1
2014,FEB,MASHONALAND WEST,ZVIMBA,COMMERCIAL,-17.72629484,30.88021315,FEMALE,JUVENILE,110,1,0
2014,FEB,MASHONALAND WEST,ZVIMBA,COMMERCIAL,-17.68053154,30.82610226,ALL,ADULT,120,5,0
2014,JAN,MASHONALAND WEST,ZVIMBA,COMMERCIAL,-17.9876,30.8186,MALE,ADULT,91,1,0
2014,JAN,MASHONALAND WEST,ZVIMBA,COMMERCIAL,-17.8248,30.79795,ALL,ALL,18,2,0
2014,FEB,MASHONALAND WEST,ZVIMBA,RESETTLEMENT,-18.0754,30.60033,ALL,ALL,47,2,0
2014,JAN,MASHONALAND WEST,ZVIMBA,RESETTLEMENT,-18.00240907,30.54564117,MALE,ALL,508,3,0
2014,MAR,MASHONALAND WEST,ZVIMBA,COMMUNAL,-31.9549563,23.67612041,MALE,ADULT,504,3,0
2012,JUL,MASHONALAND WEST,CHEGUTU,URBAN,-31.50625344,23.75735775,MALE,ADULT,,1,0
2012,FEB,MASHONALAND CENTRAL,SHAMVA,COMMUNAL,-16.67401554,29.49872646,FEMALE,ADULT,1910,1,0
2014,FEB,MASHONALAND EAST,GOROMONZI,COMMUNAL,-17.9514,31.86971,ALL,ALL,73,17,0
2012,JAN,MATABELELAND SOUTH,UMZINGWANE,COMMUNAL,-20.5233,28.8683,MALE,ADULT,10,4,0
2012,JUL,MASHONALAND WEST,HURUNGWE,COMMUNAL,-16.9753,29.93622,MALE,ADULT,,1,
2012,JUL,MASHONALAND WEST,CHEGUTU,COMMUNAL,-31.9549563,23.67612041,FEMALE,ADULT,,1,0
2012,JUL,MASHONALAND EAST,CHEGUTU,COMMUNAL,-31.50625344,23.75735775,FEMALE,ADULT,,3,0
2012,JUN,MASHONALAND WEST,HURUNGWE,COMMUNAL,-16.67401554,29.49872646,ALL,ALL,,1,1
2012,JUN,MASHONALAND WEST,HURUNGWE,COMMUNAL,-17.4973,29.39211,ALL,ALL,,1,1
2012,JUN,MASHONALAND WEST,CHEGUTU,RESETTLEMENT,-17.343,30.34693,FEMALE,ADULT,,2,0
2012,JUN,MASHONALAND WEST,CHEGUTU,RESETTLEMENT,-17.343,30.34693,FEMALE,ADULT,,2,0
2012,JUN,MASHONALAND WEST,HURUNGWE,COMMUNAL,-17.4973,29.39211,ALL,ALL,,3,1
2012,JUN,MASHONALAND WEST,HURUNGWE,COMMUNAL,-17.4973,29.39211,ALL,ALL,,3,1
2012,JUN,MASHONALAND WEST,CHEGUTU,COMMERCIAL,-17.264,30.7457,ALL,ADULT,,2,0
2012,JUN,MASHONALAND WEST,CHEGUTU,COMMERCIAL,-17.264,30.7457,ALL,ADULT,,2,0
2012,JUL,MASHONALAND WEST,HURUNGWE,COMMUNAL,-16.5962,29.92292,ALL,ADULT,,2,
2012,JAN,MASHONALAND WEST,CHEGUTU,RESETTLEMENT,-18.2534,30.39839,MALE,ADULT,447,1,0
2012,JUN,MASHONALAND WEST,HURUNGWE,COMMUNAL,-16.5393,29.4342,ALL,ALL,,2,1
2012,JUN,MASHONALAND WEST,HURUNGWE,COMMUNAL,-16.5393,29.4342,ALL,ALL,,2,1
2012,JUN,MASHONALAND WEST,HURUNGWE,COMMUNAL,-16.7945,29.9522,ALL,ADULT,,2,
2012,JUN,MASHONALAND WEST,HURUNGWE,COMMUNAL,-16.7945,29.9522,ALL,ADULT,,2,
2012,APR,MASHONALAND CENTRAL,SHAMVA,RESETTLEMENT,-17.091406,31.6485228,MALE,ADULT,4,1,0
2012,JAN,MIDLANDS,GWERU,COMMUNAL,-19.07598253,30.62442238,ALL,ALL,2346,4,0
2012,JAN,MIDLANDS,KWEKWE,RESETTLEMENT,-18.52348127,29.66152819,FEMALE,ADULT,15,1,0
2012,APR,MIDLANDS,GOKWE NORTH,COMMUNAL,-17.30128546,29.15533478,ALL,ALL,2311,5,1
2012,APR,MIDLANDS,GOKWE NORTH,COMMUNAL,-17.7653376,28.83177609,MALE,ALL,3282,2,0
2012,JUL,MASHONALAND WEST,HURUNGWE,COMMUNAL,-16.3959,29.32861,ALL,ALL,,5,
2012,APR,MIDLANDS,GOKWE NORTH,COMMUNAL,-17.30128546,29.15533478,MALE,ADULT,2311,1,0
2012,JAN,MASHONALAND WEST,ZVIMBA,RESETTLEMENT,-17.9185,30.34586,MALE,ADULT,5,1,0
2012,APR,MIDLANDS,GOKWE NORTH,COMMUNAL,-17.30128546,29.15533478,ALL,ALL,2311,1,0
2012,JUN,MASHONALAND WEST,HURUNGWE,RESETTLEMENT,-16.764,29.52802,ALL,ALL,,6,
2012,JUN,MASHONALAND WEST,HURUNGWE,RESETTLEMENT,-16.764,29.52802,ALL,ALL,,6,
2012,APR,MIDLANDS,GOKWE NORTH,COMMUNAL,-17.30128546,29.15533478,FEMALE,ADULT,2311,2,0
2012,JUN,MASHONALAND WEST,HURUNGWE,COMMUNAL,-16.8227,29.13299,MALE,ADULT,,1,
2012,APR,MIDLANDS,GOKWE NORTH,COMMUNAL,-17.7273479,29.01994375,FEMALE,ADULT,2454,2,0
2012,JUL,MASHONALAND WEST,KARIBA,COMMUNAL,-16.8511,29.00476,MALE,ADULT,,1,
2012,APR,MIDLANDS,GOKWE NORTH,COMMUNAL,-17.7273479,29.01994375,FEMALE,ADULT,2454,1,0
2012,APR,MIDLANDS,GOKWE NORTH,COMMUNAL,-17.7273479,29.01994375,MALE,ALL,2454,1,0
2012,JUL,MASHONALAND WEST,KARIBA,COMMUNAL,-16.6608,29.05245,FEMALE,ADULT,,1,
2012,APR,MIDLANDS,GOKWE NORTH,COMMUNAL,-17.7273479,29.01994375,FEMALE,ADULT,11,1,0
2012,APR,MIDLANDS,GOKWE NORTH,COMMUNAL,-17.7273479,29.01994375,ALL,ADULT,12,3,0
2012,APR,MIDLANDS,CHIRUMANZU,RESETTLEMENT,-19.279,30.186,MALE,ADULT,39,5,3
2012,APR,MIDLANDS,CHIRUMANZU,RESETTLEMENT,-19.279,30.186,FEMALE,ADULT,25,5,0
2012,APR,MIDLANDS,KWEKWE,URBAN,-19.51731195,29.62986726,ALL,ADULT,680,7,0
2012,APR,MATEBELELAND NORTH,LUPANE,COMMUNAL,-18.81221666,27.66244532,FEMALE,ADULT,1387,3,0
2012,APR,MIDLANDS,GOKWE SOUTH,COMMUNAL,-18.89977189,28.22007336,ALL,ADULT,,3,0
2012,APR,MIDLANDS,GOKWE SOUTH,COMMUNAL,-18.25081533,29.07130193,ALL,ADULT,1065,2,0
2012,APR,MATABELELAND SOUTH,BULILIMA,COMMUNAL,-19.9508,27.6214,ALL,ALL,18,2,0
2012,APR,MASHONALAND EAST,MUREWA,COMMUNAL,-17.76013598,31.6389147,FEMALE,ADULT,,1,0
2012,APR,MATABELELAND SOUTH,GWANDA,COMMUNAL,-21.3747,29.0217,FEMALE,ADULT,1229,9,0
2012,APR,MIDLANDS,GWERU,COMMUNAL,-19.16488847,29.64603395,ALL,ALL,16,7,0
2012,APR,MIDLANDS,GWERU,COMMUNAL,-19.16488847,29.64603395,ALL,ALL,12,5,0
2012,APR,MIDLANDS,GWERU,RESETTLEMENT,-19.16488847,29.64603395,MALE,ADULT,7,1,0
2012,JAN,MASHONALAND WEST,KADOMA,RESETTLEMENT,-18.5678,29.72189,ALL,ADULT,6,1,0
2012,JAN,MASHONALAND CENTRAL,GURUVE,COMMUNAL,-16.64028,30.82779,FEMALE,ADULT,,1,0
2012,JAN,MASHONALAND WEST,HURUNGWE,RESETTLEMENT,-16.6741,29.49121,ALL,ALL,913,9,
2012,NOV,MASHONALAND WEST,HURUNGWE,RESETTLEMENT,-16.67401554,29.49872646,ALL,ALL,YAWANDA,,
2012,NOV,MASHONALAND WEST,HURUNGWE,COMMUNAL,-17.1764,28.99696,MALE,ADULT,MONIACK,,
2012,NOV,MASHONALAND WEST,HURUNGWE,COMMUNAL,-17.1764,28.99696,FEMALE,ADULT,MONIACK,,
2012,NOV,MASHONALAND WEST,HURUNGWE,COMMUNAL,-17.0833,29.96514,MALE,ADULT,MAUYA,,
2012,JAN,MASHONALAND EAST,MUREHWA,COMMERCIAL,-17.72052851,31.20830283,MALE,ADULT,,1,0
2012,JAN,MIDLANDS,GOKWE NORTH,COMMUNAL,-18.04064378,28.31040407,ALL,ADULT,1193,2,0
2012,MAY,MASHONALAND WEST,HURUNGWE,COMMUNAL,-16.6837,29.44072,ALL,ADULT,1083,2,1
2012,MAY,MASHONALAND WEST,HURUNGWE,COMMUNAL,-16.7945,29.9522,ALL,ADULT,1783,3,1
2012,MAY,MASHONALAND WEST,HURUNGWE,COMMUNAL,-16.8583,29.91005,MALE,ADULT,1104,2,
2012,MAY,MASHONALAND WEST,HURUNGWE,RESETTLEMENT,-16.6095,29.60093,ALL,ALL,373,4,1
2012,MAY,MASHONALAND WEST,HURUNGWE,RESETTLEMENT,-17.0804,29.50407,ALL,ALL,1380,6,
2012,MAY,MASHONALAND WEST,HURUNGWE,COMMUNAL,-16.6837,29.45041,MALE,ADULT,1315,3,
2012,MAY,MASHONALAND WEST,HURUNGWE,RESETTLEMENT,-17.0629,30.65642,ALL,ALL,446,3,
2012,MAY,MASHONALAND WEST,HURUNGWE,COMMUNAL,-16.6213,29.37341,FEMALE,ADULT,1530,1,
2012,MAY,MASHONALAND WEST,HURUNGWE,RESETTLEMENT,-17.0387,29.92312,ALL,ALL,368,4,
2012,MAY,MASHONALAND WEST,HURUNGWE,RESETTLEMENT,-16.6741,29.49121,ALL,ALL,907,4,
2012,MAY,MASHONALAND WEST,HURUNGWE,COMMUNAL,-16.5393,29.4342,ALL,ALL,1742,7,2
2012,MAY,MASHONALAND WEST,HURUNGWE,RESETTLEMENT,-16.9081,29.56277,ALL,ALL,581,7,
2012,MAY,MASHONALAND WEST,HURUNGWE,COMMERCIAL,-16.4578,29.45196,ALL,ADULT,478,14,
2012,MAY,MASHONALAND WEST,HURUNGWE,COMMERCIAL,-16.584,29.47135,ALL,ALL,433,27,
2012,MAY,MATEBELELAND NORTH,LUPANE,COMMUNAL,-18.77323639,28.22298302,ALL,ADULT,,4,1
2012,JAN,MASHONALAND EAST,UMP,COMMUNAL,-17.68071268,31.95154348,MALE,ADULT,,5,0
2012,MAR,MASHONALAND CENTRAL,BINDURA,RESETTLEMENT,-17.25777,31.37307,MALE,ADULT,6,1,0
2014,JAN,MASHONALAND EAST,CHIKOMBA,COMMUNAL,-19.06122,31.13067,MALE,ADULT,14,2,0
2012,MAR,MASHONALAND CENTRAL,SHAMVA,RESETTLEMENT,-17.17049,31.54428,FEMALE,ADULT,,1,0
2014,FEB,MASHONALAND EAST,CHIKOMBA,COMMUNAL,-18.59179,30.42556,ALL,ADULT,30,3,0
2012,MAY,MASHONALAND WEST,HURUNGWE,COMMUNAL,-16.5962,29.92292,ALL,ALL,,11,
2012,MAY,MASHONALAND WEST,HURUNGWE,COMMUNAL,-17.0568,29.92343,ALL,ADULT,,21,1
2012,MAY,MASHONALAND WEST,HURUNGWE,COMMUNAL,-16.5773,29.98631,ALL,ADULT,,23,2
2012,JUN,MASHONALAND WEST,HURUNGWE,COMMUNAL,-16.5962,29.92292,FEMALE,ADULT,,3,
2012,JUN,MASHONALAND WEST,HURUNGWE,COMMUNAL,-16.5962,29.92292,FEMALE,ADULT,,3,
2012,JUN,MASHONALAND WEST,HURUNGWE,COMMUNAL,-17.0568,29.92343,FEMALE,ADULT,,2,
2012,JUN,MASHONALAND WEST,HURUNGWE,COMMUNAL,-17.0568,29.92343,FEMALE,ADULT,,2,
2012,MAY,MASHONALAND WEST,HURUNGWE,COMMUNAL,-16.5974,29.07707,MALE,ADULT,7,1,
2012,MAY,MASVINGO,GUTU,COMMUNAL,-19.25842189,31.41301677,MALE,ALL,1639,1,0
2014,JAN,MASHONALAND EAST,CHIKOMBA,COMMUNAL,-19.03137,31.08273,MALE,ADULT,7,1,0
2014,FEB,MIDLANDS,SHURUGWI,COMMUNAL,-19.72109,30.14029,ALL,ADULT,987,3,1
2014,FEB,MIDLANDS,SHURUGWI,COMMUNAL,-19.87035,30.39795,ALL,ADULT,732,7,2
2014,FEB,MIDLANDS,SHURUGWI,COMMUNAL,-19.84243,30.43897,MALE,ADULT,792,2,0
2014,FEB,MIDLANDS,SHURUGWI,COMMUNAL,-19.96683,30.3688,ALL,ALL,929,4,1
2014,FEB,MIDLANDS,SHURUGWI,COMMUNAL,-19.88942,30.29185,ALL,ALL,995,2,0
2014,FEB,MIDLANDS,SHURUGWI,COMMUNAL,-19.80981,30.33492,ALL,ALL,1163,1,0
2012,DEC,MIDLANDS,GOKWE SOUTH,COMMUNAL,-18.46704,28.35836,ALL,ALL,2365,3,0
2014,FEB,MIDLANDS,GOKWE SOUTH,COMMUNAL,-18.46703,28.35826,ALL,ADULT,2156,2,0
2012,SEP,MIDLANDS,GOKWE SOUTH,COMMUNAL,-18.21473,28.94154,MALE,ADULT,1911,1,0
2014,FEB,MIDLANDS,SHURUGWI,COMMUNAL,-19.71431,30.26444,ALL,ALL,1206,6,0
2014,FEB,MIDLANDS,SHURUGWI,COMMUNAL,-18.98563464,30.13666824,ALL,ADULT,403,3,0
2014,FEB,MIDLANDS,SHURUGWI,COMMUNAL,-19.54424393,29.6407709,MALE,ADULT,504,4,0
2012,JAN,MATEBELELAND NORTH,BINGA,COMMUNAL,-17.73679477,27.61028493,ALL,ADULT,,1,0
2014,JAN,MASHONALAND EAST,CHIKOMBA,COMMUNAL,-19.13305,30.46558,MALE,JUVENILE,16,1,0
2014,FEB,MASHONALAND EAST,CHIKOMBA,COMMUNAL,#REF!,#REF!,ALL,ALL,21,7,0
2012,JAN,MIDLANDS,GOKWE NORTH,COMMUNAL,-18.01479541,28.1080791,ALL,ADULT,965,3,1
2014,MAR,MANICALAND,BUHERA,COMMUNAL,-19.27094,31.65325,ALL,ALL,1087,4,0
2014,FEB,MANICALAND,BUHERA,COMMUNAL,-19.2289,31.45107,ALL,ADULT,1655,3,0
2014,MAR,MANICALAND,BUHERA,COMMUNAL,-19.72809,32.0361,FEMALE,ADULT,2074,1,0
2014,MAR,MANICALAND,BUHERA,COMMUNAL,-19.49884,31.86413,MALE,ADULT,15,1,0
2014,JAN,MASHONALAND EAST,CHIKOMBA,COMMUNAL,-18.59179,30.42556,FEMALE,ADULT,30,1,0
2014,FEB,MASHONALAND EAST,UMP,COMMUNAL,-17.26025,31.7888,FEMALE,ADULT,21,1,0
2014,FEB,MASHONALAND EAST,MUTOKO,COMMUNAL,-17.32903,32.00017,FEMALE,ADULT,20,3,0
2012,MAR,MASHONALAND EAST,GOROMONZI,COMMUNAL,-16.35328029,32.25662717,ALL,ALL,3,2,0
2014,FEB,MIDLANDS,GWERU,RESETTLEMENT,-19.6177,29.77603,ALL,ALL,533,23,0
2014,FEB,MIDLANDS,GWERU,RESETTLEMENT,-19.36666,29.41688,FEMALE,ADULT,1316,1,0
2014,FEB,MIDLANDS,GWERU,RESETTLEMENT,-19.31131,29.68584,ALL,ADULT,27,4,0
2014,FEB,MIDLANDS,GWERU,RESETTLEMENT,-19.21834,29.67174,ALL,ADULT,1236,2,1
2014,FEB,MIDLANDS,GWERU,RESETTLEMENT,-19.21834,29.67174,ALL,ADULT,1239,3,0
2014,FEB,MIDLANDS,GWERU,RESETTLEMENT,-19.21834,29.67174,MALE,ADULT,1237,1,0
2014,FEB,MIDLANDS,GWERU,COMMERCIAL,-19.54424393,29.6407709,FEMALE,ADULT,38,1,0
2012,JUN,MASHONALAND EAST,SEKE,COMMUNAL,-18.451,31.06555,FEMALE,ADULT,,1,0
2014,FEB,MIDLANDS,GWERU,RESETTLEMENT,-19.34436,29.47642,ALL,ALL,1114,4,0
2014,FEB,MIDLANDS,GWERU,RESETTLEMENT,-19.37123,29.58715,ALL,ALL,562,8,0
2014,FEB,MIDLANDS,GWERU,COMMERCIAL,-19.81518317,29.63853873,MALE,ADULT,27,1,0
2014,FEB,MIDLANDS,GWERU,RESETTLEMENT,-19.90516,29.77603,ALL,ADULT,567,3,0
2014,FEB,MIDLANDS,MBERENGWA,COMMUNAL,20.27386,29.48906,ALL,ADULT,1812,2,0
2014,FEB,MIDLANDS,MBERENGWA,COMMUNAL,-20.25386,29.45842,FEMALE,ADULT,2236,1,0
2014,FEB,MIDLANDS,MBERENGWA,COMMUNAL,-20.25386,29.45842,ALL,ADULT,2237,2,0
2014,JAN,MASHONALAND EAST,GOROMONZI,COMMERCIAL,-17.9514,31.66971,ALL,ALL,31,2,0
2014,FEB,MIDLANDS,MBERENGWA,COMMUNAL,-20.2538,29.45996,ALL,ADULT,1811,1,0
2014,FEB,MIDLANDS,MBERENGWA,COMMUNAL,-20.27386,29.42906,ALL,ADULT,1817,4,3
2014,FEB,MIDLANDS,MBERENGWA,COMMUNAL,-20.27386,29.42906,FEMALE,ADULT,1811,1,0
2014,FEB,MIDLANDS,MBERENGWA,COMMUNAL,-20.27386,29.42906,MALE,ADULT,1811,1,0
2014,FEB,MIDLANDS,MBERENGWA,COMMUNAL,-20.70997,29.8914,ALL,ALL,2173,12,2
2014,FEB,MIDLANDS,MBERENGWA,COMMUNAL,-20.69278,29.1123,ALL,ALL,2345,6,0
2014,FEB,MIDLANDS,MBERENGWA,COMMUNAL,-20.814005,30.35328,ALL,ALL,2246,67,11
2012,MAY,MIDLANDS,CHIRUMANZU,RESETTLEMENT,-19.30070115,30.37853158,ALL,ADULT,32,4,1
2014,FEB,MIDLANDS,MBERENGWA,COMMUNAL,-20.742,30.25016,ALL,ALL,1427,38,10
2014,FEB,MIDLANDS,MBERENGWA,COMMUNAL,-20.71135,30.21587,ALL,ALL,2269,76,15
2012,DEC,MIDLANDS,MBERENGWA,COMMUNAL,-20.68937,30.34506,FEMALE,ADULT,2508,1,0
2014,FEB,MIDLANDS,MBERENGWA,COMMUNAL,-20.51475,30.51315,ALL,ALL,3225,4,0
2014,FEB,MIDLANDS,MBERENGWA,COMMUNAL,-20.56978,30.07007,ALL,ALL,2247,10,2
2014,JAN,MASHONALAND CENTRAL,BINDURA,COMMUNAL,-17.18753,31.32589,FEMALE,ADULT,907,1,0
2014,JAN,MASHONALAND CENTRAL,BINDURA,COMMUNAL,-17.11748,31.2036,MALE,ADULT,1039,1,0
2014,JAN,MASHONALAND CENTRAL,BINDURA,COMMUNAL,-17.18753,31.32589,FEMALE,ADULT,907,1,0
2014,JAN,MASHONALAND CENTRAL,BINDURA,COMMUNAL,-17.4931,31.35502,MALE,ADULT,1918,1,0
2014,JAN,MASHONALAND CENTRAL,BINDURA,COMMUNAL,-16.91743,31.37303,ALL,ADULT,1170,5,0
2014,JAN,MASHONALAND CENTRAL,MAZOWE,RESETTLEMENT,-17.14283,30.72063,FEMALE,ADULT,660,2,0
2014,JAN,MASHONALAND CENTRAL,MAZOWE,COMMUNAL,-17.20685,30.78354,ALL,ALL,820,2,2
2014,JAN,MASHONALAND CENTRAL,MAZOWE,COMMUNAL,-16.72419,30.99182,FEMALE,ADULT,1727,1,0
2014,JAN,MASHONALAND CENTRAL,MAZOWE,COMMUNAL,-16.72419,30.99182,FEMALE,ADULT,1727,1,0
2012,SEP,MASHONALAND EAST,MARONDERA,COMMUNAL,-18.6109,31.84367,ALL,ADULT,11,3,0
2012,MAR,MIDLANDS,SHURUGWI,COMMUNAL,-19.87658552,30.24218746,ALL,ALL,20,5,0
2012,APR,MASHONALAND CENTRAL,MT DARWIN,COMMUNAL,-16.367813,31.570296,FEMALE,ADULT,,1,0
2012,JAN,MASHONALAND CENTRAL,SHAMVA,RESETTLEMENT,-17.819156,31.49001,ALL,ADULT,1696,2,0
2012,MAR,MIDLANDS,GOKWE SOUTH,COMMUNAL,-18.90018459,28.15551916,MALE,ADULT,1250,1,0
2012,MAY,MIDLANDS,KWEKWE,COMMUNAL,-19.44913182,29.95236744,MALE,ADULT,744,1,0
2014,FEB,MANICALAND,CHIMANIMANI,COMMUNAL,-17.51657,32.5522,FEMALE,ADULT,29,1,0
2014,FEB,MANICALAND,CHIMANIMANI,COMMUNAL,-17.51657,32.5522,FEMALE,ADULT,17,1,0
2014,FEB,MANICALAND,CHIMANIMANI,COMMUNAL,-17.51657,32.5522,FEMALE,ADULT,14,1,0
2014,FEB,MANICALAND,CHIMANIMANI,COMMUNAL,-17.91532,32.38105,FEMALE,JUVENILE,15,1,0
2014,FEB,MANICALAND,CHIMANIMANI,COMMUNAL,-17.7555,32.44415,ALL,ALL,0,19,0
2014,FEB,MANICALAND,CHIMANIMANI,COMMUNAL,-17.7555,32.44415,FEMALE,ADULT,14,1,0
2014,FEB,MANICALAND,CHIMANIMANI,COMMUNAL,-17.7555,32.44415,ALL,ALL,11,10,0
2014,FEB,MANICALAND,CHIMANIMANI,COMMUNAL,-17.7555,32.44415,ALL,ALL,13,11,0
2014,FEB,MANICALAND,CHIMANIMANI,COMMUNAL,-17.77723,32.72535,FEMALE,ADULT,4,1,0
2014,FEB,MANICALAND,CHIMANIMANI,COMMUNAL,-17.77723,32.72535,ALL,ALL,8,2,0
2012,SEP,MASHONALAND EAST,CHIKOMBA,COMMUNAL,-19.6998,30.80793,FEMALE,JUVENILE,27,1,
2014,JAN,MASHONALAND CENTRAL,MT DARWIN,COMMUNAL,-16.50143,31.66815,FEMALE,ADULT,2285,1,0
2014,MAR,MASHONALAND CENTRAL,MT DARWIN,COMMUNAL,-16.49639,31.39866,ALL,ADULT,1949,2,0
2014,JAN,MASHONALAND EAST,MUREHWA,COMMUNAL,-17.36934,31.43311,MALE,ADULT,,1,0
2014,FEB,MASHONALAND CENTRAL,MT DARWIN,COMMUNAL,-16.82047,31.26312,MALE,ADULT,443,1,0
2014,MAR,MASHONALAND CENTRAL,MT DARWIN,COMMUNAL,-16.82047,31.28312,ALL,ADULT,450,1,0
2014,JAN,MASHONALAND CENTRAL,MT DARWIN,COMMUNAL,-16.70391,31.33707,FEMALE,ADULT,835,1,0
2014,FEB,MASHONALAND CENTRAL,MT DARWIN,COMMUNAL,-16.70391,31.33707,FEMALE,ADULT,835,1,1
2014,FEB,MASHONALAND CENTRAL,MT DARWIN,COMMUNAL,-16.70391,31.33707,MALE,ADULT,829,1,0
2014,MAR,MASHONALAND CENTRAL,MT DARWIN,COMMUNAL,-16.70391,31.33707,MALE,ADULT,835,1,0
2014,MAR,MASHONALAND CENTRAL,MT DARWIN,COMMUNAL,-16.70391,31.33707,MALE,ADULT,835,1,0
2014,MAR,MASHONALAND CENTRAL,MT DARWIN,COMMUNAL,-16.70391,31.33707,MALE,ADULT,829,1,0
2014,MAR,MASHONALAND CENTRAL,MT DARWIN,COMMUNAL,-16.76391,31.33707,MALE,ADULT,829,1,0
2014,JAN,MASHONALAND CENTRAL,MT DARWIN,COMMUNAL,-16.68927,31.82948,MALE,ADULT,762,2,0
2012,JUN,MASHONALAND CENTRAL,RUSHINGA,COMMUNAL,-16.55332,32.37606,MALE,ADULT,2030,2,0
2012,AUG,MASHONALAND CENTRAL,SHAMVA,COMMUNAL,-17.1747,31.57555,FEMALE,ADULT,1721,1,0
2012,MAR,MATEBELELAND NORTH,LUPANE,COMMUNAL,-18.60363984,27.83791744,MALE,ADULT,,1,0
2012,APR,MATEBELELAND NORTH,LUPANE,COMMUNAL,-18.60363984,27.83791744,ALL,ALL,,2,1
2014,FEB,MIDLANDS,ZVISHAVANE,COMMUNAL,-20.29358,29.90764,ALL,ALL,902,164,0
2012,MAR,MIDLANDS,KWEKWE,COMMUNAL,-19.32369042,29.2528927,ALL,ADULT,1594,2,0
2014,FEB,MIDLANDS,MBERENGWA,COMMUNAL,-20.593374,29.77531,ALL,ADULT,1589,5,1
2014,FEB,MIDLANDS,MBERENGWA,COMMUNAL,-20.53738,30.15988,ALL,ALL,1539,214,8
2014,FEB,MIDLANDS,MBERENGWA,COMMUNAL,-20.644099,30.21244,ALL,ALL,3775,1,5
2012,FEB,MIDLANDS,CHIRUMANZU,RESETTLEMENT,-19.15579309,30.34947432,MALE,ADULT,26,2,0
2014,FEB,MANICALAND,BUHERA,COMMUNAL,-19.9299,32.21257,FEMALE,ADULT,1586,1,0
2014,FEB,MANICALAND,BUHERA,COMMUNAL,-19.27094,31.65325,ALL,ALL,1085,3,0
2012,OCT,MIDLANDS,GOKWE NORTH,COMMUNAL,-17.58941,28.71344,FEMALE,ADULT,1717,1,0
2012,SEP,MIDLANDS,GOKWE NORTH,COMMUNAL,-17.53543,29.10319,ALL,ADULT,1638,2,0
2012,DEC,MIDLANDS,GOKWE NORTH,COMMUNAL,-17.52508,29.18353,ALL,ADULT,1482,2,0
2012,OCT,MIDLANDS,GOKWE NORTH,COMMUNAL,-17.88908,28.95244,MALE,ADULT,3083,1,0
2012,DEC,MIDLANDS,GOKWE SOUTH,COMMUNAL,-17.86618,28.51716,MALE,ADULT,3416,1,0
2012,OCT,MIDLANDS,GOKWE NORTH,COMMUNAL,-17.59981,28.9152,ALL,ADULT,2914,2,0
2012,OCT,MIDLANDS,GOKWE NORTH,COMMUNAL,-17.53032,28.78055,FEMALE,ADULT,1556,1,0
2012,DEC,MIDLANDS,GOKWE NORTH,COMMUNAL,-17.53226,28.91451,MALE,ADULT,1065,1,0
2012,JUL,MIDLANDS,CHIRUMANZU,RESETTLEMENT,-19.37294297,30.37832911,ALL,ADULT,29,5,0
2012,DEC,MIDLANDS,CHIRUMANZU,COMMUNAL,-19.04789772,30.38252903,ALL,ADULT,571,5,0
2012,JAN,MIDLANDS,GOKWE NORTH,COMMUNAL,-32.87961736,22.93503197,ALL,ALL,1129,2,20
2012,JUL,MIDLANDS,CHIRUMANZU,COMMUNAL,-19.663,30.66689,FEMALE,ADULT,1424,1,0
2012,DEC,MIDLANDS,CHIRUMANZU,COMMUNAL,-19.74469,30.69907,FEMALE,ALL,616,2,0
2012,JUL,MIDLANDS,CHIRUMANZU,COMMUNAL,-19.1829334,30.35284151,ALL,ADULT,722,3,0
2012,JUL,MIDLANDS,CHIRUMANZU,COMMUNAL,-19.1588,30.31121,MALE,JUVENILE,800,1,0
2012,JUL,MIDLANDS,CHIRUMANZU,COMMUNAL,-19.1588,30.31121,MALE,ADULT,800,2,0
2012,DEC,MIDLANDS,GOKWE NORTH,COMMUNAL,-17.390378,29.26591,ALL,ALL,1083,3,1
2012,SEP,MIDLANDS,GOKWE NORTH,COMMUNAL,-17.35155,28.76675,ALL,ALL,1481,4,0
2012,SEP,MIDLANDS,GOKWE NORTH,COMMUNAL,-17.25404,28.72879,MALE,ADULT,1516,1,0
2012,OCT,MIDLANDS,GOKWE NORTH,COMMUNAL,-17.35155,28.76675,ALL,ADULT,1485,2,0
2012,OCT,MIDLANDS,GOKWE NORTH,COMMUNAL,-17.25404,28.72879,MALE,ADULT,1520,1,1
2012,JUL,MIDLANDS,GOKWE NORTH,COMMUNAL,-17.23939833,29.02489615,MALE,ADULT,1680,1,0
2012,SEP,MIDLANDS,GOKWE NORTH,COMMUNAL,-17.68736,29.02167,ALL,ADULT,3174,2,0
2012,OCT,MIDLANDS,GOKWE NORTH,COMMUNAL,-17.57417,28.98607,MALE,ADULT,2343,1,0
2012,OCT,MIDLANDS,GOKWE NORTH,COMMUNAL,-17.77336,29.03679,FEMALE,ADULT,1680,1,0
2012,SEP,MIDLANDS,GOKWE NORTH,COMMUNAL,-17.4001,28.86401,ALL,ALL,2998,4,0
2012,DEC,MIDLANDS,GOKWE NORTH,COMMUNAL,-17.4001,28.86401,ALL,ALL,2226,6,1
2014,FEB,MASHONALAND EAST,CHIKOMBA,COMMUNAL,-18.50215,30.45394,MALE,ADULT,4,1,0
2014,FEB,MIDLANDS,GWERU,COMMUNAL,-19.25501,29.41321,MALE,ADULT,914,1,0
2014,FEB,MIDLANDS,GWERU,COMMUNAL,-32.87961736,22.93503197,MALE,ADULT,912,1,0
2014,FEB,MIDLANDS,GWERU,COMMUNAL,-19.16235,30.01005,ALL,ALL,1498,3,0
2014,FEB,MIDLANDS,GWERU,COMMUNAL,-19.14121,30.07262,MALE,ADULT,1000,1,0
2014,FEB,MASVINGO,CHIVI,COMMUNAL,-20.72580766,30.91910197,MALE,ADULT,1007,1,0
2014,MAR,MASVINGO,CHIVI,COMMUNAL,-20.74110545,30.70194295,ALL,ALL,15,1,0
2014,MAR,MASVINGO,CHIVI,COMMUNAL,-20.74110545,30.70194295,ALL,ADULT,42,3,0
2014,FEB,MASVINGO,CHIVI,COMMUNAL,-20.49630718,30.63085019,FEMALE,ALL,1590,1,0
2014,FEB,MASVINGO,CHIVI,COMMUNAL,-20.49630718,30.63085019,ALL,ADULT,1590,2,0
2014,FEB,MASVINGO,CHIVI,COMMUNAL,-20.71262917,30.60063089,ALL,ADULT,1813,6,0
2014,FEB,MASVINGO,CHIVI,COMMUNAL,-20.71262917,30.60063089,MALE,ADULT,1813,1,0
2014,FEB,MASVINGO,CHIVI,COMMUNAL,-20.49630718,30.63085019,ALL,ADULT,1590,4,0
2014,FEB,MASVINGO,CHIVI,COMMUNAL,-20.71262917,30.60063089,ALL,ADULT,1567,4,0
2014,FEB,MASVINGO,CHIVI,COMMUNAL,-20.49630718,30.63085019,FEMALE,JUVENILE,1590,1,0
2014,FEB,MASVINGO,CHIVI,COMMUNAL,-20.49630718,30.63085019,MALE,ADULT,1590,2,0
2014,FEB,MASVINGO,CHIVI,COMMUNAL,-20.71339624,30.65628323,FEMALE,ADULT,1567,1,0
2014,FEB,MASVINGO,CHIVI,COMMUNAL,-20.37892884,30.63267711,MALE,ADULT,2112,1,0
2014,FEB,MASVINGO,CHIVI,COMMUNAL,-19.89203791,30.69345481,FEMALE,ADULT,1171,1,0
2014,FEB,MASVINGO,CHIVI,COMMUNAL,-20.33853906,30.33655515,FEMALE,ADULT,1234,1,0
2014,MAR,MASVINGO,CHIVI,COMMUNAL,-20.29313979,30.32008817,MALE,ADULT,1175,1,0
2012,APR,MIDLANDS,GOKWE NORTH,COMMUNAL,-20.6551752,30.37613021,ALL,ALL,1246,12,8
2012,MAR,MIDLANDS,GOKWE NORTH,COMMUNAL,-20.2316087,30.43209031,MALE,ADULT,1246,2,0
2014,FEB,MASVINGO,CHIVI,COMMUNAL,-20.6551752,30.37613021,MALE,ADULT,1875,1,0
2014,FEB,MASVINGO,CHIVI,COMMUNAL,-20.2316087,30.43209031,MALE,ADULT,2065,1,0
2014,JAN,MASHONALAND EAST,GOROMONZI,COMMUNAL,#REF!,#REF!,ALL,ALL,10,1,0
2014,FEB,MASHONALAND EAST,GOROMONZI,COMMUNAL,-19.42505257,30.23855259,FEMALE,JUVENILE,1,1,0
2012,FEB,MASHONALAND WEST,HURUNGWE,RESETTLEMENT,-19.21829553,29.69921458,MALE,ADULT,,1,
2012,FEB,MASHONALAND EAST,UMP,COMMUNAL,-18.9162913,29.32798685,MALE,ADULT,3,1,0
2012,JAN,MIDLANDS,KWEKWE,COMMUNAL,-19.73760281,31.44931627,MALE,ADULT,1653,1,0
2012,FEB,MATEBELELAND NORTH,BUBI,COMMUNAL,-19.34465589,29.0047477,ALL,ADULT,1500,5,0
2012,MAR,MASHONALAND CENTRAL,SHAMVA,COMMUNAL,#REF!,#REF!,ALL,ADULT,,2,0
2012,APR,MIDLANDS,GOKWE NORTH,COMMUNAL,-32.60069935,22.94874975,ALL,ALL,7,1,1
2012,APR,MIDLANDS,GOKWE NORTH,COMMUNAL,-17.96944657,29.1897701,ALL,ALL,8,5,2
2012,APR,MIDLANDS,GOKWE NORTH,COMMUNAL,-19.19201646,30.35647882,ALL,ALL,11,2,0
2012,APR,MIDLANDS,GOKWE NORTH,COMMUNAL,-17.96944657,29.1897701,ALL,ALL,1246,1,0
2012,MAY,MIDLANDS,GOKWE NORTH,COMMUNAL,-17.96944657,29.1897701,FEMALE,ADULT,1246,2,0
2012,JAN,MATEBELELAND NORTH,BINGA,COMMUNAL,-17.73679477,27.61028493,MALE,ADULT,2012,1,1
2012,JAN,MASHONALAND EAST,HWEDZA,COMMUNAL,-18.2486451,31.71079974,MALE,ADULT,,1,0
2012,FEB,MATEBELELAND NORTH,LUPANE,COMMUNAL,-19.62500893,27.80872888,ALL,ALL,,3,2
2012,MAY,MATABELELAND SOUTH,UMZINGWANE,RESETTLEMENT,-20.38333,29.3175,FEMALE,ADULT,,1,0
2012,JUL,MASHONALAND EAST,MARONDERA,RESETTLEMENT,-18.61099126,31.84367086,MALE,JUVENILE,,3,0
2012,JUL,MASHONALAND EAST,MARONDERA,COMMUNAL,-18.1421,31.47536,ALL,ALL,,3,0
2014,JAN,MASHONALAND EAST,GOROMONZI,COMMUNAL,17.2065,31.32336,ALL,ALL,4,1,0
2012,FEB,MATEBELELAND NORTH,BINGA,COMMUNAL,-18.09013621,27.23627896,MALE,ALL,21,2,0
2012,FEB,MIDLANDS,GOKWE NORTH,COMMUNAL,-17.35827,28.3925,FEMALE,ADULT,2,1,0
2012,FEB,MASHONALAND WEST,KADOMA,RESETTLEMENT,-18.567,29.72189,ALL,ADULT,3,1,0
2012,FEB,MATEBELELAND NORTH,HWANGE,COMMUNAL,-18.12625975,27.26188739,ALL,ADULT,,9,0
2012,APR,MATEBELELAND NORTH,BINGA,COMMUNAL,-17.39044717,28.22947019,ALL,ALL,1131,11,0
2012,FEB,MASHONALAND CENTRAL,RUSHINGA,RESETTLEMENT,-16.61496,32.50371,FEMALE,JUVENILE,,3,0
2012,MAR,MIDLANDS,GOKWE SOUTH,COMMUNAL,-17.34643282,29.15774284,ALL,ALL,,3,0
2012,JUN,MASHONALAND EAST,MUREHWA,RESETTLEMENT,-18.08767043,31.99638999,MALE,ADULT,10,1,0
2013,JAN,MASHONALAND EAST,MUREHWA,COMMUNAL,17.52749,32.07539,ALL,ADULT,51,11,0
2012,JAN,MIDLANDS,GWERU,COMMUNAL,-18.99326308,29.64903268,ALL,ADULT,639,1,0
2012,JAN,MATABELELAND SOUTH,UMZINGWANE,COMMUNAL,-20.44444,29.0725,ALL,JUVENILE,,7,0
2012,JAN,MATEBELELAND NORTH,BINGA,COMMUNAL,-17.45695326,27.4718544,ALL,ALL,9,2,0
2012,FEB,MIDLANDS,GOKWE SOUTH,COMMERCIAL,-18.25081533,29.07130193,ALL,ALL,21,5,0
2014,FEB,MANICALAND,MUTARE,COMMUNAL,-19.383,32.25471,ALL,ALL,24,4,0
2012,JUN,MASHONALAND EAST,CHIKOMBA,COMMUNAL,-17.9086,32.42417,FEMALE,JUVENILE,,1,0
2012,JAN,MASHONALAND CENTRAL,BINDURA,COMMUNAL,-16.88481,31.28606,ALL,ADULT,,3,0
2012,MAR,MASHONALAND CENTRAL,SHAMVA,COMMUNAL,-17.15101,31.62403,FEMALE,ADULT,,1,0
2012,FEB,MATEBELELAND NORTH,BUBI,COMMUNAL,-19.79330287,29.25839564,FEMALE,ADULT,1500,2,0
2012,FEB,MASHONALAND WEST,HURUNGWE,RESETTLEMENT,-17.2969,29.53241,FEMALE,ADULT,,5,1
2012,OCT,MASHONALAND EAST,HWEDZA,COMMUNAL,-18.3586,31.22651,MALE,ADULT,12,1,0
2012,DEC,MIDLANDS,KWEKWE,COMMUNAL,-18.56822,29.40724,ALL,ADULT,2402,4,0
2012,DEC,MIDLANDS,KWEKWE,COMMUNAL,-18.62364,29.42368,ALL,ALL,2309,3,0
2014,FEB,MIDLANDS,KWEKWE,COMMUNAL,-18.78494,29.5884,MALE,ADULT,569,2,0
2012,DEC,MIDLANDS,KWEKWE,COMMUNAL,-18.62526,29.2688,MALE,ADULT,1829,1,0
2014,FEB,MIDLANDS,KWEKWE,COMMUNAL,-19.86959,29.54755,MALE,ADULT,791,1,0
2012,JUL,MIDLANDS,KWEKWE,RESETTLEMENT,-18.51038845,29.9358063,FEMALE,ADULT,21,1,0
2012,DEC,MIDLANDS,KWEKWE,COMMUNAL,-18.75634,29.88895,FEMALE,ADULT,1115,1,0
2012,DEC,MIDLANDS,KWEKWE,RESETTLEMENT,-19.42505257,30.23855259,FEMALE,ADULT,50,1,0
2012,MAY,MIDLANDS,KWEKWE,COMMUNAL,-18.99976395,29.14783476,ALL,ALL,1881,5,0
2012,JAN,MIDLANDS,GWERU,COMMUNAL,-19.48202888,30.62577405,FEMALE,ADULT,514,1,0
2014,JAN,MATEBELELAND NORTH,BINGA,COMMUNAL,-17.45695326,27.4718544,ALL,ALL,60,7,0
2012,MAY,MATEBELELAND NORTH,BUBI,COMMUNAL,-19.79575625,29.05518526,ALL,ALL,1500,5,0
2014,FEB,MANICALAND,MUTARE,COMMUNAL,-19.37115,32.23537,MALE,ADULT,11,1,0
2014,MAR,MANICALAND,MUTARE,RESETTLEMENT,-18.76285,32.37938,ALL,ALL,868,4,
2013,JAN,MANICALAND,MUTARE,RESETTLEMENT,-19.11341,32.34267,ALL,ALL,,19,
2014,MAR,MANICALAND,MUTARE,COMMUNAL,-19.10691,32.67917,MALE,ADULT,896,3,
2014,MAR,MANICALAND,MUTARE,RESETTLEMENT,-19.10691,32.67917,MALE,ADULT,896,3,
2014,MAR,MANICALAND,MUTARE,COMMUNAL,-19.5034,32.42456,FEMALE,ADULT,8,1,
2014,MAR,MANICALAND,MUTARE,RESETTLEMENT,-19.5034,32.42456,FEMALE,ADULT,372,6,
2014,MAR,MANICALAND,MUTARE,RESETTLEMENT,-19.46018,32.4658,FEMALE,ADULT,809,2,
2014,MAR,MANICALAND,MUTARE,RESETTLEMENT,-19.46018,32.4658,MALE,ADULT,809,2,
2014,MAR,MANICALAND,MUTARE,RESETTLEMENT,-19.50541,32.37135,FEMALE,ADULT,2134,1,
2014,FEB,MANICALAND,MUTARE,RESETTLEMENT,-19.5034,32.42456,ALL,ADULT,3,2,0
2012,DEC,MIDLANDS,KWEKWE,RESETTLEMENT,-18.98084,29.03934,ALL,ADULT,1371,2,0
2014,FEB,MIDLANDS,KWEKWE,RESETTLEMENT,-18.57821,29.44611,ALL,ALL,1508,5,0
2014,FEB,MIDLANDS,KWEKWE,RESETTLEMENT,-18.56822,29.40724,ALL,ALL,2288,3,0
2014,FEB,MIDLANDS,KWEKWE,RESETTLEMENT,-19.15148,29.25019,MALE,ADULT,1547,1,0
2014,FEB,MIDLANDS,KWEKWE,COMMERCIAL,-18.9162913,29.32798685,ALL,ADULT,461,6,0
2014,MAR,MASVINGO,CHIREDZI,RESETTLEMENT,-19.73760281,31.44931627,ALL,ALL,1816,17,0
2014,MAR,MASVINGO,CHIREDZI,RESETTLEMENT,-20.89673864,31.78570527,ALL,ALL,1768,7,0
2014,MAR,MASVINGO,CHIREDZI,RESETTLEMENT,-20.91479366,31.78363701,ALL,ALL,2536,29,0
2014,MAR,MASVINGO,CHIREDZI,RESETTLEMENT,-20.98725837,31.80998537,ALL,ALL,1334,7,0
2012,APR,MIDLANDS,KWEKWE,COMMUNAL,-18.99976395,29.14783476,ALL,ALL,1794,8,0
2014,MAR,MASVINGO,CHIREDZI,RESETTLEMENT,-22.07597984,31.3078472,ALL,ADULT,1865,6,0
2014,MAR,MASVINGO,CHIREDZI,RESETTLEMENT,-22.21954448,31.21883445,ALL,ALL,937,17,3
2014,MAR,MASVINGO,CHIREDZI,RESETTLEMENT,-21.94797307,31.16317567,ALL,ALL,1252,5,0
2014,MAR,MASVINGO,CHIREDZI,RESETTLEMENT,-21.24751326,31.58338298,ALL,ALL,1526,10,2
2014,MAR,MASVINGO,CHIREDZI,RESETTLEMENT,-21.47256417,31.49242683,ALL,ALL,2299,15,8
2014,MAR,MASVINGO,CHIREDZI,RESETTLEMENT,-21.50792426,31.40905388,ALL,ALL,2366,12,8
2014,MAR,MASVINGO,CHIREDZI,RESETTLEMENT,-22.55604243,31.44299896,ALL,ALL,420,10,10
2014,FEB,MIDLANDS,GOKWE SOUTH,COMMUNAL,-18.03221,28.53014,ALL,ADULT,1253,2,0
2012,FEB,MIDLANDS,KWEKWE,COMMUNAL,-19.76622239,29.25713626,FEMALE,ADULT,883,2,0
2012,MAR,MATEBELELAND NORTH,LUPANE,COMMUNAL,-18.55065991,27.48044865,MALE,ADULT,17,1,0
2012,JAN,MIDLANDS,ZVISHAVANE,COMMUNAL,-20.16035,30.05187,ALL,ALL,1394,1,0
2012,FEB,MATEBELELAND NORTH,LUPANE,COMMUNAL,-18.74642442,28.17637004,ALL,ALL,,7,3
2012,MAR,MASHONALAND EAST,MUREWA,COMMUNAL,-17.70709517,31.82221196,MALE,ADULT,1,1,0
2012,MAR,MATEBELELAND NORTH,LUPANE,COMMUNAL,-18.5685341,27.55441544,ALL,ALL,17,4,1
2012,MAR,MIDLANDS,CHIRUMANZU,COMMUNAL,-19.1112881,30.39483189,MALE,ADULT,633,1,0
2012,MAR,MASHONALAND EAST,MARONDERA,COMMUNAL,-18.11921387,31.33189699,MALE,ADULT,,3,0
2012,APR,MASHONALAND EAST,MUREWA,COMMUNAL,-17.70709517,31.82221196,MALE,ADULT,,1,0
2014,JAN,MASHONALAND CENTRAL,MAZOWE,COMMUNAL,-16.88273,31.08701,MALE,ADULT,1353,1,0
2014,JAN,MASHONALAND CENTRAL,MAZOWE,COMMUNAL,-17.2394,31.13392,MALE,JUVENILE,1109,1,0
2012,FEB,MASHONALAND CENTRAL,BINDURA,RESETTLEMENT,-17.15273,31.16597,ALL,ALL,,2,0
2012,MAR,MIDLANDS,GWERU,COMMERCIAL,-32.60069935,22.94874975,ALL,ALL,235,46,0
2012,MAY,MIDLANDS,GOKWE NORTH,COMMUNAL,-17.76388785,28.98076211,ALL,ADULT,2912,1,0
2012,MAY,MIDLANDS,GOKWE NORTH,COMMUNAL,-17.76388785,28.98076211,MALE,ADULT,8,1,0
2012,FEB,MATEBELELAND NORTH,BUBI,COMMUNAL,-19.79330287,29.25839564,FEMALE,ADULT,1500,3,0
2012,MAR,MATEBELELAND NORTH,BUBI,COMMUNAL,-19.79330287,29.25839564,ALL,ADULT,1500,4,0
2012,MAR,MASHONALAND CENTRAL,SHAMVA,RESETTLEMENT,-17.17049,31.54428,FEMALE,ADULT,,1,0
2012,MAY,MIDLANDS,GOKWE NORTH,COMMUNAL,-17.76388785,28.98076211,MALE,ADULT,2,1,0
2012,MAY,MIDLANDS,GOKWE NORTH,COMMUNAL,-17.76388785,28.98076211,MALE,ADULT,11,1,0
2012,JUN,MASHONALAND EAST,UMP,COMMUNAL,-16.3532,32.25662,ALL,JUVENILE,,1,0
2012,AUG,MASHONALAND EAST,UMP,COMMUNAL,-17.0493,32.26426,MALE,ADULT,19,1,0
2012,SEP,MASHONALAND EAST,UMP,COMMUNAL,-17.0493,32.26426,MALE,ADULT,19,1,0
2012,APR,MASHONALAND WEST,HURUNGWE,COMMUNAL,-16.5962,29.92292,ALL,ALL,1117,7,2
2012,MAY,MASHONALAND EAST,MUREHWA,COMMUNAL,-17.20070323,31.78033641,ALL,ALL,8,6,0
2012,MAY,MASHONALAND EAST,MUREHWA,COMMUNAL,-17.20070323,31.78033641,ALL,ALL,,6,0
2012,JUL,MASHONALAND EAST,MUREHWA,COMMUNAL,-18.0314,31.66237,ALL,ADULT,5,2,0
2012,JUL,MASHONALAND EAST,MUREWA,COMMUNAL,-17.7155,31.71655,FEMALE,ADULT,13,0,0
2014,JAN,MASHONALAND CENTRAL,SHAMVA,COMMUNAL,-17.31265,31.49264,FEMALE,ADULT,936,1,0
2014,JAN,MASHONALAND CENTRAL,SHAMVA,COMMUNAL,-17.31265,31.49264,FEMALE,ADULT,936,1,0
2014,FEB,MIDLANDS,ZVISHAVANE,COMMUNAL,-20.22405,29.91055,ALL,ADULT,1175,2,0
2014,FEB,MIDLANDS,ZVISHAVANE,COMMUNAL,-20.51213,30.33209,ALL,ADULT,1859,4,0
2014,FEB,MIDLANDS,ZVISHAVANE,COMMUNAL,-20.1112,30.08711,MALE,ADULT,50,1,1
2014,FEB,MIDLANDS,ZVISHAVANE,COMMUNAL,-20.15603,30.09728,ALL,ALL,1359,48,5
2014,FEB,MIDLANDS,MBERENGWA,COMMUNAL,-20.5204,29.91011,FEMALE,ADULT,1065,1,0
2014,FEB,MIDLANDS,MBERENGWA,COMMUNAL,-20.633443,29.84253,ALL,ADULT,1539,2,0
2012,MAR,MASHONALAND EAST,HWEDZA,COMMUNAL,-16.35328029,32.25662717,ALL,ADULT,,3,0
2012,MAR,MASVINGO,GUTU,COMMUNAL,-19.73760281,31.44931627,MALE,ADULT,2936,2,0
2014,FEB,MASHONALAND EAST,MARONDERA,COMMUNAL,-18.582933,31.69887,MALE,ADULT,1,1,0
2012,MAR,MASHONALAND CENTRAL,SHAMVA,RESETTLEMENT,-17.1696,31.57938,ALL,ALL,,4,0
2012,MAR,MASHONALAND CENTRAL,SHAMVA,RESETTLEMENT,-17.1696,31.57938,ALL,ALL,,9,0
2012,APR,MIDLANDS,GOKWE NORTH,COMMUNAL,-18.00411676,29.31573447,MALE,ADULT,491,6,0
2012,JUN,MASHONALAND EAST,CHIKOMBA,COMMUNAL,-19.4197,31.27243,MALE,ADULT,,1,0
2012,JAN,MATEBELELAND NORTH,BINGA,COMMUNAL,-17.85326201,27.88245399,ALL,ALL,1760,5,1
2012,JAN,MATEBELELAND NORTH,HWANGE,COMMUNAL,-18.07767,26.757,FEMALE,ADULT,,1,0
2012,APR,MIDLANDS,MBERENGWA,COMMUNAL,-20.78358,29.69154,ALL,ALL,2181,2,0
2012,MAY,MASHONALAND EAST,CHIKOMBA,RESETTLEMENT,-19.9737,30.77126,MALE,ADULT,,1,0
2012,MAY,MASHONALAND EAST,CHIKOMBA,RESETTLEMENT,-19.9737,30.77126,MALE,ADULT,20,1,0
2012,JUN,MASHONALAND EAST,CHIKOMBA,COMMUNAL,-19.79367535,30.77126353,FEMALE,ADULT,,1,0
2012,JUN,MASHONALAND EAST,CHIKOMBA,COMMUNAL,-19.6242,30.95184,MALE,ADULT,,1,0
2012,JAN,MIDLANDS,CHIRUMANZU,COMMUNAL,-19.35898,30.15953,ALL,ADULT,810,2,0
2012,FEB,MIDLANDS,GOKWE NORTH,COMMUNAL,-17.24257,26.42506,ALL,ALL,34,4,3
2012,JAN,MATEBELELAND NORTH,BINGA,COMMUNAL,-17.73679477,27.61028493,ALL,ALL,15,4,0
2012,JAN,MIDLANDS,GOKWE NORTH,COMMUNAL,-17.24257,26.42506,ALL,ALL,1740,4,2
2014,JAN,MASHONALAND EAST,MARONDERA,COMMUNAL,-18.302991,31.718004,MALE,ADULT,1,1,0
2012,OCT,MASHONALAND EAST,CHIKOMBA,COMMUNAL,-18.96133,30.66192,MALE,ADULT,,1,0
2012,APR,MASHONALAND EAST,GOROMONZI,COMMUNAL,-17.3965,31.35832,ALL,ADULT,5,3,0
2012,APR,MASHONALAND EAST,GOROMONZI,COMMUNAL,-17.3965,31.35832,ALL,ADULT,,3,0
2012,FEB,MATEBELELAND NORTH,BINGA,COMMUNAL,-17.24671419,28.07617729,ALL,ALL,,17,0
2012,FEB,MIDLANDS,GOKWE NORTH,COMMUNAL,#REF!,#REF!,ALL,ALL,1562,5,0
2012,FEB,MASHONALAND CENTRAL,SHAMVA,COMMUNAL,-17.35213,31.51354,FEMALE,ADULT,,1,0
2012,MAR,MASHONALAND EAST,MARONDERA,COMMERCIAL,-18.49216495,31.64177703,FEMALE,ADULT,150,3,0
2012,MAR,MASHONALAND CENTRAL,SHAMVA,RESETTLEMENT,-17.35213,31.51354,MALE,ADULT,13,1,0
2012,MAR,MIDLANDS,GOKWE NORTH,COMMUNAL,-17.32967,28.3615,FEMALE,ADULT,1562,1,1
2012,MAY,MATEBELELAND NORTH,BINGA,COMMUNAL,-17.82725451,27.58792585,ALL,ALL,22,8,4
2014,JAN,MASHONALAND CENTRAL,MBIRE,COMMUNAL,-16.90809,31.30656,ALL,ADULT,1248,2,0
2012,JUN,MASHONALAND CENTRAL,SHAMVA,COMMUNAL,-16.98072,31.48536,FEMALE,ADULT,2740,1,0
2012,FEB,MIDLANDS,CHIRUMANZU,COMMUNAL,-19.35898,29.36324,ALL,ADULT,338,3,0
2012,JAN,MASHONALAND WEST,KADOMA,RESETTLEMENT,-18.72180545,29.68645286,MALE,ADULT,1059,1,0
2012,AUG,MANICALAND,NYANGA,COMMUNAL,-17.388983,32.56554,MALE,ADULT,,1,
2012,MAR,MASHONALAND EAST,HWEDZA,COMMUNAL,-18.12207202,31.70322388,ALL,ADULT,41,2,0
2012,APR,MIDLANDS,SHURUGWI,COMMUNAL,-18.98563464,30.13666824,ALL,ADULT,285,4,0
2012,MAR,MASHONALAND EAST,MARONDERA,COMMUNAL,-17.58016916,31.75804208,FEMALE,ADULT,,1,0
2012,SEP,MASHONALAND CENTRAL,RUSHINGA,COMMUNAL,-16.59316,31.97127,FEMALE,ADULT,2020,4,0
2012,SEP,MASHONALAND CENTRAL,RUSHINGA,COMMUNAL,-16.55332,32.37606,MALE,JUVENILE,1462,4,0
2012,NOV,MASHONALAND CENTRAL,RUSHINGA,COMMUNAL,-16.55804,32.06001,MALE,ADULT,1460,3,0
2012,JAN,MATEBELELAND NORTH,BINGA,COMMUNAL,-17.8183067,27.55674831,MALE,ADULT,,11,0
2014,JAN,MASHONALAND CENTRAL,RUSHINGA,COMMUNAL,-16.71615,32.16525,MALE,ADULT,2745,1,0
2012,MAY,MASHONALAND CENTRAL,RUSHINGA,COMMUNAL,-16.63802,32.04247,MALE,ADULT,2049,1,0
2012,JUN,MASHONALAND CENTRAL,RUSHINGA,COMMUNAL,-16.73403,31.11089,MALE,JUVENILE,2030,3,0
2012,MAY,MASHONALAND CENTRAL,RUSHINGA,COMMUNAL,-16.63933,32.1296,ALL,ADULT,1827,2,0
2012,MAY,MASHONALAND CENTRAL,RUSHINGA,COMMUNAL,-16.62505,32.1296,MALE,ADULT,1849,1,0
2012,SEP,MASHONALAND CENTRAL,MAZOWE,COMMUNAL,-16.991993,30.539086,ALL,ALL,1286,3,0
2012,MAR,MASHONALAND CENTRAL,GURUVE,COMMUNAL,-16.55647,30.60394,ALL,ALL,,1,0
2012,JAN,MASHONALAND WEST,HURUNGWE,COMMUNAL,-16.4687,29.28261,ALL,ALL,422,3,1
2012,MAR,MIDLANDS,CHIRUMANZU,COMMUNAL,-19.35898,30.18672,MALE,ADULT,639,1,0
2012,AUG,MASHONALAND CENTRAL,MAZOWE,COMMUNAL,-16.904317,30.89857,ALL,ALL,153,14,0
2012,DEC,MASHONALAND CENTRAL,MBIRE,COMMUNAL,-15.63996,30.96833,FEMALE,ADULT,1017,1,0
2012,MAR,MIDLANDS,SHURUGWI,COMMUNAL,-19.68923832,30.39412397,ALL,ALL,980,7,0
2014,JAN,MASHONALAND CENTRAL,MBIRE,COMMUNAL,-16.1914,30.97145,MALE,ADULT,1862,1,0
2012,JAN,MASHONALAND EAST,MARONDERA,RESETTLEMENT,-16.35328029,32.25662717,ALL,ADULT,,2,0
2012,JUN,MASHONALAND CENTRAL,MT DARWIN,COMMUNAL,-16.78175,31.51592,MALE,ADULT,1084,1,0
2012,OCT,MASHONALAND CENTRAL,MBIRE,COMMUNAL,-15.63996,30.968334,MALE,ADULT,1017,1,0
2012,DEC,MASHONALAND CENTRAL,MBIRE,COMMUNAL,-16.178068,30.578692,ALL,ALL,3760,5,0
2012,MAR,MATEBELELAND NORTH,BINGA,COMMUNAL,-18.02636298,27.49883618,ALL,ALL,,9,3
2012,JUN,MASHONALAND CENTRAL,MBIRE,COMMUNAL,-16.03359,31.04518,ALL,ALL,1862,5,0
2012,JAN,MIDLANDS,SHURUGWI,COMMUNAL,-19.31742174,30.28691126,MALE,ADULT,1371,1,0
2012,JAN,MIDLANDS,GOKWE NORTH,COMMUNAL,-17.35769,28.16,FEMALE,ADULT,1946,1,0
2012,JAN,MIDLANDS,GOKWE NORTH,COMMUNAL,-17.35769,28.16,ALL,ADULT,1946,3,2
2012,MAR,MIDLANDS,GOKWE SOUTH,COMMUNAL,-18.17681885,28.21684315,FEMALE,ADULT,3474,1,0
2012,JAN,MASHONALAND CENTRAL,SHAMVA,COMMUNAL,-17.18211,31.65146,ALL,ALL,,13,0
2012,MAR,MATEBELELAND NORTH,BUBI,COMMUNAL,-19.34433946,29.03329208,FEMALE,ADULT,1500,1,0
2012,MAR,MIDLANDS,GOKWE NORTH,COMMUNAL,-17.29672,29.39308,FEMALE,ADULT,2,1,0
2012,OCT,MASHONALAND CENTRAL,GURUVE,COMMUNAL,-17.82227,30.64902,FEMALE,ADULT,2367,1,0
2012,JAN,MIDLANDS,SHURUGWI,COMMUNAL,-19.31742174,30.28691126,MALE,ADULT,1371,1,1
2012,MAR,MATEBELELAND NORTH,BUBI,COMMUNAL,-19.79330287,29.25839564,ALL,ADULT,1500,5,0
2012,MAR,MIDLANDS,KWEKWE,RESETTLEMENT,-18.27899069,29.70787168,MALE,ADULT,642,1,0
2012,JUN,MASHONALAND CENTRAL,CENTENARY,COMMUNAL,-16.60556,31.27675,ALL,ALL,610,9,0
2012,MAR,MATABELELAND SOUTH,BULILIMA,COMMUNAL,-20.1019,27.3619,ALL,ADULT,1570,16,0
2012,MAR,MIDLANDS,GWERU,COMMUNAL,-19.27376304,29.61073188,ALL,ALL,970,9,0
2012,MAR,MASHONALAND WEST,HURUNGWE,COMMUNAL,-16.4126,29.45041,ALL,ALL,1247,4,1
2012,MAR,MATEBELELAND NORTH,BUBI,COMMUNAL,-19.79330287,29.25839564,FEMALE,ALL,1500,1,0
2012,MAR,MATEBELELAND NORTH,BUBI,COMMUNAL,-19.79330287,29.25839564,ALL,ADULT,1500,4,0
2012,NOV,MASHONALAND CENTRAL,GURUVE,COMMUNAL,-17.08227,30.64902,MALE,ADULT,2386,1,0
2012,DEC,MASHONALAND CENTRAL,GURUVE,COMMUNAL,-17.02531,30.5855,ALL,ADULT,1030,2,0
2012,FEB,MATEBELELAND NORTH,UMGUZA,COMMUNAL,-19.35215364,28.13486653,ALL,ALL,697,3,0
2012,FEB,MATEBELELAND NORTH,BULAWAYO,RESETTLEMENT,-20.25624024,28.05991841,ALL,JUVENILE,109,6,0
2012,FEB,MIDLANDS,GOKWE NORTH,COMMUNAL,-17.63687213,29.03216154,ALL,ALL,1189,3,1
2012,FEB,MASHONALAND WEST,HURUNGWE,RESETTLEMENT,-16.8987,29.59171,ALL,ALL,915,2,
2012,JAN,MASHONALAND EAST,UMP,COMMUNAL,-17.18401112,32.03616858,MALE,ADULT,3,1,0
2012,MAR,MASHONALAND WEST,ZVIMBA,COMMERCIAL,-17.569,30.55626,ALL,ALL,24,1,
2012,APR,MATEBELELAND NORTH,BUBI,COMMUNAL,-19.79330287,29.25839564,ALL,ADULT,1500,5,0
2012,JAN,MASHONALAND EAST,UMP,COMMUNAL,-17.2997936,31.72703967,MALE,ADULT,,1,0
2012,MAR,MASHONALAND WEST,ZVIMBA,RESETTLEMENT,-17.8122,30.50678,MALE,ADULT,11,2,0
2012,MAY,MASHONALAND EAST,CHIKOMBA,COMMUNAL,-19.296,30.69628,FEMALE,ADULT,18,2,0
2012,MAY,MASHONALAND EAST,CHIKOMBA,COMMUNAL,-19.296,30.69628,FEMALE,ADULT,,2,0
2012,JAN,MIDLANDS,GOKWE SOUTH,COMMUNAL,-17.47462,28.36527,FEMALE,ADULT,4262,3,0
2012,MAR,MIDLANDS,GOKWE NORTH,COMMUNAL,-17.35155,28.76675,ALL,ALL,14,2,2
2012,MAR,MASHONALAND WEST,KADOMA,RESETTLEMENT,#REF!,#REF!,MALE,ADULT,16,1,0
2012,MAR,MIDLANDS,GOKWE NORTH,COMMUNAL,-17.65547763,28.97958202,ALL,ALL,28,8,0
2012,MAR,MASHONALAND WEST,HURUNGWE,COMMUNAL,-16.46022689,29.2319712,ALL,ALL,1432,9,1
2012,JUN,MASHONALAND CENTRAL,RUSHINGA,COMMUNAL,-16.371695,32.3585888,ALL,ALL,2563,1,0
2012,APR,MATEBELELAND NORTH,BINGA,COMMUNAL,-17.82725451,27.58792585,ALL,ALL,2336,42,17
2012,MAY,MATEBELELAND NORTH,BINGA,COMMUNAL,-17.82725451,27.58792585,ALL,ALL,52,7,2
2012,APR,MATEBELELAND NORTH,BINGA,COMMUNAL,-17.82725451,27.58792585,ALL,ALL,2367,65,0
2012,JAN,MIDLANDS,GOKWE SOUTH,COMMUNAL,#REF!,#REF!,ALL,ADULT,1215,3,0
2012,JAN,MIDLANDS,GOKWE SOUTH,COMMUNAL,-18.80173626,29.08548922,ALL,ALL,11,3,0
2012,FEB,MASHONALAND WEST,HURUNGWE,COMMUNAL,-17.0447,29.47354,FEMALE,ALL,1001,2,
2012,APR,MATEBELELAND NORTH,BUBI,COMMUNAL,-19.79330287,29.25839564,FEMALE,ADULT,1500,3,0
2012,APR,MASHONALAND EAST,MUTOKO,COMMUNAL,-17.6367,32.24592,ALL,ADULT,32,2,0
2012,JAN,MIDLANDS,GWERU,COMMUNAL,-19.21926476,29.63265471,ALL,ADULT,1347,3,0
2012,JAN,MATEBELELAND NORTH,BUBI,COMMUNAL,-19.79330287,29.25839564,FEMALE,ADULT,1500,3,0
2013,JAN,MASHONALAND EAST,MARONDERA,COMMUNAL,18.16219,31.07066,FEMALE,ADULT,10,1,0
2014,JAN,MATEBELELAND NORTH,UMGUZA,COMMUNAL,-20.16173951,28.60652945,ALL,ALL,,3,0
2012,JAN,MATABELELAND SOUTH,INSIZA,COMMUNAL,-20.865,29.6853,FEMALE,ADULT,18,1,0
2012,MAR,MIDLANDS,SHURUGWI,COMMUNAL,-19.57898027,30.26634435,ALL,ALL,2514,14,0
2012,JAN,MIDLANDS,GOKWE SOUTH,COMMUNAL,-17.47462,28.36527,FEMALE,ADULT,4262,2,0
2012,JAN,MIDLANDS,GOKWE SOUTH,COMMUNAL,-17.47462,28.36527,FEMALE,ADULT,,5,0
2012,JAN,MIDLANDS,GOKWE SOUTH,COMMUNAL,-17.47462,28.36527,ALL,ADULT,,2,0
2012,MAR,MASHONALAND EAST,HARARE,COMMUNAL,-18.0458,31.20979,MALE,ADULT,11,1,0
2012,MAY,MASHONALAND CENTRAL,BINDURA,COMMUNAL,-17.15273,31.16597,ALL,ALL,1723,1,0
2012,MAR,MASHONALAND WEST,HURUNGWE,COMMUNAL,-16.6837,29.44072,ALL,ADULT,1537,2,
2012,MAR,MASHONALAND WEST,HURUNGWE,COMMUNAL,-16.6837,29.44072,ALL,ALL,,12,
2012,JAN,MASHONALAND WEST,HURUNGWE,COMMUNAL,-16.4687,29.28261,ALL,ALL,17,4,1
2012,MAY,MASHONALAND CENTRAL,MAZOWE,COMMUNAL,-17.628925,31.0763542,MALE,ADULT,897,1,0
2012,JAN,MIDLANDS,GOKWE NORTH,COMMUNAL,-17.35769,28.16,FEMALE,ADULT,5,2,0
2012,MAR,MIDLANDS,GOKWE SOUTH,COMMUNAL,-18.35576877,28.47170014,MALE,ADULT,6,1,0
2012,MAY,MASHONALAND CENTRAL,MAZOWE,COMMUNAL,-17.06868,31.04747,MALE,ADULT,2526,1,0
2012,JAN,MASHONALAND EAST,UMP,COMMUNAL,-17.2998,31.72704,MALE,ADULT,2,1,0
2012,MAR,MASHONALAND WEST,ZVIMBA,RESETTLEMENT,-18.07331884,30.4416674,MALE,ADULT,15,1,0
2012,MAR,MASHONALAND WEST,HURUNGWE,RESETTLEMENT,-17.1649,29.93638,ALL,ALL,789,6,
2012,JUL,MASHONALAND CENTRAL,BINDURA,RESETTLEMENT,-17.08442,31.31244,FEMALE,ADULT,18,1,0
2012,DEC,MASHONALAND CENTRAL,GURUVE,COMMUNAL,-17.08722,30.644902,MALE,ADULT,2398,2,1
2012,DEC,MASHONALAND CENTRAL,GURUVE,COMMUNAL,-17.08722,30.644902,MALE,ADULT,2398,2,1
2012,DEC,MASHONALAND CENTRAL,GURUVE,COMMUNAL,-17.08722,30.644902,MALE,ADULT,2398,1,0
2012,APR,MASHONALAND EAST,CHIKOMBA,COMMERCIAL,-19.03956454,31.19469088,FEMALE,ADULT,,3,0
2012,APR,MASHONALAND EAST,MARONDERA,RESETTLEMENT,-18.49216495,31.64177703,MALE,ADULT,14,1,0
2012,MAY,MASHONALAND EAST,CHIKOMBA,RESETTLEMENT,-18.85,31.21473,FEMALE,ADULT,13,2,0
2012,MAY,MASHONALAND EAST,CHIKOMBA,RESETTLEMENT,-18.85,31.21473,FEMALE,ADULT,,2,0
2012,JUL,MASHONALAND EAST,CHIKOMBA,COMMERCIAL,-18.27259,31.30488,MALE,ADULT,,1,0
2012,JUN,MASHONALAND CENTRAL,SHAMVA,COMMUNAL,-16.93417,31.65747,MALE,ADULT,1025,1,0
2012,JUL,MASHONALAND CENTRAL,SHAMVA,COMMUNAL,-16.93417,31.65747,MALE,ADULT,1025,1,0
2012,MAR,MATEBELELAND NORTH,BUBI,COMMUNAL,-19.79330287,29.25839564,FEMALE,ADULT,1500,2,0
2012,JAN,MATABELELAND SOUTH,UMZINGWANE,COMMUNAL,-20.9028,28.1544,ALL,ALL,1379,4,0
2012,MAR,MIDLANDS,KWEKWE,COMMUNAL,-18.46939987,29.65406824,ALL,ALL,695,42,0
2012,MAR,MIDLANDS,KWEKWE,RESETTLEMENT,-18.46939987,29.65406824,ALL,ALL,695,42,0
2012,JAN,MIDLANDS,GWERU,COMMUNAL,-19.23734878,29.63107018,ALL,ALL,102,3,0
2012,JAN,MATABELELAND SOUTH,UMZINGWANE,COMMUNAL,-20.558,28.915,ALL,ALL,1471,3,0
2012,JAN,MIDLANDS,GWERU,COMMUNAL,-19.21926476,29.63265471,FEMALE,ADULT,1347,1,0
2012,OCT,MASHONALAND CENTRAL,MAZOWE,COMMUNAL,-17.26444,31.14744,FEMALE,ADULT,1503,1,0
2014,MAR,MASVINGO,CHIREDZI,RESETTLEMENT,-21.30547832,32.13911645,ALL,ALL,2192,12,1
2014,MAR,MASVINGO,CHIREDZI,RESETTLEMENT,-20.86275941,32.14263318,ALL,ALL,2168,16,11
2014,MAR,MASVINGO,CHIREDZI,RESETTLEMENT,-20.96230991,32.17477016,ALL,ALL,2100,8,0
2014,MAR,MASVINGO,CHIREDZI,RESETTLEMENT,-21.70333474,32.20243961,ALL,ALL,2074,21,0
2014,MAR,MASVINGO,CHIREDZI,RESETTLEMENT,-20.80854179,32.14195998,ALL,ALL,1587,17,0
2014,MAR,MASVINGO,CHIREDZI,RESETTLEMENT,-20.9893216,32.15536206,ALL,ALL,1370,18,0
2012,SEP,MASVINGO,CHIREDZI,RESETTLEMENT,-21.19688593,31.03782059,FEMALE,ADULT,1674,3,0
2012,OCT,MASVINGO,CHIREDZI,RESETTLEMENT,-21.19688593,31.03782059,ALL,ALL,1670,4,0
2014,MAR,MASVINGO,CHIREDZI,RESETTLEMENT,-21.62402226,31.27545137,ALL,ALL,1798,17,0
2012,OCT,MASVINGO,CHIREDZI,RESETTLEMENT,-21.33059082,31.81210713,FEMALE,ADULT,1901,1,0
2014,MAR,MASVINGO,CHIREDZI,RESETTLEMENT,-20.86806832,31.58218357,ALL,ALL,1832,6,4
2014,MAR,MASVINGO,MWENEZI,COMMUNAL,-21.59027608,30.72263768,ALL,ALL,1965,17,4
2014,MAR,MASVINGO,MWENEZI,COMMUNAL,-21.22974454,30.77443888,FEMALE,ALL,1896,10,2
2014,MAR,MASVINGO,MWENEZI,COMMUNAL,-21.42097641,30.89692422,ALL,ALL,1574,8,4
2014,MAR,MASVINGO,MWENEZI,COMMUNAL,-21.6836196,30.95593546,ALL,ALL,1818,16,2
2012,JAN,MIDLANDS,GWERU,RESETTLEMENT,-32.60069935,22.94874975,ALL,ALL,24,17,1
2012,MAR,MIDLANDS,GOKWE NORTH,COMMUNAL,-17.58073266,28.14874712,ALL,ALL,1114,5,4
2012,AUG,MASHONALAND EAST,UMP,COMMUNAL,-19.19201646,30.35647882,ALL,ADULT,6,3,0
2012,SEP,MASHONALAND EAST,UMP,COMMUNAL,-32.8473159,23.05180058,ALL,ADULT,6,3,0
2014,FEB,MANICALAND,MUTARE,COMMUNAL,-19.38748,32.58895,FEMALE,ADULT,48,1,1
2014,FEB,MASHONALAND EAST,MUDZI,COMMUNAL,-17.059409,32.626952,ALL,ADULT,6,2,0
2014,FEB,MIDLANDS,SHURUGWI,COMMUNAL,-19.54597,30.2826,FEMALE,ADULT,1301,2,0
2014,FEB,MIDLANDS,SHURUGWI,COMMUNAL,-19.54597,30.2826,MALE,ADULT,1300,1,0
2012,APR,MIDLANDS,GOKWE NORTH,COMMUNAL,-17.40425005,28.79334995,ALL,ALL,1529,6,4
2012,JAN,MIDLANDS,GOKWE NORTH,COMMUNAL,-17.19805336,28.59864187,MALE,ADULT,20,2,0
2012,APR,MASHONALAND EAST,UMP,COMMUNAL,-16.89528318,32.15501937,ALL,ADULT,,3,0
2012,JAN,MATABELELAND SOUTH,GWANDA,COMMUNAL,-20.8036,29.2553,FEMALE,JUVENILE,9,9,0
2012,JAN,MIDLANDS,CHIRUMANZU,COMMUNAL,-19.35898,30.29587,MALE,ADULT,1564,1,0
2012,JAN,MIDLANDS,GOKWE NORTH,COMMUNAL,-17.39834,28.16183,MALE,ADULT,2,1,0
2012,MAR,MASHONALAND CENTRAL,MBIRE,COMMUNAL,-16.74849,30.67783,ALL,ADULT,,3,0
2012,APR,MIDLANDS,CHIRUMANZU,COMMUNAL,-19.35898,30.18672,FEMALE,ADULT,639,2,0
2012,APR,MASHONALAND EAST,CHIKOMBA,RESETTLEMENT,-19.71539241,31.02795585,FEMALE,ADULT,7,1,0
2012,APR,MASHONALAND EAST,CHIKOMBA,RESETTLEMENT,-19.535,31.05683,FEMALE,ADULT,15,1,0
2012,APR,MASHONALAND EAST,CHIKOMBA,RESETTLEMENT,-19.535,31.05683,FEMALE,ADULT,,1,0
2012,FEB,MASHONALAND CENTRAL,MT DARWIN,COMMUNAL,-16.52275,31.66815,FEMALE,ADULT,2047,1,0
2012,JAN,MATEBELELAND NORTH,BINGA,COMMUNAL,-18.02636298,27.49883618,ALL,ADULT,,2,0
2012,APR,MASHONALAND EAST,CHIKOMBA,COMMERCIAL,-19.03956454,31.19469088,FEMALE,ADULT,32,3,0
2012,FEB,MASHONALAND WEST,KARIBA,COMMUNAL,-16.6608,29.05245,FEMALE,ADULT,6,1,
2012,APR,MATEBELELAND NORTH,BINGA,COMMUNAL,-17.8280308,27.20574261,ALL,ALL,,7,0
2012,MAY,MATABELELAND SOUTH,BEITBRIDGE,COMMUNAL,-22.04851841,29.43683783,ALL,JUVENILE,,6,0
2012,MAY,MATABELELAND SOUTH,BEITBRIDGE,COMMUNAL,-21.6053,29.7075,ALL,ADULT,,5,0
2012,JUN,MATABELELAND SOUTH,BEITBRIDGE,COMMUNAL,-22.47054545,30.41317193,ALL,ADULT,,2,0
2012,NOV,MATABELELAND SOUTH,BEITBRIDGE,COMMUNAL,-21.5492,29.7703,ALL,ADULT,,1,0
2012,NOV,MATABELELAND SOUTH,BEITBRIDGE,COMMUNAL,-22.0747,29.81,ALL,ADULT,,2,
2012,MAY,MATABELELAND SOUTH,MANGWE,COMMUNAL,-21.62043679,28.07828637,ALL,ADULT,,4,0
2012,MAY,MATABELELAND SOUTH,MANGWE,COMMUNAL,-20.94295388,28.05799233,ALL,ADULT,,3,0
2012,JAN,MATABELELAND SOUTH,MANGWE,COMMUNAL,-21.2183,28.1806,ALL,ADULT,0,2,0
2012,MAY,MATABELELAND SOUTH,MANGWE,COMMUNAL,-20.87912751,28.14788468,ALL,ALL,,3,0
2012,MAY,MATABELELAND SOUTH,MANGWE,COMMUNAL,-21.32214667,28.10117028,ALL,ALL,,6,0
2012,JUN,MATABELELAND SOUTH,MANGWE,COMMUNAL,-20.94295388,28.05799233,ALL,ALL,,2,0
2012,APR,MIDLANDS,GOKWE NORTH,COMMUNAL,-17.97167059,28.98303745,MALE,ADULT,6,1,0
2012,JAN,MATEBELELAND NORTH,BUBI,RESETTLEMENT,-19.2560788,28.83721905,MALE,ADULT,,1,0
2012,JAN,MIDLANDS,GOKWE SOUTH,COMMERCIAL,-18.90135811,29.06304201,MALE,ADULT,81,1,0
2012,JAN,MIDLANDS,KWEKWE,RESETTLEMENT,-18.97691817,29.52627066,ALL,ALL,125,8,0
2012,JAN,MIDLANDS,CHIRUMANZU,COMMUNAL,-19.35898,30.2761,MALE,ADULT,680,1,0
2012,FEB,MIDLANDS,GWERU,COMMUNAL,-19.38333333,30.125,ALL,ADULT,684,2,0
2012,FEB,MASHONALAND WEST,KADOMA,RESETTLEMENT,-18.5678,29.78189,MALE,ADULT,8,1,0
2012,FEB,MIDLANDS,GOKWE NORTH,COMMUNAL,-17.28730123,28.73388248,ALL,ALL,13,7,0
2012,FEB,MASHONALAND WEST,CHEGUTU,RESETTLEMENT,-18.0666667,30.108333,ALL,ALL,111,24,2
2012,FEB,MIDLANDS,GOKWE NORTH,COMMUNAL,-17.21963804,29.18639278,ALL,ALL,2162,2,1
2012,FEB,MIDLANDS,GOKWE NORTH,COMMUNAL,-17.2723287,29.32146381,ALL,ALL,852,1,0
2012,MAR,MASHONALAND CENTRAL,MAZOWE,RESETTLEMENT,-16.916,30.98324,ALL,ALL,,4,0
2012,MAR,MIDLANDS,GOKWE NORTH,COMMUNAL,-17.28730123,28.73388248,MALE,ADULT,12,1,0
2012,FEB,MIDLANDS,GOKWE SOUTH,COMMUNAL,-18.35104766,28.99108981,FEMALE,ADULT,1977,1,0
2012,FEB,MIDLANDS,KWEKWE,COMMUNAL,-19.72307107,29.09152901,ALL,ALL,1797,3,0
2012,APR,MASHONALAND EAST,MARONDERA,COMMUNAL,-18.67923651,31.3094614,FEMALE,ADULT,21,1,0
2014,MAR,MASVINGO,MWENEZI,COMMUNAL,-21.66921985,31.27878896,ALL,ADULT,1246,38,3
2014,MAR,MASVINGO,MWENEZI,COMMUNAL,-21.61421334,31.20216342,ALL,ADULT,1503,13,0
2012,APR,MASHONALAND EAST,HWEDZA,COMMUNAL,-18.92695582,31.79115212,ALL,ADULT,13,3,0
2014,MAR,MASVINGO,BIKITA,COMMUNAL,-20.57991091,31.702849,ALL,ALL,857,10,3
2012,MAR,MATEBELELAND NORTH,LUPANE,COMMUNAL,#REF!,#REF!,FEMALE,ALL,61,1,0
2012,MAR,MATEBELELAND NORTH,LUPANE,COMMUNAL,-18.44273663,27.16101655,ALL,ALL,25,4,0
2012,JUN,MASHONALAND WEST,HURUNGWE,COMMUNAL,-17.068,29.76589,MALE,JUVENILE,,2,
2012,JUN,MASHONALAND WEST,HURUNGWE,COMMUNAL,-17.068,29.76589,MALE,JUVENILE,,2,
2012,AUG,MASHONALAND WEST,HURUNGWE,COMMUNAL,-16.32539943,29.91513632,MALE,ADULT,,1,
2012,AUG,MASHONALAND WEST,HURUNGWE,COMMUNAL,-16.32539943,29.91513632,ALL,ADULT,,2,
2012,AUG,MASHONALAND WEST,HURUNGWE,COMMUNAL,-16.32539943,29.91513632,FEMALE,ADULT,,2,
2012,MAY,MASHONALAND WEST,HURUNGWE,COMMUNAL,-16.5076,29.01709,ALL,ALL,2417,2,
2012,MAY,MASHONALAND WEST,HURUNGWE,COMMUNAL,-17.0753,29.16305,ALL,ALL,3237,3,
2012,MAR,MASHONALAND CENTRAL,SHAMVA,COMMUNAL,-17.05366,31.39164,MALE,ADULT,1127,1,0
2012,MAR,MASHONALAND EAST,MUREWA,COMMUNAL,-17.76013598,31.6389147,FEMALE,ADULT,31,1,0
2012,MAR,MASHONALAND EAST,GOROMONZI,RESETTLEMENT,-18.07534295,31.49103188,FEMALE,ADULT,22,4,0
2012,JUN,MASHONALAND WEST,HURUNGWE,COMMUNAL,-16.8581,29.92596,ALL,ALL,,2,
2012,JUN,MASHONALAND WEST,HURUNGWE,COMMUNAL,-16.8581,29.92596,ALL,ALL,,2,
2012,MAR,MASHONALAND CENTRAL,RUSHINGA,COMMUNAL,-16.63933,32.1296,ALL,ALL,1793,5,0
2012,MAR,MASHONALAND CENTRAL,RUSHINGA,COMMUNAL,-16.63933,32.1296,ALL,ALL,1793,5,0
2012,APR,MIDLANDS,GOKWE NORTH,COMMUNAL,-17.33168622,28.82365035,ALL,ADULT,2626,3,2
2012,JUN,MASHONALAND WEST,HURUNGWE,COMMUNAL,-17.2969,29.53241,MALE,JUVENILE,,1,
2012,JUN,MASHONALAND WEST,HURUNGWE,COMMUNAL,-17.2969,29.53241,MALE,JUVENILE,,1,
2012,JUN,MASHONALAND WEST,HURUNGWE,RESETTLEMENT,-17.2969,29.53241,ALL,ADULT,,3,
2012,JUN,MASHONALAND WEST,HURUNGWE,RESETTLEMENT,-17.2969,29.53241,ALL,ADULT,,3,
2012,JUN,MASHONALAND WEST,HURUNGWE,COMMUNAL,-17.2969,29.53241,MALE,JUVENILE,,1,
2012,JUN,MASHONALAND WEST,HURUNGWE,COMMUNAL,-17.2969,29.53241,MALE,JUVENILE,,1,
2012,JUN,MASHONALAND WEST,HURUNGWE,COMMUNAL,-18.0262,29.70122,MALE,ADULT,,1,
2012,JUN,MASHONALAND WEST,HURUNGWE,COMMUNAL,-18.0262,29.70122,MALE,ADULT,,1,
2012,AUG,MASHONALAND WEST,HURUNGWE,COMMUNAL,-17.29687612,29.53241372,FEMALE,JUVENILE,,1,
2012,MAR,MIDLANDS,GOKWE SOUTH,COMMUNAL,-17.98856657,29.09460525,ALL,ADULT,2551,2,1
2012,MAR,MIDLANDS,GOKWE SOUTH,COMMUNAL,-17.98856657,29.09460525,ALL,ALL,,3,0
2012,MAR,MASHONALAND EAST,MARONDERA,COMMUNAL,-17.58016916,31.75804208,FEMALE,ADULT,5,1,0
2012,MAR,MIDLANDS,GOKWE SOUTH,COMMUNAL,-17.98856657,29.09460525,ALL,ADULT,,2,0
2014,FEB,MIDLANDS,CHIRUMANZU,COMMUNAL,-18.99303,30.5852,FEMALE,ADULT,812,2,0
2014,FEB,MIDLANDS,CHIRUMANZU,COMMUNAL,-19.19201646,30.35647882,FEMALE,ADULT,144,1,0
2012,MAR,MATEBELELAND NORTH,BUBI,COMMUNAL,-32.8473159,23.05180058,FEMALE,ADULT,1500,1,0
2014,FEB,MIDLANDS,CHIRUMANZU,COMMUNAL,-19.5522,30.44333,ALL,ADULT,854,4,0
2012,JAN,MASHONALAND WEST,HURUNGWE,RESETTLEMENT,-17.2969,29.53241,MALE,ADULT,,1,
2012,MAR,MASHONALAND CENTRAL,SHAMVA,RESETTLEMENT,-16.9285,31.71672,ALL,ALL,,4,0
2012,JUL,MASHONALAND EAST,MUTOKO,RESETTLEMENT,-16.91386279,32.28640786,MALE,ALL,,1,0
2012,JUL,MASHONALAND EAST,CHIKOMBA,COMMUNAL,-18.9468,30.96686,MALE,ADULT,,1,0
2014,FEB,MIDLANDS,CHIRUMANZU,COMMUNAL,-19.745,30.69907,ALL,ADULT,676,1,0
2014,FEB,MIDLANDS,CHIRUMANZU,COMMUNAL,-19.745,30.69907,FEMALE,ADULT,676,1,0
2014,FEB,MIDLANDS,CHIRUMANZU,COMMUNAL,-19.6983,30.62607,ALL,ADULT,1456,2,0
2014,FEB,MIDLANDS,CHIRUMANZU,COMMUNAL,-19.663,30.66689,MALE,ADULT,1452,1,0
2014,FEB,MIDLANDS,CHIRUMANZU,COMMUNAL,-19.663,30.66689,ALL,ADULT,1453,2,0
2014,FEB,MIDLANDS,CHIRUMANZU,COMMUNAL,-19.7522,30.6272,MALE,ADULT,1438,1,0
2014,FEB,MIDLANDS,CHIRUMANZU,COMMUNAL,-19.7522,30.6272,FEMALE,ADULT,1438,1,0
2014,FEB,MIDLANDS,CHIRUMANZU,COMMUNAL,-19.745,30.69907,ALL,ADULT,674,2,0
2014,FEB,MIDLANDS,CHIRUMANZU,COMMUNAL,-19.68878,30.55192,FEMALE,ADULT,1444,2,1
2014,FEB,MIDLANDS,CHIRUMANZU,COMMUNAL,-19.5522,30.44333,ALL,ADULT,852,2,0
2014,FEB,MIDLANDS,CHIRUMANZU,COMMUNAL,-19.551,30.68628,MALE,ADULT,1115,1,1
2014,FEB,MIDLANDS,CHIRUMANZU,COMMUNAL,-19.551,30.68628,ALL,ADULT,1116,2,0
2014,FEB,MIDLANDS,CHIRUMANZU,COMMUNAL,-19551,30.68628,MALE,ADULT,1116,2,0
2014,FEB,MIDLANDS,CHIRUMANZU,COMMUNAL,-19.551,30.68628,FEMALE,ADULT,1115,1,0
2012,APR,MASHONALAND CENTRAL,RUSHINGA,COMMUNAL,-16.61558,32.30136,ALL,ADULT,,8,0
2014,FEB,MIDLANDS,SHURUGWI,COMMUNAL,-19.25204,30.41081,ALL,ALL,1347,7,0
2014,FEB,MIDLANDS,SHURUGWI,COMMUNAL,-19.71311,30.33214,ALL,ALL,1228,15,0
2014,FEB,MIDLANDS,SHURUGWI,COMMUNAL,-19.7708,30.39185,ALL,ALL,1271,17,0
2014,FEB,MIDLANDS,SHURUGWI,COMMUNAL,-19.71271,30.38187,ALL,ALL,1241,9,0
2012,OCT,MIDLANDS,CHIRUMANZU,COMMUNAL,-19.1502,30.65283,MALE,ADULT,1039,1,0
2012,FEB,MASHONALAND EAST,MUTOKO,COMMERCIAL,-16.35328029,32.25662717,MALE,ADULT,,1,0
2012,MAR,MASHONALAND EAST,UMP,COMMUNAL,-17.49934269,31.84340205,MALE,ADULT,8,1,0
2012,DEC,MIDLANDS,CHIRUMANZU,COMMUNAL,-18.99303,30.5852,FEMALE,JUVENILE,806,1,0
2012,JUL,MIDLANDS,CHIRUMANZU,COMMUNAL,-18.926,30.6054,ALL,ALL,270,3,0
2012,FEB,MASHONALAND WEST,CHEGUTU,RESETTLEMENT,-18.0416666,30.25,MALE,ADULT,123,1,0
2012,SEP,MIDLANDS,CHIRUMANZU,COMMUNAL,-18.92634,30.6054,ALL,ADULT,320,2,0
2012,MAR,MASHONALAND CENTRAL,RUSHINGA,COMMUNAL,-16.65299,32.6445,ALL,ALL,3,1,0
2012,OCT,MIDLANDS,CHIRUMANZU,COMMUNAL,-18.9263,30.6054,FEMALE,ALL,322,2,0
2012,MAR,MIDLANDS,CHIRUMANZU,COMMUNAL,-19.35898,30.18622,FEMALE,ADULT,787,1,0
2012,MAR,MASHONALAND CENTRAL,MT DARWIN,COMMUNAL,-16.20587,31.67079,MALE,ADULT,1,1,0
2012,MAR,MATEBELELAND NORTH,UMGUZA,COMMUNAL,-19.98515867,28.06000508,ALL,ALL,,4,0
2012,APR,MATEBELELAND NORTH,UMGUZA,COMMUNAL,-19.98515867,28.06000508,ALL,ALL,153,3,0
2012,APR,MATEBELELAND NORTH,UMGUZA,COMMUNAL,-19.98515867,28.06000508,ALL,ALL,,4,0
2012,APR,MATEBELELAND NORTH,UMGUZA,COMMUNAL,-19.98515867,28.06000508,ALL,ALL,,7,0
2012,MAR,MASHONALAND CENTRAL,SHAMVA,RESETTLEMENT,-17.17049,31.54428,MALE,ADULT,,1,0
2012,FEB,MIDLANDS,CHIRUMANZU,COMMUNAL,-19.35898,32.29587,FEMALE,ADULT,1615,1,0
2012,FEB,MASHONALAND EAST,UMP,COMMUNAL,-17.49934269,31.84340205,FEMALE,ADULT,9,1,0
2012,FEB,MIDLANDS,KWEKWE,COMMUNAL,-19.72307107,29.09152901,ALL,ALL,1727,20,0
2012,FEB,MASHONALAND WEST,KARIBA,COMMUNAL,-17.4058,28.61456,ALL,ALL,431,6,
2012,SEP,MIDLANDS,CHIRUMANZU,COMMUNAL,-19.15877,30.31121,MALE,ADULT,700,1,0
2012,SEP,MIDLANDS,CHIRUMANZU,COMMUNAL,-19.15877,30.31121,FEMALE,ADULT,700,1,0
2012,OCT,MIDLANDS,CHIRUMANZU,COMMUNAL,-19.1588,30.31121,ALL,ADULT,700,1,0
2012,OCT,MIDLANDS,CHIRUMANZU,COMMUNAL,-19.1588,30.31121,MALE,ADULT,700,1,0
2012,MAY,MIDLANDS,GOKWE NORTH,COMMUNAL,-17.66446433,28.98440157,ALL,ADULT,1691,2,1
2012,MAY,MASHONALAND EAST,GOROMONZI,COMMUNAL,-16.35328029,32.25662717,ALL,ALL,,2,0
2012,JUN,MASHONALAND EAST,UMP,COMMUNAL,17.74414,31.98328,FEMALE,ADULT,,1,0
2012,OCT,MIDLANDS,CHIRUMANZU,COMMUNAL,-19.4795,30.26588,ALL,ADULT,867,2,0
2014,MAR,MASVINGO,CHIREDZI,COMMUNAL,-21.0466808,31.35243524,ALL,ALL,1693,10,1
2014,MAR,MASVINGO,CHIREDZI,COMMUNAL,-21.11943814,31.40361631,ALL,ALL,1895,6,0
2014,FEB,MASVINGO,CHIREDZI,COMMUNAL,-20.38364,32.0858,ALL,ALL,1451,3,0
2014,FEB,MASVINGO,CHIREDZI,COMMUNAL,-20.30029,32.05142,ALL,ALL,1650,4,2
2014,FEB,MASVINGO,CHIREDZI,COMMUNAL,-20.30029,32.05142,ALL,ALL,1650,3,1
2014,FEB,MASVINGO,CHIREDZI,COMMUNAL,-20.24323,32.00593,ALL,ALL,1231,5,1
2014,FEB,MASVINGO,CHIREDZI,COMMUNAL,-20.38583,32.16218,FEMALE,ADULT,1040,1,1
2014,FEB,MASVINGO,CHIREDZI,COMMUNAL,-20.97257734,31.17246512,FEMALE,ALL,1040,1,0
2014,FEB,MASVINGO,CHIREDZI,COMMUNAL,-20.24323,32.00593,MALE,JUVENILE,1231,1,0
2014,FEB,MASVINGO,CHIREDZI,COMMUNAL,-20.24323,32.00593,ALL,ALL,1231,5,1
2014,FEB,MASVINGO,CHIREDZI,COMMUNAL,-20.32185,31.52496,ALL,ALL,2400,4,0
2014,FEB,MASVINGO,CHIREDZI,COMMUNAL,-20.38583,32.16218,ALL,ALL,1040,3,0
2012,APR,MIDLANDS,SHURUGWI,RESETTLEMENT,-16.1633841,24.12472956,FEMALE,ADULT,7,1,0
2014,MAR,MASVINGO,MWENEZI,COMMUNAL,-21.38021796,30.55527999,ALL,ALL,1745,4,0
2014,MAR,MASVINGO,MWENEZI,COMMUNAL,-21.6836196,30.95593546,ALL,ALL,1814,5,1
2014,MAR,MASVINGO,MWENEZI,COMMUNAL,-21.3707661,30.52649053,FEMALE,ALL,1857,2,1
2014,MAR,MASVINGO,MWENEZI,RESETTLEMENT,-21.3707661,30.52649053,FEMALE,ALL,1857,2,1
2014,MAR,MASVINGO,MWENEZI,COMMUNAL,-21.77285466,30.87056421,MALE,ALL,100,1,0
2012,NOV,MASHONALAND EAST,MARONDERA,COMMUNAL,-18.6785,31.73136,MALE,JUVENILE,,2,0
2012,JAN,MIDLANDS,GOKWE SOUTH,COMMUNAL,-18.33621,28.4707,MALE,ADULT,6671,1,0
2012,FEB,MIDLANDS,GOKWE NORTH,COMMUNAL,-17.29122991,28.19585557,MALE,ADULT,1020,1,0
2012,FEB,MIDLANDS,GWERU,COMMUNAL,-19.26453009,29.62484803,ALL,ALL,1566,7,0
2012,JAN,MATEBELELAND NORTH,BINGA,COMMUNAL,-17.45695326,27.4718544,MALE,ADULT,8,1,0
2012,FEB,MATEBELELAND NORTH,UMGUZA,COMMUNAL,-19.44202254,28.21168848,ALL,ALL,656,5,0
2012,MAR,MASHONALAND EAST,MARONDERA,COMMERCIAL,-18.49216495,31.64177703,FEMALE,ADULT,,3,0
2014,JAN,MATABELELAND SOUTH,INSIZA,COMMUNAL,-20.2722,29.6467,ALL,ALL,199,74,5
2014,JAN,MATABELELAND SOUTH,INSIZA,COMMUNAL,-21.0414,29.4994,ALL,ALL,103,24,1
2014,MAR,MATABELELAND SOUTH,INSIZA,COMMUNAL,-20.2722,29.6467,ALL,ALL,186,28,13
2014,MAR,MATABELELAND SOUTH,INSIZA,COMMUNAL,-21.0414,29.4994,ALL,ALL,108,13,1
2014,MAR,MATABELELAND SOUTH,INSIZA,COMMUNAL,-20.2964,29.4711,ALL,ALL,34,6,1
2014,MAR,MATABELELAND SOUTH,INSIZA,COMMUNAL,-19.916,29.3661,ALL,ADULT,48,1,1
2014,MAR,MATABELELAND SOUTH,INSIZA,COMMUNAL,-20.728,29.7886,ALL,ALL,,115,4
2014,MAR,MATABELELAND SOUTH,INSIZA,COMMUNAL,-20.1292,29.4394,ALL,ALL,32,5,1
2012,MAR,MIDLANDS,GOKWE NORTH,RESETTLEMENT,-17.68911167,29.21458981,MALE,ADULT,26,3,0
2012,MAR,MASHONALAND EAST,MARONDERA,COMMUNAL,-18.67923651,31.3094614,FEMALE,ADULT,,1,0
2012,MAR,MIDLANDS,GOKWE NORTH,COMMUNAL,-17.68911167,29.21458981,MALE,ADULT,15,1,0
2012,MAR,MASHONALAND CENTRAL,SHAMVA,COMMUNAL,-17.15101,31.62403,ALL,ALL,,6,0
2012,MAR,MIDLANDS,SHURUGWI,COMMUNAL,-19.03548024,29.18337787,ALL,ALL,88,10,1
2012,APR,MIDLANDS,GWERU,COMMUNAL,-19.22015196,30.6351837,MALE,ADULT,1357,1,0
2012,MAY,MIDLANDS,GOKWE NORTH,COMMUNAL,-17.28322844,29.15418422,ALL,ADULT,2696,3,1
2012,APR,MIDLANDS,GWERU,COMMUNAL,-19.22015196,30.6351837,FEMALE,ADULT,1357,1,0
2012,APR,MASHONALAND WEST,CHEGUTU,RESETTLEMENT,-17.9841,30.52694,ALL,ALL,1430,15,5
2012,MAY,MASHONALAND WEST,CHEGUTU,RESETTLEMENT,-18.5181,30.02015,ALL,ALL,119,5,0
2012,APR,MASHONALAND CENTRAL,SHAMVA,RESETTLEMENT,-17.819156,31.49001,MALE,ADULT,1696,1,0
2012,MAY,MASHONALAND CENTRAL,SHAMVA,COMMUNAL,-17.15101,31.62403,ALL,ALL,,25,0
2012,APR,MATEBELELAND NORTH,BINGA,COMMUNAL,-18.01722,27.12417,ALL,ALL,,7,0
2012,MAY,MATEBELELAND NORTH,BINGA,COMMUNAL,-18.01722,27.12417,ALL,ALL,,9,0
2012,MAY,MATEBELELAND NORTH,BINGA,COMMUNAL,-18.01722,27.12417,ALL,ALL,,15,0
2012,MAY,MIDLANDS,ZVISHAVANE,RESETTLEMENT,-20.37263,29.85969,FEMALE,ADULT,16,2,0
2012,MAY,MIDLANDS,ZVISHAVANE,RESETTLEMENT,-20.37263,29.85969,ALL,ADULT,1445,1,0
2012,MAR,MIDLANDS,GOKWE NORTH,COMMUNAL,-17.28730123,28.73388248,FEMALE,ADULT,2029,2,0
2012,OCT,MASHONALAND EAST,GOROMONZI,COMMERCIAL,-18.0271,31.4802,MALE,ADULT,,3,0
2012,APR,MATEBELELAND NORTH,UMGUZA,COMMUNAL,-19.53244464,28.20283131,ALL,ALL,,2,0
2012,NOV,MATEBELELAND NORTH,BUBI,RESETTLEMENT,#REF!,#REF!,MALE,ADULT,,2,0
2012,FEB,MASHONALAND CENTRAL,SHAMVA,COMMUNAL,-17.25757,31.57954,FEMALE,ADULT,6,1,0
2012,APR,MIDLANDS,CHIRUMANZU,RESETTLEMENT,-19.2916999,30.38057697,ALL,ALL,32,6,0
2012,APR,MIDLANDS,CHIRUMANZU,RESETTLEMENT,-19.2916999,30.38057697,FEMALE,ADULT,35,1,0
2012,APR,MATABELELAND SOUTH,UMZINGWANE,COMMUNAL,-20.75306,29.1481,ALL,ALL,1162,4,4
2012,APR,MIDLANDS,GWERU,COMMUNAL,-19.27338061,29.63735036,ALL,ALL,390,3,0
2012,APR,MATEBELELAND NORTH,BUBI,COMMUNAL,-19.34433946,29.03329208,FEMALE,ADULT,1500,1,0
2012,MAY,MIDLANDS,GOKWE NORTH,COMMUNAL,-17.46332959,29.20809685,ALL,ALL,1191,6,0
2012,MAY,MATEBELELAND NORTH,BUBI,COMMUNAL,-19.79575625,29.05518526,FEMALE,ADULT,700,1,0
2012,MAR,MIDLANDS,GWERU,COMMUNAL,-19.81518317,29.63853873,FEMALE,ADULT,416,1,0
2012,MAY,MIDLANDS,GWERU,COMMUNAL,-19.81518317,29.63853873,FEMALE,ADULT,43,2,0
2012,MAY,MATEBELELAND NORTH,HWANGE,COMMUNAL,-18.27102452,27.12307216,FEMALE,ADULT,,1,0
2012,MAY,MATEBELELAND NORTH,HWANGE,COMMUNAL,-18.27102452,27.12307216,FEMALE,ADULT,,1,0
2012,MAY,MATEBELELAND NORTH,HWANGE,COMMUNAL,-18.27102452,27.12307216,FEMALE,ADULT,,2,0
2012,MAR,MASHONALAND EAST,UMP,COMMUNAL,-17.49934269,31.84340205,MALE,ADULT,,1,0
2012,JUN,MATEBELELAND NORTH,HWANGE,COMMUNAL,-18.04717,26.242,ALL,ADULT,,54,0
2012,NOV,MATEBELELAND NORTH,HWANGE,COMMUNAL,-18.0887995,26.24396883,MALE,ADULT,,43,0
2012,APR,MASHONALAND EAST,MUDZI,COMMUNAL,-32.04505393,23.67392346,MALE,ADULT,17,2,0
2012,FEB,MASHONALAND WEST,CHEGUTU,RESETTLEMENT,-17.9841,30.52694,ALL,ALL,5,0,0
2012,APR,MIDLANDS,GOKWE NORTH,COMMUNAL,-17.36648,28.33534,FEMALE,ADULT,5,1,0
2012,OCT,MIDLANDS,GOKWE SOUTH,COMMUNAL,-18.30445,29.09079,FEMALE,ADULT,2490,1,0
2012,OCT,MIDLANDS,GOKWE SOUTH,COMMUNAL,-18.34267,29.12043,MALE,ADULT,1672,3,0
2012,JUL,MIDLANDS,GOKWE SOUTH,COMMUNAL,-18.52949125,29.19390185,ALL,ADULT,1880,3,0
2012,SEP,MIDLANDS,GOKWE SOUTH,COMMUNAL,-18.37923,28.920565,ALL,ADULT,1878,4,0
2012,JUL,MIDLANDS,GOKWE SOUTH,COMMUNAL,-17.54088421,28.66842613,ALL,ADULT,2780,2,0
2012,JUL,MIDLANDS,GOKWE SOUTH,COMMUNAL,-18.1744535,28.54579432,MALE,ADULT,1590,2,0
2014,FEB,MIDLANDS,GOKWE SOUTH,COMMUNAL,-18.36798,28.68046,MALE,ADULT,2684,1,0
2012,JUL,MIDLANDS,GOKWE SOUTH,COMMUNAL,-18.35856736,28.04870822,ALL,ALL,1379,2,0
2012,OCT,MIDLANDS,GOKWE SOUTH,COMMUNAL,-18.16996,28.85104,ALL,ALL,1594,1,0
2012,OCT,MIDLANDS,GOKWE SOUTH,COMMUNAL,-18.16996,28.85104,ALL,ALL,3510,2,0
2012,DEC,MIDLANDS,GOKWE SOUTH,COMMUNAL,-18.4521,28.0673,FEMALE,ADULT,7,1,0
2012,JUL,MIDLANDS,GOKWE SOUTH,COMMUNAL,-18.5604,28.78451,FEMALE,ADULT,2361,2,0
2012,JUL,MIDLANDS,GOKWE SOUTH,COMMUNAL,-18.5354141,28.60489513,MALE,ADULT,1593,1,0
2012,SEP,MIDLANDS,GOKWE SOUTH,COMMUNAL,-18.56031,28.78744,MALE,ADULT,1597,1,0
2012,SEP,MIDLANDS,GOKWE SOUTH,COMMUNAL,-18.56031,28.78744,FEMALE,ADULT,1597,2,0
2012,SEP,MIDLANDS,GOKWE SOUTH,COMMUNAL,-18.54701,28.6922,FEMALE,ADULT,1472,1,0
2012,DEC,MIDLANDS,GOKWE SOUTH,COMMUNAL,-18.55996,28.57358,MALE,ADULT,1595,1,0
2012,MAY,MASHONALAND WEST,CHEGUTU,COMMERCIAL,-32.04505393,23.67392346,ALL,ALL,327,3,0
2012,JUL,MIDLANDS,GOKWE SOUTH,COMMUNAL,-17.63026189,28.78138037,MALE,ADULT,2690,1,0
2012,OCT,MIDLANDS,GOKWE SOUTH,COMMUNAL,-18.03221,28.60124,MALE,ADULT,998,2,0
2012,DEC,MIDLANDS,GOKWE SOUTH,COMMUNAL,-18.02081,28.79833,FEMALE,ADULT,3300,1,0
2012,DEC,MIDLANDS,GOKWE SOUTH,COMMUNAL,-18.14869,28.77596,MALE,ADULT,3302,2,0
2012,APR,MASHONALAND WEST,HURUNGWE,COMMUNAL,-17.4973,29.39211,ALL,ALL,2011,1,
2012,APR,MATEBELELAND NORTH,LUPANE,COMMUNAL,-18.61333333,27.58833333,ALL,ALL,1463,12,5
2012,APR,MASHONALAND EAST,MARONDERA,COMMUNAL,-18.11921387,31.33189699,MALE,ADULT,63,3,0
2012,SEP,MIDLANDS,GOKWE SOUTH,COMMUNAL,-17.86647,28.54633,MALE,ADULT,2966,2,0
2012,OCT,MIDLANDS,GOKWE SOUTH,COMMUNAL,-17.98931,28.53014,MALE,ADULT,1452,1,0
2012,DEC,MIDLANDS,GOKWE SOUTH,COMMUNAL,-17.47462,28.36527,FEMALE,ADULT,4044,1,0
2012,DEC,MIDLANDS,GOKWE SOUTH,COMMUNAL,-17.81861,28.63129,FEMALE,ADULT,4044,1,0
2012,MAR,MIDLANDS,GOKWE SOUTH,COMMUNAL,-17.81310841,28.53038651,FEMALE,ADULT,3170,1,0
2012,FEB,MIDLANDS,MBERENGWA,COMMUNAL,-20.90987,29.65286,ALL,ADULT,1819,2,0
2012,JUL,MIDLANDS,GOKWE SOUTH,COMMUNAL,-18.4289,29.38724,MALE,ADULT,2301,2,0
2012,MAR,MIDLANDS,GOKWE NORTH,COMMUNAL,-18.02587372,28.98366242,FEMALE,ADULT,1914,2,0
2012,MAR,MATEBELELAND NORTH,BUBI,COMMUNAL,-19.79330287,29.25839564,ALL,ADULT,1500,5,0
2012,MAR,MATEBELELAND NORTH,BUBI,COMMUNAL,-19.79330287,29.25839564,FEMALE,ADULT,1500,1,0
2012,MAR,MASHONALAND EAST,HWEDZA,COMMUNAL,-18.2486451,31.71079974,MALE,ADULT,5,1,0
2012,OCT,MIDLANDS,GOKWE SOUTH,COMMUNAL,-18.46297,29.05622,FEMALE,ADULT,1066,1,0
2012,OCT,MIDLANDS,GOKWE NORTH,COMMUNAL,-17.87218,29.0184,FEMALE,JUVENILE,1606,1,0
2012,OCT,MIDLANDS,GOKWE NORTH,COMMUNAL,-17.93975,29.02905,MALE,ADULT,1412,1,0
2012,OCT,MIDLANDS,GOKWE NORTH,COMMUNAL,-17.91746,29.07137,ALL,ADULT,2441,3,0
2012,DEC,MIDLANDS,GOKWE NORTH,COMMUNAL,-17.91746,29.07137,ALL,ADULT,2443,2,0
2012,SEP,MIDLANDS,GOKWE NORTH,COMMUNAL,-17.50777189,29.27265038,MALE,ADULT,474,4,0
2012,OCT,MIDLANDS,GOKWE NORTH,COMMUNAL,-17.50777189,29.27265038,FEMALE,ADULT,458,3,0
2012,DEC,MIDLANDS,GOKWE NORTH,COMMUNAL,-17.579361,29.27204,MALE,ADULT,462,4,0
2012,APR,MASHONALAND CENTRAL,SHAMVA,RESETTLEMENT,-17.17049,31.54428,ALL,ALL,,8,0
2012,FEB,MIDLANDS,MBERENGWA,COMMUNAL,-20.36027,30.16219,FEMALE,ADULT,4082,1,0
2012,MAR,MASHONALAND WEST,ZVIMBA,COMMUNAL,-18.0746,30.5437,MALE,ADULT,7,1,
2012,APR,MIDLANDS,GOKWE SOUTH,COMMUNAL,-18.25681,29.2325,MALE,ADULT,7764,2,0
2012,SEP,MIDLANDS,GOKWE NORTH,COMMUNAL,-17.68615,29.08149,FEMALE,ADULT,661,1,0
2012,FEB,MIDLANDS,CHIRUMANZU,COMMUNAL,-19.35898,30.18672,ALL,ADULT,639,3,0
2012,JAN,MASHONALAND CENTRAL,GURUVE,RESETTLEMENT,-16.170822,30.64902,FEMALE,ADULT,1,4,0
2012,JAN,MIDLANDS,SHURUGWI,COMMUNAL,-19.99468834,30.28892117,ALL,ADULT,978,2,0
2012,MAY,MASHONALAND CENTRAL,MT DARWIN,COMMUNAL,-16.76205,31.42659,ALL,ALL,1712,32,0
2014,JAN,MASHONALAND CENTRAL,MT DARWIN,COMMUNAL,-16.76205,31.42659,ALL,ALL,1722,36,0
2014,FEB,MASHONALAND CENTRAL,MT DARWIN,COMMUNAL,-16.84254,31.3757,ALL,ADULT,872,7,0
2014,FEB,MASHONALAND CENTRAL,MT DARWIN,COMMUNAL,-16.75572,31.65978,FEMALE,ADULT,1877,1,0
2012,JUN,MASHONALAND CENTRAL,SHAMVA,COMMUNAL,-16.93417,31.65747,FEMALE,ADULT,1025,1,0
2012,JUL,MASHONALAND CENTRAL,CENTENARY,COMMUNAL,-16.02876,31.20806,ALL,ALL,2727,3,0
2012,SEP,MASHONALAND CENTRAL,CENTENARY,COMMUNAL,-16.07448,31.31452,MALE,ADULT,2337,1,0
2012,NOV,MASHONALAND CENTRAL,CENTENARY,COMMUNAL,-16.1753,31.39253,MALE,ADULT,950,1,0
2012,JUN,MASHONALAND CENTRAL,SHAMVA,COMMUNAL,-16.93417,31.65747,MALE,ADULT,1025,1,0
2012,JUN,MASHONALAND CENTRAL,MAZOWE,COMMUNAL,-17.30026,31.01901,FEMALE,ADULT,538,1,0
2012,JUL,MASHONALAND CENTRAL,CENTENARY,COMMUNAL,-16.23515,31.11753,ALL,ALL,1560,4,0
2012,JUL,MASHONALAND CENTRAL,CENTENARY,COMMUNAL,-16.64203,31.15146,FEMALE,ADULT,88,2,0
2012,AUG,MASHONALAND CENTRAL,CENTENARY,COMMUNAL,-16.23536,30.59157,ALL,ALL,345,10,0
2012,DEC,MASHONALAND CENTRAL,CENTENARY,COMMUNAL,-16.40412,30.10063,FEMALE,ADULT,2696,2,0
2012,DEC,MASHONALAND CENTRAL,CENTENARY,COMMUNAL,-16.40412,30.10063,FEMALE,ADULT,2696,2,0
2014,JAN,MASHONALAND CENTRAL,CENTENARY,COMMUNAL,-16.25176,30.96064,ALL,ALL,2347,4,0
2012,MAR,MATEBELELAND NORTH,BINGA,COMMUNAL,-17.54760395,27.34862178,FEMALE,ADULT,852,4,0
2012,MAR,MIDLANDS,GOKWE NORTH,COMMUNAL,-17.51118,28.51075,MALE,ADULT,3778,1,0
2012,MAR,MIDLANDS,GOKWE NORTH,COMMUNAL,-17.51118,28.51075,FEMALE,ADULT,3778,1,1
2012,JUN,MASHONALAND CENTRAL,RUSHINGA,COMMUNAL,-16.63802,32.04247,MALE,ADULT,2049,1,0
2012,MAY,MASHONALAND CENTRAL,SHAMVA,COMMUNAL,-16.9464,31.60652,FEMALE,ADULT,1406,1,0
2012,MAY,MASHONALAND CENTRAL,SHAMVA,COMMUNAL,-16.169341,31.2160652,FEMALE,ADULT,1024,1,0
2012,MAY,MASHONALAND CENTRAL,SHAMVA,COMMUNAL,-16.93419,31.60652,FEMALE,ADULT,1406,1,0
2012,MAY,MASHONALAND CENTRAL,SHAMVA,COMMUNAL,-16.96417,31.60652,FEMALE,ADULT,1406,1,0
2012,MAY,MASHONALAND CENTRAL,SHAMVA,COMMUNAL,-16.9464,31.60652,MALE,ADULT,1406,1,0
2012,JUN,MASHONALAND CENTRAL,SHAMVA,COMMUNAL,-16.9285,31.71672,FEMALE,ADULT,1406,1,0
2012,AUG,MASHONALAND CENTRAL,SHAMVA,COMMUNAL,-16.93417,31.65747,FEMALE,ADULT,,1,0
2012,MAR,MIDLANDS,KWEKWE,COMMUNAL,-18.98341129,28.9946968,ALL,ALL,1737,4,0
2012,MAR,MASHONALAND CENTRAL,RUSHINGA,COMMUNAL,-15.655804,32.06001,ALL,ADULT,,16,0
2012,MAR,MIDLANDS,CHIRUMANZU,COMMUNAL,-19.35898,30.36988,FEMALE,ADULT,558,1,0
2012,MAY,MASHONALAND CENTRAL,SHAMVA,COMMUNAL,-17.45802,31.54559,FEMALE,ADULT,346,1,0
2012,JUN,MASHONALAND CENTRAL,MVURWI,COMMUNAL,-17.02519,30.58546,ALL,ALL,1570,1,0
2012,MAR,MASHONALAND CENTRAL,MBIRE,COMMUNAL,-16.06787,31.03323,FEMALE,ADULT,,1,0
2012,MAR,MASHONALAND WEST,CHEGUTU,RESETTLEMENT,-18.7954,30.40819,MALE,ALL,2300,3,0
2012,MAR,MASHONALAND CENTRAL,BINDURA,RESETTLEMENT,-17.01137,31.33273,MALE,ADULT,3,3,0
2012,APR,MIDLANDS,GOKWE NORTH,COMMUNAL,-17.69814439,29.21470999,MALE,ADULT,16,1,0
2012,JUL,MIDLANDS,CHIRUMANZU,COMMUNAL,-18.9653,-18.9653,ALL,ADULT,751,2,0
2012,MAR,MIDLANDS,GOKWE NORTH,COMMUNAL,-17.36484215,29.12602007,ALL,ALL,1204,7,1
2012,MAR,MIDLANDS,GOKWE NORTH,COMMUNAL,-17.36484215,29.12602007,ALL,ALL,1204,8,2
2012,MAR,MIDLANDS,GOKWE NORTH,COMMUNAL,-17.36484215,29.12602007,ALL,ALL,1204,3,1
2012,NOV,MATEBELELAND NORTH,,COMMUNAL,#REF!,#REF!,ALL,ALL,,4,0
2012,APR,MASHONALAND CENTRAL,SHAMVA,RESETTLEMENT,-17.24532,31.5342,ALL,ADULT,,2,0
2012,APR,MIDLANDS,GOKWE NORTH,COMMUNAL,-17.32967,28.3615,FEMALE,ADULT,1562,1,0
2012,MAY,MIDLANDS,CHIRUMANZU,COMMUNAL,-19.24613254,30.35182911,MALE,ADULT,9,1,0
2012,MAR,MIDLANDS,MBERENGWA,COMMUNAL,-20.51999,30.06794,FEMALE,ADULT,,2,0
2012,NOV,MATEBELELAND NORTH,LUPANE,COMMUNAL,-18.83965245,27.56478101,ALL,ALL,,5,0
2014,JAN,MATEBELELAND NORTH,LUPANE,COMMUNAL,-18.78499976,27.69078486,ALL,ALL,1121,3,0
2014,JAN,MATEBELELAND NORTH,LUPANE,COMMUNAL,-18.92928696,27.77209468,ALL,ALL,19,4,0
2012,MAY,MATEBELELAND NORTH,BUBI,COMMUNAL,-19.78963236,29.53215407,ALL,ALL,,8,0
2012,MAY,MATEBELELAND NORTH,BUBI,COMMUNAL,-19.79575625,29.05518526,FEMALE,ADULT,700,1,0
2012,OCT,MATABELELAND SOUTH,INSIZA,RESETTLEMENT,-20.28857015,29.37083795,MALE,ADULT,299,2,0
2012,NOV,MATABELELAND SOUTH,BEITBRIDGE,URBAN,-22.4478,30.1086,ALL,ALL,49,11,1
2012,NOV,MATABELELAND SOUTH,BEITBRIDGE,COMMUNAL,-21.9847,29.6806,ALL,ALL,50,4,
2012,OCT,MATABELELAND SOUTH,BEITBRIDGE,COMMUNAL,-22.2689,29.987,MALE,JUVENILE,,1,
2012,JAN,MATEBELELAND NORTH,BINGA,COMMUNAL,-17.79000133,27.8803031,MALE,ADULT,,1,0
2012,MAR,MIDLANDS,KWEKWE,COMMUNAL,-18.80191999,29.06898788,ALL,ALL,1893,4,0
2012,SEP,MASHONALAND CENTRAL,SHAMVA,COMMUNAL,-17.05499,31.41963,FEMALE,ADULT,2215,1,0
2012,MAR,MASHONALAND CENTRAL,BINDURA,RESETTLEMENT,-17.25777,31.45152,MALE,ADULT,,2,0
2012,MAR,MIDLANDS,MBERENGWA,COMMUNAL,-20.77904129,30.21461314,ALL,ALL,1998,1,0
2012,JAN,MATEBELELAND NORTH,BINGA,COMMUNAL,-17.99974408,27.2361583,MALE,ADULT,1162,1,0
2012,JAN,MATEBELELAND NORTH,BINGA,COMMUNAL,-17.64652233,27.5703586,ALL,ALL,18,10,0
2012,JAN,MATEBELELAND NORTH,BINGA,COMMUNAL,-17.64652233,27.5703586,ALL,ALL,3717,45,18
2012,JAN,MIDLANDS,GOKWE NORTH,COMMUNAL,-17.8440527,29.09107772,ALL,ALL,2288,6,0
2012,MAR,MIDLANDS,ZVISHAVANE,COMMUNAL,-20.14244,30.15684,ALL,ALL,1326,5,0
2012,JUL,MASHONALAND CENTRAL,MT DARWIN,COMMUNAL,-16.53597,31.50243,FEMALE,ADULT,1905,1,0
2012,MAY,MASHONALAND CENTRAL,MT DARWIN,COMMUNAL,-16.73211,31.7855,ALL,ALL,1368,2,0
2012,MAY,MASHONALAND CENTRAL,MT DARWIN,COMMUNAL,-16.70753,31.58491,FEMALE,ADULT,946,1,0
2012,JAN,MIDLANDS,GOKWE NORTH,COMMUNAL,-17.8440527,29.09107772,ALL,ALL,2288,11,0
2012,MAY,MASHONALAND CENTRAL,MT DARWIN,COMMUNAL,-16.23693,31.72454,MALE,ADULT,3943,1,0
2012,JUL,MASHONALAND CENTRAL,MT DARWIN,COMMUNAL,-16.20587,31.67079,MALE,ADULT,1886,1,0
2014,JAN,MASHONALAND CENTRAL,MT DARWIN,COMMUNAL,-16.23693,31.72454,MALE,ADULT,3819,1,0
2014,FEB,MASHONALAND CENTRAL,MT DARWIN,COMMUNAL,-16.21017,31.60557,FEMALE,ADULT,2544,1,0
2012,JAN,MIDLANDS,GOKWE NORTH,COMMUNAL,-17.85309634,29.09023065,ALL,ALL,8,3,1
2012,JAN,MIDLANDS,GOKWE NORTH,COMMUNAL,-17.8440527,29.09107772,FEMALE,ADULT,2288,1,0
2012,JAN,MIDLANDS,GOKWE NORTH,COMMUNAL,-17.85309634,29.09023065,ALL,ALL,14,3,2
2012,JUL,MASHONALAND CENTRAL,MT DARWIN,COMMUNAL,-16.56956,31.89512,ALL,ADULT,1562,1,0
2012,JAN,MATEBELELAND NORTH,BINGA,COMMUNAL,-17.38250887,28.03552486,ALL,ALL,,34,7
2012,NOV,MASHONALAND CENTRAL,MT DARWIN,COMMUNAL,-16.61862,31.6723,FEMALE,ADULT,2427,1,0
2012,NOV,MASHONALAND CENTRAL,MT DARWIN,COMMUNAL,-16.61862,31.6723,ALL,ALL,2427,2,0
2014,FEB,MASHONALAND CENTRAL,MT DARWIN,COMMUNAL,-16.61862,31.6723,FEMALE,ADULT,2415,1,0
2012,MAR,MASHONALAND WEST,KADOMA,RESETTLEMENT,-17.5767,29.54945,MALE,ADULT,2,2,0
2012,MAR,MASHONALAND WEST,KADOMA,RESETTLEMENT,-18.4761,23.81412,MALE,ADULT,963,1,0
2012,APR,MASHONALAND CENTRAL,MT DARWIN,COMMUNAL,-16.59282,31.42658,FEMALE,ADULT,1291,1,0
2012,APR,MIDLANDS,GOKWE NORTH,COMMUNAL,-17.36648,28.33534,ALL,ADULT,12,3,0
2012,APR,MIDLANDS,GOKWE NORTH,COMMUNAL,-17.76388785,28.98076211,FEMALE,ADULT,2912,1,0
2012,APR,MIDLANDS,GOKWE NORTH,COMMUNAL,-17.15234,28.43733,ALL,ADULT,10,2,0
2012,APR,MIDLANDS,GOKWE NORTH,COMMUNAL,-17.15234,28.43733,ALL,ALL,1463,10,0
2012,JUN,MASHONALAND WEST,HURUNGWE,COMMUNAL,-17.068,29.76589,FEMALE,JUVENILE,,2,
2012,JUN,MASHONALAND WEST,HURUNGWE,COMMUNAL,-17.068,29.76589,FEMALE,JUVENILE,,2,
2012,AUG,MASHONALAND WEST,HURUNGWE,COMMUNAL,-16.62128593,29.37341084,ALL,ADULT,,2,
2012,OCT,MASHONALAND WEST,HURUNGWE,COMMUNAL,-17.5065,29.37716,MALE,ALL,,2,
2012,JUN,MASHONALAND WEST,HURUNGWE,COMMUNAL,-17.7507,29.35679,ALL,ALL,,6,
2012,JUN,MASHONALAND WEST,HURUNGWE,COMMUNAL,-17.7507,29.35679,ALL,ALL,,6,
2012,MAR,MASHONALAND WEST,KADOMA,COMMUNAL,-17.87784809,29.29897985,ALL,ALL,1440,1,0
2012,OCT,MASHONALAND WEST,HURUNGWE,COMMUNAL,-17.9138,29.30988,ALL,ALL,,2,
2012,NOV,MASHONALAND WEST,HURUNGWE,COMMUNAL,-16.57815789,29.92265189,ALL,ADULT,KAPIRI,,2
2012,AUG,MASHONALAND WEST,KARIBA,COMMUNAL,-17.322,28.516,FEMALE,ADULT,,1,
2012,MAR,MATABELELAND SOUTH,BEITBRIDGE,COMMUNAL,-22.1111,30.1886,ALL,ALL,40,3,0
2012,MAR,MATEBELELAND NORTH,BINGA,COMMUNAL,-18.72291173,27.18883481,ALL,ALL,,17,0
2014,JAN,MASHONALAND WEST,ZVIMBA,RESETTLEMENT,-17.8036,30.53705,MALE,ADULT,405,1,0
2012,MAR,MATABELELAND SOUTH,BEITBRIDGE,COMMUNAL,-22.111,30.1886,ALL,ALL,77,5,0
2014,JAN,MASHONALAND WEST,CHEGUTU,COMMUNAL,-17.9841,30.52694,MALE,JUVENILE,2363,15,0
2012,MAR,MIDLANDS,ZVISHAVANE,COMMUNAL,-20.1112,30.08711,FEMALE,ADULT,11,1,0
2012,MAR,MASHONALAND WEST,HURUNGWE,RESETTLEMENT,-16.6155,30.43441,ALL,ALL,799,4,1
2012,APR,MIDLANDS,GOKWE NORTH,COMMUNAL,-17.76388775,28.98077154,ALL,ALL,18,7,0
2012,APR,MIDLANDS,GOKWE NORTH,COMMUNAL,-17.76388785,28.98076211,FEMALE,ADULT,10,1,0
2012,APR,MATEBELELAND NORTH,HWANGE,COMMUNAL,-18.184333,26.615833,FEMALE,JUVENILE,,1,0
2012,APR,MASHONALAND WEST,ZVIMBA,COMMERCIAL,-17.8419,30.71662,ALL,ALL,290,4,
2012,APR,MATEBELELAND NORTH,BINGA,COMMUNAL,-17.54760395,27.34862178,FEMALE,ADULT,852,6,0
2012,JUN,MASHONALAND WEST,CHEGUTU,COMMUNAL,-17.9841,30.52694,ALL,ADULT,,3,0
2012,JUN,MASHONALAND WEST,CHEGUTU,COMMUNAL,-17.9841,30.52694,ALL,ADULT,,3,0
2012,MAY,MASHONALAND WEST,CHEGUTU,RESETTLEMENT,-17.2142,30.36074,FEMALE,ADULT,0,1,0
2012,MAY,MASHONALAND WEST,CHEGUTU,RESETTLEMENT,-17.8738,30.38324,FEMALE,ADULT,9,1,0
2012,MAR,MASHONALAND WEST,KADOMA,RESETTLEMENT,-18.4761,23.81412,ALL,ADULT,943,12,0
2012,APR,MIDLANDS,GOKWE NORTH,COMMUNAL,-17.76388785,28.98076211,ALL,ADULT,38,4,1
2012,MAR,MASHONALAND WEST,HURUNGWE,COMMERCIAL,-16.5393,29.4342,ALL,ALL,1198,3,
2014,JAN,MASHONALAND EAST,GOROMONZI,COMMUNAL,-17.65734254,31.21557325,ALL,ALL,8,2,0
2014,JAN,MASHONALAND EAST,GOROMONZI,COMMUNAL,-19.89203791,30.69345481,ALL,ALL,7,3,0
2014,FEB,MASHONALAND EAST,GOROMONZI,COMMUNAL,-20.08255438,30.75948246,MALE,ADULT,1,1,0
2014,MAR,MASVINGO,BIKITA,COMMUNAL,-20.08979631,30.62269559,ALL,ALL,905,128,0
2014,MAR,MASVINGO,BIKITA,COMMUNAL,-20.78657179,30.72528034,ALL,ALL,2179,3,0
2014,MAR,MASVINGO,BIKITA,COMMUNAL,-20.71331798,30.65054516,ALL,ALL,990,91,0
2014,MAR,MASVINGO,BIKITA,COMMUNAL,-20.59861659,30.22371668,ALL,ALL,1225,21,12
2014,MAR,MASVINGO,BIKITA,COMMUNAL,-20.3370382,30.23990485,ALL,ALL,1987,9,0
2012,OCT,MASVINGO,BIKITA,COMMUNAL,-20.19268457,31.89078687,ALL,ALL,1220,2,0
2014,MAR,MASVINGO,BIKITA,COMMUNAL,-20.74255056,31.70435846,ALL,ALL,1436,12,0
2014,MAR,MASVINGO,BIKITA,COMMUNAL,-204760,3174032,ALL,ALL,1586,38,0
2014,MAR,MASVINGO,BIKITA,COMMUNAL,-20.05662344,31.81045442,ALL,ALL,898,14,0
2014,MAR,MASVINGO,BIKITA,COMMUNAL,-2003512,3159582,ALL,ALL,1411,5,0
2014,MAR,MASVINGO,BIKITA,COMMUNAL,-19.98316976,31.64765418,ALL,ALL,1867,48,0
2014,MAR,MASVINGO,BIKITA,COMMUNAL,-2023278,3165165,ALL,ALL,1581,45,0
2014,MAR,MASVINGO,BIKITA,COMMUNAL,-2023278,3165165,ALL,ALL,1581,7,0
2014,MAR,MASVINGO,BIKITA,COMMUNAL,-2019503,3168839,ALL,ALL,1746,7,0
2014,MAR,MASVINGO,BIKITA,COMMUNAL,-2019503,3168839,ALL,ALL,1746,4,0
2014,MAR,MASVINGO,BIKITA,COMMUNAL,-200226508,3172602,ALL,ALL,1588,48,0
2014,MAR,MASVINGO,BIKITA,COMMUNAL,-20.23377909,31.36792402,ALL,ALL,1588,35,6
2014,MAR,MASVINGO,BIKITA,COMMUNAL,-1996855,3167583,ALL,ALL,1074,24,0
2014,MAR,MASVINGO,BIKITA,COMMUNAL,-1996855,3167583,ALL,ALL,1074,24,0
2014,MAR,MASVINGO,BIKITA,COMMUNAL,-20016979,32022719,ALL,ALL,581,10,0
2014,MAR,MASVINGO,BIKITA,COMMUNAL,-20.75307233,31.91945686,ALL,ALL,1499,7,0
2014,MAR,MASVINGO,BIKITA,COMMUNAL,-20.75345912,31.98283643,ALL,ALL,1985,77,0
2014,MAR,MASVINGO,BIKITA,COMMUNAL,-1996277,3201883,ALL,ALL,1135,21,0
2014,MAR,MASVINGO,BIKITA,COMMUNAL,-20016979,32022719,ALL,ALL,581,51,0
2014,MAR,MASVINGO,BIKITA,COMMUNAL,-1987344,3206946,ALL,ALL,650,17,0
2014,MAR,MASVINGO,BIKITA,COMMUNAL,-1991252,3152137,ALL,ALL,1234,27,0
2014,MAR,MASVINGO,BIKITA,COMMUNAL,-1994419,3156325,ALL,ALL,1423,28,2
2014,MAR,MASVINGO,BIKITA,COMMUNAL,-20.06286498,31.4500072,ALL,ALL,1019,3,0
2014,MAR,MASVINGO,BIKITA,COMMUNAL,-1999509,3145077,ALL,ALL,1832,3,0
2014,MAR,MASVINGO,BIKITA,COMMUNAL,-20.65960306,31.50258399,ALL,ALL,1390,17,0
2014,MAR,MASVINGO,BIKITA,COMMUNAL,-2034123,3181110,ALL,ALL,564,12,0
2014,MAR,MASVINGO,BIKITA,COMMUNAL,-2026424,3177410,ALL,ALL,768,24,0
2014,MAR,MASVINGO,BIKITA,COMMUNAL,-20.44546244,31.85644165,ALL,ALL,1612,1,0
2014,MAR,MASVINGO,BIKITA,COMMUNAL,-20.44546244,31.85644165,ALL,ALL,1612,14,0
2014,MAR,MASVINGO,BIKITA,COMMUNAL,-20.71611664,31.79673346,ALL,ALL,2074,36,0
2014,MAR,MASVINGO,BIKITA,COMMUNAL,-2026048,3177412,ALL,ALL,1342,198,0
2014,MAR,MASVINGO,BIKITA,COMMUNAL,-2026048,3177432,ALL,ALL,1762,81,0
2014,MAR,MASVINGO,BIKITA,COMMUNAL,-20.19268457,31.89078687,ALL,ALL,1324,16,0
2014,MAR,MASVINGO,BIKITA,COMMUNAL,#REF!,#REF!,ALL,ALL,3655,120,0
2014,MAR,MASVINGO,BIKITA,COMMUNAL,-2009645,3189851,ALL,ALL,2758,89,0
2014,MAR,MASVINGO,BIKITA,COMMUNAL,-2009727,3180188,ALL,ALL,25,28,0
2014,FEB,MASVINGO,CHIVI,COMMUNAL,-19.89203791,30.69345481,ALL,ALL,1789,6,0
2014,FEB,MASVINGO,CHIVI,COMMUNAL,-20.08255438,30.75948246,ALL,ALL,1532,6,0
2014,FEB,MASVINGO,CHIVI,COMMUNAL,-20.08979631,30.62269559,ALL,ALL,1814,7,0
2014,FEB,MASVINGO,CHIVI,COMMUNAL,-20.78657179,30.72528034,ALL,ALL,719,30,0
2014,FEB,MASVINGO,CHIVI,COMMUNAL,-20.71331798,30.65054516,ALL,ALL,1301,24,0
2014,FEB,MASVINGO,CHIVI,COMMUNAL,-20.59861659,30.22371668,ALL,ALL,2405,41,0
2014,FEB,MASVINGO,CHIVI,COMMUNAL,-20.3370382,30.23990485,ALL,ALL,1704,28,0
2014,FEB,MASVINGO,CHIVI,COMMUNAL,-20.59966622,30.28983604,ALL,JUVENILE,928,1,0
2014,MAR,MASVINGO,ZAKA,COMMUNAL,-20.27815905,31.28510075,ALL,ALL,1898,11,0
2012,MAY,MATEBELELAND NORTH,HWANGE,COMMUNAL,-20.98533091,30.73094683,FEMALE,ADULT,,1,0
2012,MAY,MATEBELELAND NORTH,HWANGE,COMMUNAL,-18.27102452,27.12307216,FEMALE,ADULT,,2,0
2012,MAR,MIDLANDS,GOKWE NORTH,COMMUNAL,-18.0333505,29.13012864,ALL,ALL,1628,4,1
2012,MAY,MATEBELELAND NORTH,UMGUZA,COMMUNAL,-19.35215364,28.13486653,ALL,ALL,697,3,0
2012,MAY,MATEBELELAND NORTH,UMGUZA,COMMUNAL,-19.53322111,28.07989665,ALL,ALL,269,12,0
2012,MAY,MATEBELELAND NORTH,UMGUZA,COMMUNAL,-19.53244464,28.20283131,ALL,ALL,,2,0
2012,JUN,MATEBELELAND NORTH,UMGUZA,COMMUNAL,-19.53322111,28.07989665,FEMALE,ADULT,,2,0
2012,JUN,MATEBELELAND NORTH,UMGUZA,COMMUNAL,-19.17301099,27.83883305,FEMALE,ADULT,,2,0
2012,MAR,MIDLANDS,GOKWE SOUTH,COMMUNAL,-18.5354141,28.60489513,FEMALE,ADULT,1993,1,0
2012,MAR,MIDLANDS,GOKWE SOUTH,COMMUNAL,-18.5354141,28.60489513,FEMALE,JUVENILE,1211,1,0
2012,MAR,MASVINGO,GUTU,COMMUNAL,-19.73760281,31.44931627,MALE,ADULT,2936,2,0
2012,APR,MASVINGO,GUTU,COMMUNAL,-19.73760281,31.44931627,MALE,ADULT,2936,2,0
2012,APR,MASHONALAND EAST,GOROMONZI,COMMERCIAL,-17.3965194,31.35831766,ALL,ADULT,6,2,0
2012,JUL,MATEBELELAND NORTH,UMGUZA,COMMUNAL,-19.53244464,28.20283131,ALL,ALL,,4,0
2012,JUN,MATEBELELAND NORTH,UMGUZA,COMMUNAL,-19.08052953,28.2166389,FEMALE,ADULT,,2,2
2012,JUN,MATEBELELAND NORTH,UMGUZA,COMMUNAL,-19.08052953,28.2166389,FEMALE,ADULT,,4,0
2012,JUN,MATEBELELAND NORTH,UMGUZA,COMMUNAL,-19.08052953,28.2166389,ALL,ADULT,,2,2
2012,JUN,MATEBELELAND NORTH,UMGUZA,COMMUNAL,-19.08052953,28.2166389,MALE,ADULT,,2,2
2012,JUN,MATEBELELAND NORTH,UMGUZA,COMMUNAL,-19.08052953,28.2166389,MALE,ADULT,,1,0
2012,JUN,MATEBELELAND NORTH,UMGUZA,COMMUNAL,-19.08052953,28.2166389,ALL,ALL,,4,0
2012,JUN,MATEBELELAND NORTH,UMGUZA,COMMUNAL,-19.08052953,28.2166389,MALE,ADULT,,1,0
2012,JUN,MATEBELELAND NORTH,UMGUZA,COMMUNAL,-19.08101573,28.14061051,MALE,ADULT,,2,0
2012,JAN,MASHONALAND CENTRAL,MAZOWE,COMMUNAL,-17.06868,31.04747,FEMALE,ADULT,,1,0
2012,JAN,MATABELELAND SOUTH,MATOBO,COMMERCIAL,-20.97586352,28.49004141,ALL,ADULT,44,6,0
2012,MAY,MATEBELELAND NORTH,LUPANE,COMMUNAL,-18.44273663,27.16101655,ALL,ALL,25,4,0
2012,APR,MASHONALAND CENTRAL,SHAMVA,RESETTLEMENT,-16.9285,31.6572,MALE,ADULT,,1,0
2012,JAN,MASHONALAND EAST,HARARE,COMMERCIAL,-17.90137,30.41588403,FEMALE,ADULT,23,2,0
2012,JAN,MIDLANDS,GWERU,COMMUNAL,-19.07598253,30.62442238,MALE,ADULT,2346,1,0
2012,JAN,MIDLANDS,GWERU,COMMUNAL,-19.07598253,30.62442238,ALL,ALL,2346,3,0
2012,JAN,MIDLANDS,SHURUGWI,COMMUNAL,-19.21948373,30.38261738,ALL,ADULT,,2,0
2012,JAN,MASHONALAND CENTRAL,MBIRE,COMMUNAL,-16.28826,30.67631,MALE,ADULT,,1,
2012,JAN,MASHONALAND CENTRAL,MBIRE,COMMUNAL,-16.28826,30.67631,FEMALE,ALL,1864,1,0
2012,JUN,MATEBELELAND NORTH,LUPANE,COMMUNAL,-18.44273663,27.16101655,MALE,ADULT,,1,0
2012,MAY,MIDLANDS,GOKWE NORTH,COMMUNAL,-17.3437,28.18864,FEMALE,ADULT,12,1,0
2012,MAY,MIDLANDS,GOKWE NORTH,COMMUNAL,-17.3437,28.18864,ALL,ALL,2168,3,2
2012,MAY,MATEBELELAND NORTH,BUBI,COMMUNAL,-19.79575625,29.05518526,ALL,ADULT,700,3,0
2012,JAN,MASHONALAND EAST,MUTOKO,COMMUNAL,-17.6369,32.24594,FEMALE,ADULT,9,2,0
2012,JAN,MIDLANDS,KWEKWE,COMMUNAL,-19.02034901,29.64946177,ALL,ALL,10,10,0
2012,JAN,MIDLANDS,KWEKWE,COMMUNAL,-18.95724076,30.6967069,ALL,ALL,16,3,0
2012,JAN,MASHONALAND CENTRAL,MAZOWE,COMMUNAL,-17.06868,31.04747,FEMALE,ADULT,,1,0
2012,MAR,MIDLANDS,GOKWE SOUTH,COMMUNAL,-18.52968841,29.17685991,FEMALE,ADULT,4,1,0
2012,MAR,MIDLANDS,KWEKWE,COMMUNAL,-19.70600941,29.00357443,ALL,ALL,656,7,0
2012,JAN,MIDLANDS,GOKWE SOUTH,COMMUNAL,-17.63026189,28.78138037,FEMALE,ADULT,3622,1,0
2012,JAN,MIDLANDS,GOKWE NORTH,COMMUNAL,-17.50777189,29.27265038,MALE,ADULT,28,5,0
2012,JAN,MIDLANDS,GOKWE SOUTH,COMMUNAL,-17.63026189,28.78138037,FEMALE,ADULT,18,1,0
2012,MAR,MATEBELELAND NORTH,BINGA,COMMUNAL,-18.54200391,27.29380133,ALL,ALL,,107,0
2012,MAR,MIDLANDS,GWERU,COMMUNAL,-19.015,30.03333333,MALE,ADULT,1079,1,1
2012,MAR,MATEBELELAND NORTH,BINGA,COMMUNAL,-17.36666505,27.4236084,MALE,JUVENILE,2803,1,0
2012,APR,MATABELELAND SOUTH,BULILIMA,COMMUNAL,-20.0125,27.4469,ALL,ALL,42,14,19
2012,APR,MIDLANDS,GOKWE NORTH,COMMUNAL,-17.35827,28.3925,MALE,ADULT,12,1,0
2012,APR,MASHONALAND EAST,SEKE,COMMERCIAL,-18.54926706,30.95838787,ALL,ADULT,15,4,0
2012,APR,MASHONALAND CENTRAL,BINDURA,RESETTLEMENT,-17.11749,31.2036,ALL,ALL,2,2,0
2012,APR,MASHONALAND WEST,CHEGUTU,COMMERCIAL,-18.7048,30.38873,MALE,ADULT,19,1,0
2012,MAY,MATEBELELAND NORTH,HWANGE,COMMUNAL,-18.27102452,27.12307216,FEMALE,ADULT,,1,0
2012,MAY,MIDLANDS,GOKWE NORTH,COMMUNAL,-17.6756499,28.75829213,ALL,ADULT,53,6,3
2012,MAY,MIDLANDS,GOKWE SOUTH,COMMUNAL,-18.53893472,28.11612029,FEMALE,ADULT,1268,1,0
2012,MAR,MATEBELELAND NORTH,BINGA,COMMUNAL,-17.39044717,28.22947019,FEMALE,ADULT,,1,0
2012,APR,MATEBELELAND NORTH,UMGUZA,COMMUNAL,-19.53322111,28.07989665,ALL,ALL,269,12,0
2012,APR,MATEBELELAND NORTH,TSHOLOTSHO,COMMUNAL,-20.79793649,28.12906321,ALL,ALL,140,1,0
2012,MAY,MATEBELELAND NORTH,BINGA,COMMUNAL,-17.99974408,27.2361583,MALE,ADULT,1162,1,0
2012,MAY,MIDLANDS,GOKWE NORTH,COMMUNAL,-17.46332959,29.20809685,ALL,ALL,18,9,3
2012,MAY,MIDLANDS,GOKWE NORTH,COMMUNAL,-17.46332959,29.20809685,ALL,ALL,13,6,1
2012,JUN,MATEBELELAND NORTH,BINGA,COMMUNAL,-18.09023933,27.12665019,FEMALE,ADULT,,4,0
2012,JUN,MATEBELELAND NORTH,BINGA,COMMUNAL,-18.09023933,27.12665019,FEMALE,ADULT,,1,0
2012,APR,MIDLANDS,CHIRUMANZU,COMMUNAL,-19.663,30.666,FEMALE,ADULT,17,1,0
2012,MAY,MATEBELELAND NORTH,BINGA,COMMUNAL,-17.36234489,28.38073877,ALL,ALL,2894,7,0
2012,MAR,MATEBELELAND NORTH,BINGA,COMMUNAL,-17.36666505,27.4236084,FEMALE,ADULT,11,1,0
2012,MAR,MATEBELELAND NORTH,BINGA,COMMUNAL,-17.36666505,27.4236084,ALL,ALL,17,3,1
2012,APR,MIDLANDS,GWERU,COMMUNAL,-19.22815592,29.64233099,MALE,ADULT,1026,1,0
2012,MAY,MATEBELELAND NORTH,BINGA,COMMUNAL,-17.39044717,28.22947019,FEMALE,ADULT,,1,0
2012,MAY,MIDLANDS,GOKWE NORTH,COMMUNAL,-17.46332959,29.20809685,ALL,ALL,6,4,1
2012,AUG,MATEBELELAND NORTH,BINGA,COMMUNAL,-17.39044717,28.22947019,MALE,ADULT,,1,0
2014,FEB,MASVINGO,MWENEZI,COMMUNAL,-21.181311,31.27438,ALL,ALL,1460,3,0
2014,FEB,MASVINGO,MWENEZI,COMMUNAL,-21.09594,31.26083,ALL,ALL,1417,3,0
2014,FEB,MASVINGO,MWENEZI,COMMUNAL,-21.14527,31.31346,ALL,ALL,835,1,0
2014,MAR,MASVINGO,GUTU,COMMUNAL,-19.07637465,31.26455773,MALE,JUVENILE,2160,10,0
2014,MAR,MASVINGO,GUTU,COMMUNAL,-19.23223295,31.522604,ALL,ALL,2863,10,10
2012,MAR,MIDLANDS,CHIRUMANZU,COMMUNAL,-19.35898,32.15953,ALL,ADULT,805,2,0
2012,MAR,MIDLANDS,CHIRUMANZU,COMMUNAL,-19.35898,30.15953,FEMALE,ADULT,810,1,1
2014,MAR,MASVINGO,GUTU,COMMUNAL,-19.3032422,31.37254415,MALE,ADULT,1101,1,1
2014,MAR,MASVINGO,GUTU,COMMUNAL,-20.22384878,31.27425145,ALL,ALL,2101,2,0
2014,MAR,MASVINGO,GUTU,COMMUNAL,-19.24861038,30.52884192,ALL,ALL,668,3,0
2014,FEB,MASVINGO,MWENEZI,COMMUNAL,-20.49301,30.36004,ALL,ALL,1122,1,0
2014,MAR,MASVINGO,MWENEZI,COMMUNAL,-20.98533091,30.73094683,ALL,ALL,2132,4,0
2014,FEB,MASVINGO,CHIVI,COMMUNAL,-20.27824756,30.53563892,ALL,ALL,1116,2,0
2012,APR,MIDLANDS,CHIRUMANZU,RESETTLEMENT,-20.91661662,31.01456845,MALE,ADULT,739,1,0
2012,MAR,MIDLANDS,CHIRUMANZU,COMMUNAL,-19.35898,31.10615,ALL,ADULT,751,3,0
2012,APR,MIDLANDS,CHIRUMANZU,COMMUNAL,-19.35898,30.10615,ALL,ADULT,749,3,0
2012,JAN,MIDLANDS,MBERENGWA,COMMUNAL,-20.36027,30.16219,ALL,ADULT,,11,0
2014,JAN,MASHONALAND EAST,CHIKOMBA,COMMUNAL,-18.57161,31.38178,MALE,ADULT,4,2,0
2012,OCT,MASHONALAND EAST,UMP,COMMUNAL,-16.90205,32.26286667,FEMALE,ADULT,,1,0
2012,JAN,MASHONALAND WEST,HURUNGWE,RESETTLEMENT,-16.8987,29.59171,ALL,ALL,915,4,1
2012,JAN,MASHONALAND CENTRAL,GURUVE,COMMUNAL,-16.5933,30.68571,ALL,ALL,,1,0
2012,JAN,MIDLANDS,GOKWE NORTH,COMMUNAL,-17.19805336,28.59864187,ALL,ALL,1536,10,0
2014,FEB,MASHONALAND EAST,UMP,COMMUNAL,-17.0271,31.98271,ALL,ALL,1,1,0
2014,FEB,MASHONALAND EAST,SEKE,RESETTLEMENT,-18.29437,30.5041,ALL,ADULT,83,3,0
2014,FEB,MASHONALAND EAST,CHIKOMBA,COMMUNAL,-19.10169,30.48513,MALE,ADULT,61,2,1
2012,OCT,MASHONALAND EAST,UMP,COMMUNAL,-17.6804,31.95035,ALL,ADULT,,1,0
2012,APR,MIDLANDS,GOKWE NORTH,COMMUNAL,-17.15234,28.43733,ALL,ALL,1463,5,0
2012,FEB,MIDLANDS,KWEKWE,COMMUNAL,-19.85873777,29.76250851,ALL,ALL,66,3,0
2014,FEB,MASHONALAND EAST,UMP,COMMUNAL,-17.499342,31.843402,ALL,JUVENILE,2790,4,0
2014,FEB,MASHONALAND EAST,MARONDERA,COMMUNAL,-18.302916,31.718,FEMALE,JUVENILE,21,2,1
2014,FEB,MASVINGO,MWENEZI,COMMUNAL,-21.09263,30.46537,ALL,ALL,1240,10,4
2014,FEB,MASVINGO,MWENEZI,COMMUNAL,-21.09263,30.46537,ALL,ALL,1240,10,2
2014,FEB,MASVINGO,MWENEZI,COMMUNAL,-21.10076,30.43401,ALL,ALL,1422,10,3
2014,FEB,MASVINGO,MWENEZI,COMMUNAL,-21.07355,30.41259,ALL,ALL,1578,64,1
2014,FEB,MASVINGO,MWENEZI,COMMUNAL,-21.04541,30.43546,ALL,ALL,2525,19,3
2014,FEB,MASVINGO,MWENEZI,COMMUNAL,-21.005447,30.4537,ALL,ALL,1902,23,4
2014,FEB,MASVINGO,MWENEZI,COMMUNAL,-20.51037,30.45077,ALL,ALL,1962,28,8
2014,FEB,MASVINGO,MWENEZI,COMMUNAL,-20.58459,30.53107,ALL,ALL,1571,43,6
2014,FEB,MASVINGO,MWENEZI,COMMUNAL,-21.03369,30.57496,ALL,ALL,1814,12,4
2014,FEB,MASHONALAND EAST,CHIKOMBA,COMMUNAL,-18.50234,30.44503,MALE,ADULT,12,1,0
2014,JAN,MASHONALAND EAST,MUREHWA,COMMERCIAL,-17.48685,32.09124,FEMALE,JUVENILE,31,2,0
2014,FEB,MASVINGO,MWENEZI,COMMUNAL,-21.30483,31.12062,FEMALE,ADULT,939,1,0
2014,FEB,MASVINGO,MWENEZI,COMMUNAL,-21.41308,31.08177,ALL,ALL,1743,7,0
2014,FEB,MASVINGO,MWENEZI,COMMUNAL,-21.41308,31.08177,ALL,ALL,1734,2,2
2014,FEB,MASVINGO,MWENEZI,COMMUNAL,-21.41308,31.08177,ALL,ALL,1724,15,0
2014,FEB,MASVINGO,MWENEZI,COMMUNAL,-20.57037,30.45077,ALL,ALL,1241,10,0
2014,FEB,MASVINGO,MWENEZI,COMMUNAL,-21.0436,31.06234,ALL,ALL,1391,6,0
2014,FEB,MASVINGO,MWENEZI,COMMUNAL,-20.91661662,31.01456845,ALL,ALL,1301,10,0
2014,FEB,MASVINGO,MWENEZI,COMMUNAL,-20.54297,30.40593,ALL,JUVENILE,1801,3,0
2014,FEB,MASVINGO,MWENEZI,COMMUNAL,-21.07292,30.48099,ALL,ALL,1021,3,0
2014,FEB,MASVINGO,MWENEZI,COMMUNAL,-21.07282,30.48099,MALE,ADULT,1877,2,1
2014,FEB,MASVINGO,MWENEZI,COMMUNAL,-21.25422,31.119086,ALL,ALL,1011,9,0
2014,FEB,MASVINGO,MWENEZI,COMMUNAL,-21.25422,31.19086,ALL,ALL,1049,12,0
2014,FEB,MASVINGO,MWENEZI,COMMUNAL,-21.31026,31.14173,ALL,ADULT,1280,18,0
2014,FEB,MASVINGO,MWENEZI,COMMUNAL,-21.29189,31.19276,ALL,ALL,1685,43,0
2014,FEB,MASVINGO,MWENEZI,COMMUNAL,-21.41308,31.08127,ALL,ALL,1697,36,8
2014,FEB,MASVINGO,MWENEZI,COMMUNAL,-21.08473,30.19063,ALL,ALL,2161,5,1
2014,FEB,MASVINGO,MWENEZI,COMMUNAL,-21.14408,30.31439,ALL,ALL,2419,3,0
2014,FEB,MASVINGO,MWENEZI,COMMUNAL,-21.07258,30.25044,ALL,ALL,2643,2,0
2012,AUG,MASHONALAND EAST,MARONDERA,COMMUNAL,-1849216,31.64177,FEMALE,ADULT,10,1,0
2012,JAN,MATEBELELAND NORTH,BINGA,COMMUNAL,-17.73679477,27.61028493,ALL,ALL,,5,5
2012,MAY,MASHONALAND WEST,CHEGUTU,RESETTLEMENT,-17.623,30.54039,ALL,ADULT,31,6,2
2012,MAR,MASHONALAND WEST,CHEGUTU,RESETTLEMENT,-17.9841,30.52694,ALL,ALL,1010,3,1
2012,APR,MASHONALAND WEST,CHEGUTU,RESETTLEMENT,-17.9841,30.52694,ALL,ALL,1010,6,3
2012,MAR,MASHONALAND WEST,CHEGUTU,RESETTLEMENT,-17.9841,30.52694,ALL,ALL,1010,6,0
2012,MAR,MASHONALAND CENTRAL,BINDURA,RESETTLEMENT,-16.92155,31.30715,MALE,ADULT,4,4,0
2012,APR,MIDLANDS,CHIRUMANZU,COMMUNAL,-19.35898,31.36988,FEMALE,ADULT,558,1,0
2012,APR,MIDLANDS,GWERU,COMMUNAL,-19.21926476,29.63265471,ALL,ADULT,1347,3,0
2012,APR,MIDLANDS,GWERU,COMMUNAL,-19.21926476,29.63265471,FEMALE,ADULT,1347,1,0
2012,APR,MASHONALAND WEST,KADOMA,RESETTLEMENT,#REF!,#REF!,FEMALE,ADULT,16,1,0
2012,MAR,MIDLANDS,MBERENGWA,COMMUNAL,-20.59036,30.40499,MALE,ADULT,1711,2,0
2012,JUN,MIDLANDS,KWEKWE,COMMUNAL,-18.67847,29.32623,FEMALE,ADULT,3078,2,0
2012,JUN,MIDLANDS,GOKWE NORTH,COMMUNAL,-17.50777189,29.27265038,FEMALE,ADULT,608,1,0
2012,APR,MIDLANDS,GOKWE SOUTH,COMMUNAL,-18.89109368,29.17105087,ALL,ALL,2873,8,0
2012,MAR,MASHONALAND CENTRAL,SHAMVA,RESETTLEMENT,-17.17049,31.54428,ALL,ADULT,,3,0
2012,APR,MATEBELELAND NORTH,BINGA,COMMUNAL,-17.54760395,27.34862178,FEMALE,ADULT,852,2,0
2012,APR,MIDLANDS,GOKWE SOUTH,COMMUNAL,-17.81310841,28.53038651,FEMALE,ADULT,3170,1,0
2012,MAR,MASHONALAND EAST,UMP,COMMUNAL,-17.47163489,31.74562547,MALE,ADULT,,1,0
2012,MAR,MIDLANDS,SHURUGWI,COMMUNAL,-19.766667,30.1083333,ALL,ADULT,1085,2,0
2012,DEC,MIDLANDS,GWERU,COMMUNAL,-19.14121,30.07262,MALE,ADULT,998,2,0
2012,APR,MASHONALAND WEST,HURUNGWE,COMMERCIAL,-17.1353,29.44845963,ALL,ALL,722,200,4
2012,APR,MASHONALAND WEST,HURUNGWE,COMMUNAL,#REF!,#REF!,ALL,ALL,591,125,
2012,MAR,MASHONALAND CENTRAL,SHAMVA,RESETTLEMENT,-17.024532,31.5342,ALL,ADULT,,14,0
2012,APR,MASHONALAND WEST,KARIBA,COMMUNAL,-16.6608,29.05245,MALE,ADULT,8,1,
2012,JUL,MIDLANDS,GWERU,COMMUNAL,-19.178,29.9472,ALL,ALL,1367,3,0
2012,JUL,MIDLANDS,GWERU,COMMUNAL,-19.178,29.9472,ALL,ALL,1357,3,0
2012,MAR,MASVINGO,CHIVI,COMMUNAL,-20.08984791,30.62652783,MALE,ADULT,1732,1,0
2012,JUN,MIDLANDS,GOKWE NORTH,COMMUNAL,-17.76031851,29.30692842,MALE,ADULT,408,4,0
2012,APR,MASHONALAND WEST,KADOMA,RESETTLEMENT,-17.1343,30-30198,MALE,ADULT,14,1,0
2012,APR,MASHONALAND CENTRAL,MBIRE,COMMUNAL,-16.30287,30.46134,ALL,ALL,,2,
2012,APR,MASHONALAND CENTRAL,MAZOWE,COMMUNAL,-17.2738,31.13231,FEMALE,ADULT,1016,1,0
2012,MAR,MIDLANDS,GOKWE NORTH,COMMUNAL,-17.47382,28.49196,ALL,ADULT,3282,2,0
2012,MAR,MIDLANDS,GOKWE NORTH,COMMUNAL,-17.47382,29.49196,FEMALE,ADULT,2653,1,0
2012,APR,MIDLANDS,GOKWE NORTH,COMMUNAL,-17.47382,28.49196,ALL,ADULT,3282,2,0
2012,APR,MIDLANDS,GWERU,COMMUNAL,-19.81518317,29.63853873,FEMALE,ADULT,416,1,0
2012,JUN,MIDLANDS,GOKWE NORTH,COMMUNAL,-17.86482715,28.82147068,FEMALE,ADULT,2678,2,0
2012,APR,MIDLANDS,GOKWE SOUTH,COMMUNAL,-17.34643282,29.15774284,ALL,ALL,,3,0
2012,MAR,MIDLANDS,KWEKWE,COMMUNAL,-18.84517086,30.76504072,MALE,ADULT,895,1,0
2012,MAR,MASHONALAND WEST,CHEGUTU,RESETTLEMENT,-17.9872,30.78175,ALL,ADULT,5,5,0
2012,MAR,MASHONALAND WEST,CHEGUTU,RESETTLEMENT,-17.9872,30.78175,ALL,ADULT,33,0,0
2012,NOV,MIDLANDS,GWERU,COMMUNAL,-19.25439,29.87002,ALL,ADULT,679,3,0
2012,NOV,MIDLANDS,GWERU,COMMUNAL,-19.25439,29.87002,ALL,ADULT,679,3,0
2012,MAR,MIDLANDS,GOKWE NORTH,COMMUNAL,-17.51118,28.51075,FEMALE,ADULT,3772,1,0
2012,APR,MIDLANDS,GOKWE NORTH,COMMUNAL,-17.51118,28.51075,ALL,ADULT,3772,2,0
2012,APR,MIDLANDS,GOKWE NORTH,COMMUNAL,-17.51118,28.51075,FEMALE,ADULT,3772,1,0
2012,APR,MIDLANDS,GWERU,COMMUNAL,-19.60734287,29.64846951,ALL,ADULT,16,2,1
2012,APR,MASHONALAND WEST,KARIBA,COMMUNAL,-17.2413,28.82282,ALL,ALL,635,7,
2012,MAR,MASHONALAND WEST,KARIBA,COMMUNAL,-17.2413,28.82282,ALL,ALL,635,4,
2012,MAR,MASHONALAND WEST,KARIBA,COMMUNAL,-17.2413,28.82282,ALL,ALL,635,13,
2012,MAR,MIDLANDS,GOKWE SOUTH,COMMUNAL,-17.54088421,28.66842613,ALL,ALL,12,2,0
2012,MAR,MASHONALAND CENTRAL,SHAMVA,RESETTLEMENT,-16.93417,31.65747,FEMALE,ADULT,,1,0
2012,APR,MIDLANDS,GOKWE SOUTH,COMMUNAL,-18.90018459,28.15551916,FEMALE,ADULT,1250,1,0
2012,DEC,MIDLANDS,GWERU,COMMUNAL,-19.22815592,29.64233099,FEMALE,ADULT,1067,1,0
2012,DEC,MIDLANDS,GWERU,COMMUNAL,-19.22815592,29.64233099,FEMALE,ADULT,1067,1,0
2012,MAR,MIDLANDS,CHIRUMANZU,COMMUNAL,-32.96956341,22.92984156,ALL,ADULT,684,2,0
2012,APR,MIDLANDS,CHIRUMANZU,COMMUNAL,-19.29175226,29.61577208,ALL,ADULT,684,2,0
2012,APR,MATABELELAND SOUTH,BULILIMA,COMMUNAL,-19.32813871,29.597327,ALL,ADULT,400,27,18
2012,MAR,MIDLANDS,GOKWE NORTH,COMMUNAL,-18.68964582,28.53055358,FEMALE,ADULT,1340,1,0
2012,MAR,MIDLANDS,GOKWE NORTH,COMMUNAL,-18.68964582,28.53055358,ALL,ALL,1340,9,0
2012,APR,MIDLANDS,GOKWE NORTH,COMMUNAL,-18.68964582,28.53055358,ALL,ADULT,1340,3,0
2012,APR,MIDLANDS,GOKWE NORTH,COMMUNAL,-18.0333505,29.13012864,ALL,ALL,1628,4,1
2012,MAR,MASHONALAND WEST,KARIBA,COMMUNAL,-17.4058,28.61456,ALL,ALL,431,12,
2012,APR,MIDLANDS,SHURUGWI,COMMUNAL,-19.03548024,29.18337787,ALL,ALL,88,10,1
2012,JUN,MIDLANDS,GWERU,COMMUNAL,-32.81645641,22.93257947,FEMALE,ADULT,294,1,0
2012,APR,MIDLANDS,CHIRUMANZU,COMMUNAL,-19.926,30.605,ALL,ADULT,338,3,0
2012,JUN,MIDLANDS,GOKWE NORTH,COMMUNAL,-17.65547763,28.97958202,ALL,ALL,1058,2,0
2012,APR,MIDLANDS,GOKWE NORTH,COMMUNAL,-17.35827,28.3925,MALE,ADULT,12,1,0
2012,APR,MIDLANDS,GOKWE NORTH,COMMUNAL,-17.35827,28.3925,FEMALE,ADULT,2,1,0
2012,APR,MIDLANDS,GOKWE SOUTH,COMMUNAL,-18.5354141,28.60489513,FEMALE,ADULT,1993,1,0
2012,APR,MATEBELELAND NORTH,HWANGE,COMMUNAL,-18.140167,26.61583,ALL,ALL,,3,1
2012,MAR,MIDLANDS,GOKWE NORTH,COMMUNAL,-18.00411676,29.31573447,FEMALE,ADULT,491,3,0
2012,MAR,MASHONALAND EAST,MUTOKO,COMMUNAL,-17.45635765,32.32201489,MALE,ADULT,,1,0
2012,APR,MATEBELELAND NORTH,LUPANE,COMMUNAL,-18.74952134,27.47438671,ALL,ALL,12,7,0
2012,APR,MATEBELELAND NORTH,LUPANE,COMMUNAL,-18.74952134,27.47438671,FEMALE,ADULT,5,1,0
2012,MAR,MIDLANDS,KWEKWE,COMMUNAL,-18.98954767,29.24740895,FEMALE,ADULT,1546,1,0
2012,APR,MIDLANDS,GWERU,COMMUNAL,-19.22815592,29.64233099,MALE,ADULT,1026,1,0
2012,MAR,MASHONALAND WEST,KADOMA,RESETTLEMENT,-17.5767,23.54945,MALE,ADULT,1,1,0
2012,JUN,MIDLANDS,GWERU,COMMUNAL,-19.38333333,30.125,ALL,ALL,596,3,0
2012,SEP,MIDLANDS,GWERU,COMMUNAL,-19.38333333,30.125,MALE,ADULT,825,1,0
2012,MAR,MATEBELELAND NORTH,BINGA,COMMUNAL,-18.02636298,27.49883618,ALL,ALL,8,2,0
2012,MAR,MATEBELELAND NORTH,BINGA,COMMUNAL,-18.02636298,27.49883618,ALL,ALL,3229,41,14
2012,APR,MATEBELELAND NORTH,BUBI,COMMUNAL,-19.79330287,29.25839564,ALL,ADULT,,5,0
2012,MAR,MATEBELELAND NORTH,BUBI,COMMUNAL,-19.79330287,29.25839564,ALL,ADULT,1500,6,0
2012,MAR,MATEBELELAND NORTH,UMGUZA,COMMUNAL,-19.35215364,28.13486653,ALL,ALL,683,13,0
2012,APR,MIDLANDS,KWEKWE,COMMUNAL,-19.70600941,29.00357443,ALL,ALL,656,7,0
2012,APR,MASVINGO,GUTU,COMMUNAL,-19.25842189,31.41301677,MALE,ALL,1639,1,0
2012,MAR,MIDLANDS,GOKWE NORTH,COMMUNAL,-17.31825927,28.21012463,ALL,ALL,5,5,0
2012,APR,MIDLANDS,ZVISHAVANE,COMMUNAL,-20.16035,30.05187,ALL,ALL,1394,4,0
2012,MAR,MIDLANDS,ZVISHAVANE,COMMUNAL,-20.16035,30.05187,ALL,ALL,1394,2,0
2012,JUN,MIDLANDS,GWERU,COMMUNAL,-19.2888,29.38089,ALL,ADULT,980,2,0
2012,APR,MASHONALAND EAST,MARONDERA,RESETTLEMENT,-18.49216495,31.64177703,ALL,ADULT,4,4,0
2012,APR,MIDLANDS,CHIRUMANZU,COMMUNAL,-19.1112881,30.39483189,MALE,ADULT,633,1,0
2012,APR,MIDLANDS,GOKWE NORTH,COMMUNAL,-17.36484215,29.12602007,ALL,ALL,1204,3,1
2012,APR,MIDLANDS,GOKWE NORTH,COMMUNAL,-17.36484215,29.12602007,ALL,ALL,1204,7,1
2012,JUN,MIDLANDS,GOKWE NORTH,COMMUNAL,-17.36484215,29.12602007,ALL,ALL,1211,1,1
2012,APR,MIDLANDS,GOKWE SOUTH,COMMUNAL,-18.17681885,28.21684315,MALE,ADULT,,1,0
2012,APR,MIDLANDS,GOKWE NORTH,RESETTLEMENT,-17.68911167,29.21458981,MALE,ADULT,26,3,0
2012,MAR,MASHONALAND WEST,HURUNGWE,COMMUNAL,-16.4602,29.23478,ALL,ALL,1075,2,
2012,APR,MASHONALAND EAST,GOROMONZI,COMMUNAL,-17.5787,31.54136,MALE,ADULT,11,1,1
2012,APR,MATABELELAND SOUTH,BULILIMA,COMMUNAL,-20.4025,27.6053,ALL,ADULT,35,9,0
2012,APR,MASHONALAND CENTRAL,MBIRE,COMMUNAL,-16.633163,30.889769,FEMALE,ADULT,2500,1,0
2012,APR,MASHONALAND CENTRAL,MBIRE,COMMUNAL,-16.39415,30.79641,MALE,ADULT,,1,0
2012,APR,MIDLANDS,GOKWE SOUTH,COMMUNAL,-18.52968841,29.17685991,FEMALE,ADULT,4,1,0
2012,APR,MATEBELELAND NORTH,BINGA,COMMUNAL,-17.45695326,27.4718544,FEMALE,ADULT,,1,0
2012,APR,MATEBELELAND NORTH,BINGA,COMMUNAL,-17.45695326,27.4718544,ALL,ALL,,2,2
2012,APR,MIDLANDS,GOKWE NORTH,COMMUNAL,-17.28730123,28.73388248,ALL,ALL,13,7,0
2012,APR,MIDLANDS,GOKWE NORTH,COMMUNAL,-17.28730123,28.73388248,MALE,ADULT,12,1,0
2012,MAR,MASHONALAND WEST,KADOMA,RESETTLEMENT,-18.47611861,29.8141635,ALL,ADULT,943,9,0
2012,APR,MIDLANDS,GWERU,COMMUNAL,-19.26453009,29.62484803,ALL,ALL,1566,7,0
2012,JUN,MIDLANDS,GWERU,COMMUNAL,-19.2661,29.46954,ALL,ADULT,1575,2,0
2012,APR,MIDLANDS,GWERU,COMMUNAL,-19.27338061,29.63735036,ALL,ALL,390,3,0
2012,MAR,MASHONALAND WEST,HURUNGWE,RESETTLEMENT,-16.7192,29.4946,MALE,ADULT,819,1,
2012,MAR,MASHONALAND WEST,KADOMA,COMMUNAL,-17.62827309,28.98940386,FEMALE,ADULT,927,1,
2012,APR,MIDLANDS,GOKWE NORTH,COMMUNAL,-17.96944657,29.1897701,ALL,ALL,7,1,1
2012,APR,MIDLANDS,GOKWE NORTH,COMMUNAL,-17.96944657,29.1897701,ALL,ALL,8,5,2
2012,APR,MIDLANDS,GOKWE NORTH,COMMUNAL,-17.96944657,29.1897701,ALL,ALL,11,2,0
2012,APR,MIDLANDS,GOKWE NORTH,COMMUNAL,-17.97167059,28.98303745,MALE,ADULT,6,1,0
2012,APR,MIDLANDS,GOKWE SOUTH,COMMUNAL,-17.98856657,29.09460525,ALL,ALL,,3,0
2012,APR,MIDLANDS,GOKWE SOUTH,COMMUNAL,-17.98856657,29.09460525,ALL,ADULT,,2,0
2012,APR,MIDLANDS,GOKWE NORTH,COMMUNAL,-17.69814439,29.21470999,MALE,ADULT,16,1,0
2012,JUN,MIDLANDS,GOKWE NORTH,COMMUNAL,-17.69814439,29.21470999,MALE,ADULT,252,1,0
2012,APR,MIDLANDS,GOKWE NORTH,COMMUNAL,-17.40425005,28.79334995,ALL,ALL,6,4,0
2012,APR,MIDLANDS,GOKWE NORTH,COMMUNAL,-17.40425005,28.79334995,ALL,ALL,14,10,0
2012,JUN,MIDLANDS,GOKWE NORTH,COMMUNAL,-17.40425005,28.79334995,FEMALE,ADULT,1535,1,0
2012,JUN,MIDLANDS,GOKWE NORTH,COMMUNAL,-17.40425005,28.79334995,MALE,ADULT,1535,1,0
2012,APR,MIDLANDS,GOKWE SOUTH,COMMUNAL,-18.3583064,28.09508001,ALL,ADULT,,9,0
2012,APR,MIDLANDS,GOKWE SOUTH,COMMUNAL,-18.89977189,28.22007336,ALL,ADULT,,3,0
2012,APR,MIDLANDS,GWERU,COMMUNAL,-19.16488847,29.64603395,ALL,ALL,12,5,0
2012,JAN,MATEBELELAND NORTH,BINGA,COMMUNAL,-17.73679477,27.61028493,ALL,ALL,12,6,1
2012,APR,MIDLANDS,GWERU,COMMUNAL,-19.07598253,30.62442238,ALL,ALL,2346,3,0
2012,APR,MIDLANDS,GWERU,COMMUNAL,-19.07598253,30.62442238,MALE,ADULT,2346,1,0
2012,APR,MIDLANDS,SHURUGWI,COMMUNAL,-19.25204,30.41081,ALL,ADULT,,2,0
2012,JAN,MASHONALAND CENTRAL,MT DARWIN,COMMUNAL,-16.73211,31.78555,ALL,ADULT,0,4,1
2012,JAN,MASHONALAND WEST,HURUNGWE,RESETTLEMENT,-16.8987,29.59171,MALE,JUVENILE,915,1,1
2012,JAN,MASHONALAND WEST,HURUNGWE,RESETTLEMENT,-16.8987,29.59171,MALE,ADULT,915,1,1
2012,JAN,MASHONALAND WEST,HURUNGWE,RESETTLEMENT,-16.8581,29.92596,ALL,ALL,538,4,
2012,JAN,MIDLANDS,GOKWE SOUTH,COMMUNAL,-18.08714915,29.16662192,MALE,ADULT,,1,0
2012,APR,MIDLANDS,GOKWE SOUTH,COMMUNAL,-18.08714915,29.16662192,MALE,ADULT,,1,0
2012,JAN,MATEBELELAND NORTH,BINGA,COMMUNAL,-18.36099892,27.41655189,ALL,ALL,,103,25
2012,FEB,MIDLANDS,KWEKWE,COMMERCIAL,-19.24645916,29.62552063,ALL,ADULT,15,4,0
2012,JUN,MIDLANDS,KWEKWE,RESETTLEMENT,-19.02034901,29.64946177,ALL,ADULT,21,3,0
2012,JAN,MIDLANDS,GWERU,RESETTLEMENT,-19.38123506,29.67238479,MALE,ADULT,25,1,0
2012,APR,MIDLANDS,CHIRUMANZU,RESETTLEMENT,-19.15579309,30.34947432,MALE,ADULT,26,2,0
2012,JAN,MATABELELAND SOUTH,MATOBO,COMMERCIAL,-20.97586352,28.49004141,ALL,ADULT,44,6,0
2012,JAN,MASHONALAND WEST,ZVIMBA,RESETTLEMENT,-18.0024,30.54564,ALL,ALL,7,2,1
2012,JAN,MIDLANDS,GWERU,COMMUNAL,-19.66167928,29.63792328,ALL,ALL,13,5,0
2012,JAN,MATABELELAND SOUTH,BEITBRIDGE,COMMUNAL,-22.22226493,29.85671473,ALL,ALL,26,2,0
2012,APR,MIDLANDS,GOKWE NORTH,COMMUNAL,-17.50777189,29.27265038,MALE,ADULT,28,5,0
2012,JUN,MIDLANDS,GOKWE NORTH,COMMUNAL,-17.50777189,29.27265038,FEMALE,ADULT,473,3,3
2012,APR,MIDLANDS,GOKWE SOUTH,COMMUNAL,-17.47462,28.36527,ALL,ADULT,,2,0
2012,APR,MIDLANDS,GOKWE SOUTH,COMMUNAL,-17.47462,28.36527,FEMALE,ADULT,,5,0
2012,AUG,MIDLANDS,GWERU,RESETTLEMENT,-19.81518317,29.63853873,FEMALE,ADULT,53,1,0
2012,APR,MIDLANDS,GOKWE NORTH,COMMUNAL,-17.8440527,29.09107772,ALL,ALL,14,3,2
2012,APR,MIDLANDS,GOKWE NORTH,COMMUNAL,-17.8440527,29.09107772,ALL,ALL,8,3,1
2012,JUN,MIDLANDS,GOKWE NORTH,COMMUNAL,-18.9384,28.94332,ALL,ADULT,2304,2,1
2012,APR,MIDLANDS,CHIRUMANZU,COMMUNAL,-19.35898,32.29587,FEMALE,ADULT,1615,1,0
2012,FEB,MATEBELELAND NORTH,BULAWAYO,RESETTLEMENT,-20.34611298,28.13716433,ALL,ADULT,964,4,0
2012,APR,MIDLANDS,GOKWE NORTH,RESETTLEMENT,-17.18377817,29.16054985,FEMALE,ADULT,18,2,0
2012,JUN,MIDLANDS,GOKWE NORTH,COMMUNAL,-17.3957,28.72384,FEMALE,ADULT,1738,1,0
2014,JAN,MATABELELAND SOUTH,BEITBRIDGE,COMMUNAL,-22.0006,30.4617,ALL,ADULT,63,4,0
2014,JAN,MATABELELAND SOUTH,BEITBRIDGE,COMMUNAL,-21.8375,29.9561,FEMALE,ADULT,43,1,0
2014,JAN,MIDLANDS,GWERU,COMMERCIAL,-32.96956341,22.92984156,ALL,ALL,83,8,0
2014,FEB,MATABELELAND SOUTH,BEITBRIDGE,COMMUNAL,-19.29175226,29.61577208,MALE,ADULT,18,1,0
2014,FEB,MATABELELAND SOUTH,BEITBRIDGE,COMMUNAL,-22.0425,30.319,ALL,ADULT,33,3,0
2014,FEB,MATABELELAND SOUTH,BEITBRIDGE,COMMUNAL,-21.8375,29.9561,ALL,ADULT,50,3,0
2014,FEB,MATABELELAND SOUTH,BEITBRIDGE,COMMUNAL,-22.0267,30.319,ALL,ADULT,1578,3,0
2014,APR,MATABELELAND SOUTH,BEITBRIDGE,COMMUNAL,-22.2286,30.7206,FEMALE,ADULT,12,1,0
2014,APR,MATABELELAND SOUTH,BEITBRIDGE,COMMUNAL,-22.0267,30.2892,ALL,ALL,1589,6,1
2014,APR,MATABELELAND SOUTH,BEITBRIDGE,COMMUNAL,-22.1225,30.6338,FEMALE,JUVENILE,3,1,0
2014,APR,MATABELELAND SOUTH,BEITBRIDGE,COMMUNAL,-22.1225,30.6338,FEMALE,ADULT,38,3,1
2014,APR,MATABELELAND SOUTH,BEITBRIDGE,COMMUNAL,-22.0003,30.4692,ALL,ALL,67,5,0
2014,APR,MATABELELAND SOUTH,BEITBRIDGE,COMMUNAL,-21.7481,29.9158,ALL,ADULT,39,2,0
2014,APR,MATABELELAND SOUTH,BEITBRIDGE,COMMUNAL,-22.1225,30.6338,FEMALE,ADULT,1998,2,0
2014,APR,MATABELELAND SOUTH,BEITBRIDGE,COMMUNAL,-22.1225,30.6338,FEMALE,ADULT,1998,4,0
2014,APR,MATABELELAND SOUTH,BEITBRIDGE,COMMUNAL,-22.1225,30.6338,FEMALE,ADULT,1998,2,1
2014,APR,MATABELELAND SOUTH,BEITBRIDGE,COMMUNAL,-22.1225,30.6338,FEMALE,ADULT,1998,1,1
2014,APR,MATABELELAND SOUTH,BEITBRIDGE,COMMUNAL,-21.7736,29.5928,MALE,ADULT,1650,2,1
2014,APR,MATABELELAND SOUTH,BEITBRIDGE,COMMUNAL,-22.0831,30.3394,ALL,ADULT,1428,3,2
2014,MAR,MIDLANDS,GWERU,COMMUNAL,-19.29175226,29.61577208,FEMALE,ADULT,929,1,0
2014,MAR,MIDLANDS,GWERU,COMMUNAL,-19.34288,29.90906,ALL,ADULT,686,2,0
2014,MAR,MIDLANDS,GWERU,COMMUNAL,-19.34288,29.90906,MALE,ADULT,686,2,0
2014,MAR,MIDLANDS,GWERU,COMMUNAL,-19.32813871,29.597327,ALL,ADULT,2654,3,0
2012,APR,MIDLANDS,GOKWE NORTH,COMMUNAL,-17.35155,28.76675,ALL,ALL,14,2,2
2012,APR,MIDLANDS,GOKWE NORTH,COMMUNAL,-17.81048523,28.83509444,ALL,ALL,9,2,2
2012,MAR,MASHONALAND WEST,HURUNGWE,COMMERCIAL,-16.70656447,29.77936137,ALL,ALL,580,1,
2012,MAR,MASHONALAND CENTRAL,GURUVE,COMMUNAL,-16.58981,30.47909,ALL,ADULT,2024,2,0
2012,APR,MIDLANDS,GOKWE NORTH,COMMUNAL,-17.32967,28.3615,MALE,ADULT,1562,1,0
2012,APR,MIDLANDS,GOKWE NORTH,COMMUNAL,-17.36648,28.33534,FEMALE,ADULT,5,1,0
2012,APR,MIDLANDS,GOKWE NORTH,COMMUNAL,-17.29672,29.39308,FEMALE,ADULT,2,1,0
2012,APR,MIDLANDS,GOKWE NORTH,COMMUNAL,-17.32967,28.3615,ALL,ADULT,1562,4,1
2012,APR,MATEBELELAND NORTH,LUPANE,COMMUNAL,-18.17348286,28.66204872,MALE,ADULT,15,1,0
2012,APR,MIDLANDS,GWERU,COMMUNAL,-19.27338061,29.63735036,ALL,ALL,707,8,0
2012,APR,MIDLANDS,GOKWE NORTH,COMMUNAL,-17.15234,28.43733,ALL,ADULT,10,2,0
2012,MAR,MIDLANDS,GWERU,COMMERCIAL,-19.36337616,30.34137797,FEMALE,ADULT,64,2,0
2014,MAR,MATEBELELAND NORTH,LUPANE,COMMUNAL,-18.16172666,27.57769922,FEMALE,ADULT,4,1,0
2014,MAR,MATEBELELAND NORTH,LUPANE,COMMUNAL,-18.97455298,27.75334318,MALE,ADULT,14,1,0
2014,MAR,MATEBELELAND NORTH,BUBI,COMMUNAL,-20.56528285,28.90235751,ALL,ALL,1600,30,8
2014,JAN,MANICALAND,MUTARE,RESETTLEMENT,-19.37288,32.61064,MALE,ADULT,9,2,0
2014,JAN,MIDLANDS,GWERU,RESETTLEMENT,-19.16488847,29.64603395,FEMALE,ADULT,520,2,0
2014,MAR,MIDLANDS,GWERU,RESETTLEMENT,-19.47314243,30.61891677,ALL,ALL,421,2,0
2014,JAN,MIDLANDS,GWERU,URBAN,-19.47314243,30.61891677,MALE,ADULT,7,1,1
2014,JAN,MIDLANDS,GWERU,COMMERCIAL,-19.12862314,29.65594393,FEMALE,ADULT,40,2,0
2014,MAR,MIDLANDS,GWERU,RESETTLEMENT,-19.34575932,29.62804752,ALL,ADULT,1487,3,0
2014,JAN,MIDLANDS,GWERU,RESETTLEMENT,-19.34575932,29.62804752,ALL,ALL,1124,12,0
2014,JAN,MIDLANDS,GWERU,RESETTLEMENT,-19.47738,29.6593,ALL,ALL,739,6,0
2014,JAN,MIDLANDS,GWERU,RESETTLEMENT,-19.37123,29.58715,ALL,ALL,608,9,3
2014,JAN,MIDLANDS,GWERU,COMMERCIAL,-19.81518317,29.63853873,FEMALE,ADULT,48,2,0
2014,JAN,MIDLANDS,GWERU,RESETTLEMENT,-19.90516,29.77603,ALL,ADULT,570,3,0
2014,MAR,MIDLANDS,GWERU,RESETTLEMENT,-19.90516,29.59671,FEMALE,ADULT,564,1,0
2014,JAN,MIDLANDS,GWERU,RESETTLEMENT,-19.1017019,29.64410581,FEMALE,ADULT,915,2,0
2014,JAN,MIDLANDS,GWERU,RESETTLEMENT,-19.1017019,29.64410581,MALE,ADULT,915,2,0
2014,JAN,MIDLANDS,GWERU,COMMERCIAL,-19.06722324,30.610946,ALL,ADULT,54,4,1
2014,MAR,MIDLANDS,MBERENGWA,COMMUNAL,-20.02843249,29.86174662,ALL,ALL,1729,12,0
2014,MAR,MATEBELELAND NORTH,BUBI,RESETTLEMENT,-19.71383331,28.09923187,ALL,ALL,46,8,0
2014,MAR,MATEBELELAND NORTH,BUBI,COMMUNAL,-18.64778956,29.11867252,ALL,ADULT,790,12,0
2014,MAR,MATEBELELAND NORTH,BUBI,COMMUNAL,-19.43685149,28.82876924,MALE,ADULT,10,1,0
2014,MAR,MATEBELELAND NORTH,BUBI,COMMUNAL,-20.34150176,28.70415246,FEMALE,ADULT,25,1,0
2014,MAR,MATEBELELAND NORTH,BUBI,COMMUNAL,-19.25756205,28.68313841,MALE,ADULT,45,1,0
2014,MAR,MATEBELELAND NORTH,BUBI,COMMUNAL,-20.16126037,28.65818268,MALE,ADULT,39,1,0
2014,MAR,MATEBELELAND NORTH,BUBI,COMMUNAL,-20.16126037,28.65818268,MALE,ADULT,39,1,0
2014,MAR,MATEBELELAND NORTH,BUBI,RESETTLEMENT,-19.25756205,28.68313841,MALE,ADULT,65,1,0
2014,MAR,MATEBELELAND NORTH,BUBI,COMMUNAL,-19.97990697,28.72794033,FEMALE,ADULT,34,2,1
2014,MAR,MATEBELELAND NORTH,BUBI,COMMUNAL,-19.97990697,28.72794033,FEMALE,ADULT,5,1,0
2014,MAR,MATEBELELAND NORTH,BUBI,COMMUNAL,-19.97990697,28.72794033,MALE,ADULT,18,1,0
2014,MAR,MATEBELELAND NORTH,BUBI,COMMUNAL,-19.97990697,28.72794033,MALE,ADULT,14,2,1
2012,APR,MASHONALAND WEST,HURUNGWE,RESETTLEMENT,-17.0804,29.50407,ALL,ALL,1399,17,
2014,MAR,MATEBELELAND NORTH,UMGUZA,COMMUNAL,#REF!,#REF!,ALL,ALL,10,3,0
2014,JAN,MIDLANDS,MBERENGWA,COMMUNAL,-20.27386,29.42242,FEMALE,ADULT,2162,4,0
2014,JAN,MIDLANDS,MBERENGWA,COMMUNAL,-20.27366,29.42906,ALL,ADULT,1794,2,0
2014,JAN,MIDLANDS,MBERENGWA,COMMUNAL,-20.69278,29.1123,MALE,JUVENILE,2638,1,0
2014,JAN,MIDLANDS,MBERENGWA,COMMUNAL,-20.70997,29.8914,ALL,ALL,2172,10,2
2014,JAN,MIDLANDS,MBERENGWA,COMMUNAL,-20.70997,29.8914,MALE,ADULT,2170,1,0
2014,JAN,MIDLANDS,MBERENGWA,COMMUNAL,-20.72321,29.97919,FEMALE,ADULT,2253,15,4
2014,JAN,MIDLANDS,MBERENGWA,COMMUNAL,-20.60046,30.27031,ALL,ALL,1894,2,0
2014,JAN,MIDLANDS,MBERENGWA,COMMUNAL,-20.85252,29.85484,ALL,ALL,1671,9,1
2014,JAN,MIDLANDS,MBERENGWA,COMMUNAL,-20.84463,29.94164,ALL,ALL,1623,2,0
2012,APR,MASHONALAND WEST,HURUNGWE,COMMUNAL,-16.8511,29.00476,FEMALE,ADULT,922,1,
2014,MAR,MIDLANDS,MBERENGWA,COMMUNAL,-20.74204,30.25016,ALL,ALL,1430,73,18
2014,MAR,MIDLANDS,MBERENGWA,COMMUNAL,-20.71135,30.21587,ALL,ALL,2345,49,28
2014,JAN,MIDLANDS,MBERENGWA,COMMUNAL,-20.91148,29.98608,ALL,ALL,2066,65,7
2012,AUG,MIDLANDS,MBERENGWA,COMMUNAL,-20.85185,29.6445,ALL,ALL,1229,2,0
2012,APR,MIDLANDS,MBERENGWA,COMMUNAL,-20.51999,30.06794,FEMALE,ADULT,,2,0
2012,APR,MASHONALAND CENTRAL,SHAMVA,RESETTLEMENT,-17.091536,31.6682555,MALE,ADULT,6,1,0
2014,JAN,MIDLANDS,MBERENGWA,COMMUNAL,-20.51472,30.12315,ALL,ALL,560,13,3
2014,MAR,MIDLANDS,MBERENGWA,COMMUNAL,-20.56978,30.02007,ALL,ALL,2252,3,1
2012,APR,MIDLANDS,CHIRUMANZU,RESETTLEMENT,-19.29164527,30.3767739,ALL,ADULT,9,4,0
2014,MAR,MATEBELELAND NORTH,LUPANE,COMMUNAL,-18.92928696,27.77209468,MALE,JUVENILE,14,1,0
2014,MAR,MATEBELELAND NORTH,LUPANE,COMMUNAL,#REF!,#REF!,FEMALE,ADULT,15,1,0
2014,JAN,MANICALAND,MAKONI,COMMERCIAL,#REF!,#REF!,FEMALE,ADULT,22,1,0
2014,FEB,MANICALAND,MAKONI,COMMERCIAL,#REF!,#REF!,ALL,ALL,20,3,0
2014,FEB,MANICALAND,MAKONI,COMMUNAL,-18.4602,32.20337,FEMALE,ADULT,11,1,0
2014,JAN,MANICALAND,MAKONI,COMMUNAL,-18.12687,32.20519,FEMALE,JUVENILE,26,1,0
2014,FEB,MANICALAND,MAKONI,COMMUNAL,-18.12687,32.20519,FEMALE,ADULT,18,1,0
2014,FEB,MANICALAND,MAKONI,COMMUNAL,-18.31523,32.18548,ALL,ADULT,23,2,0
2014,JAN,MANICALAND,MAKONI,COMMUNAL,-18.42605,31.52187,ALL,ALL,13,4,0
2014,JAN,MANICALAND,MAKONI,COMMUNAL,-17.97942,31.6567,MALE,ADULT,14,1,0
2014,JAN,MANICALAND,CHIMANIMANI,COMMUNAL,-17.6004,32.50871,FEMALE,ADULT,21,2,0
2014,JAN,MANICALAND,CHIMANIMANI,COMMUNAL,-17.55363,32.50993,FEMALE,ADULT,10,1,0
2012,MAR,MIDLANDS,GOKWE NORTH,COMMUNAL,-17.7653376,28.83177609,ALL,ADULT,57,6,2
2014,JAN,MANICALAND,CHIMANIMANI,COMMUNAL,-17.89579,32.53704,MALE,ADULT,5,1,0
2014,JAN,MANICALAND,CHIMANIMANI,COMMUNAL,-17.91532,32.38105,MALE,ADULT,22,1,0
2014,JAN,MANICALAND,CHIMANIMANI,COMMUNAL,-17.77723,32.72535,ALL,ALL,18,3,0
2012,APR,MASHONALAND WEST,CHEGUTU,RESETTLEMENT,-17.264,30.74357,MALE,ADULT,2,2,
2012,APR,MIDLANDS,GOKWE NORTH,COMMUNAL,-17.31825927,28.21012463,ALL,ALL,5,5,0
2014,JAN,MANICALAND,MAKONI,COMMUNAL,-18.13442,32.20061,ALL,ALL,22,3,0
2014,JAN,MANICALAND,MAKONI,COMMUNAL,-18.13442,32.20061,ALL,ALL,21,2,0
2014,FEB,MANICALAND,MAKONI,COMMUNAL,-18.27591,32.06009,ALL,ALL,59,3,0
2014,FEB,MANICALAND,MAKONI,COMMUNAL,-18.4194,32.39944,FEMALE,ADULT,7,1,0
2014,FEB,MANICALAND,MAKONI,COMMERCIAL,#REF!,#REF!,ALL,JUVENILE,4,3,1
2014,FEB,MANICALAND,MAKONI,COMMUNAL,-18.18214,32.04495,FEMALE,ADULT,22,1,0
2014,JAN,MANICALAND,MAKONI,COMMERCIAL,#REF!,#REF!,ALL,ALL,24,3,0
2014,FEB,MANICALAND,MAKONI,COMMERCIAL,#REF!,#REF!,ALL,ADULT,31,4,0
2014,FEB,MANICALAND,MAKONI,COMMUNAL,-18.01396,32.99702,MALE,ADULT,24,2,1
2014,MAR,MIDLANDS,MBERENGWA,COMMUNAL,-20.56105,30.13368,MALE,ADULT,1613,7,0
2014,JAN,MIDLANDS,ZVISHAVANE,RESETTLEMENT,-20.18311,29.93735,ALL,ALL,1191,54,0
2014,JAN,MIDLANDS,ZVISHAVANE,RESETTLEMENT,-20.22405,29.91055,ALL,ALL,1223,103,0
2014,JAN,MIDLANDS,ZVISHAVANE,RESETTLEMENT,-20.16035,30.05187,ALL,ALL,1344,13,0
2014,JAN,MIDLANDS,ZVISHAVANE,RESETTLEMENT,-20.29358,29.90764,ALL,ALL,809,7,0
2014,JAN,MIDLANDS,ZVISHAVANE,RESETTLEMENT,-20.29795,30.09851,ALL,ALL,589,5,0
2014,MAR,MIDLANDS,ZVISHAVANE,RESETTLEMENT,-20.29358,29.90764,MALE,ADULT,639,1,1
2014,MAR,MIDLANDS,ZVISHAVANE,RESETTLEMENT,-20.29358,29.90764,ALL,ALL,640,2,0
2014,MAR,MIDLANDS,ZVISHAVANE,RESETTLEMENT,-20.16035,30.05187,ALL,ALL,1380,4,2
2014,MAR,MIDLANDS,ZVISHAVANE,RESETTLEMENT,-20.29358,29.90764,ALL,ADULT,642,4,2
2014,JAN,MIDLANDS,MBERENGWA,COMMUNAL,-20.593374,29.77531,ALL,ALL,1526,4,0
2014,MAR,MIDLANDS,MBERENGWA,COMMUNAL,-20.59308,30.19267,MALE,ADULT,1235,1,0
2014,MAR,MIDLANDS,MBERENGWA,COMMUNAL,-20.64409,30.21244,ALL,ALL,1868,6,1
2014,MAR,MIDLANDS,ZVISHAVANE,COMMUNAL,-20.40645,30.32711,ALL,ADULT,1316,2,0
2014,MAR,MIDLANDS,ZVISHAVANE,COMMUNAL,-20.53167,30.20492,FEMALE,ADULT,1331,1,0
2012,MAR,MIDLANDS,CHIRUMANZU,COMMUNAL,-19.763,30.519,ALL,ALL,12,3,0
2012,MAR,MASHONALAND CENTRAL,SHAMVA,COMMUNAL,-17.15101,31.62403,ALL,ALL,,6,0
2014,JAN,MIDLANDS,GOKWE NORTH,COMMUNAL,-17.35769,28.16,ALL,ADULT,1895,1,0
2014,JAN,MIDLANDS,GOKWE NORTH,COMMUNAL,-17.3437,28.18864,ALL,ADULT,1804,1,0
2014,JAN,MIDLANDS,GOKWE NORTH,COMMUNAL,-17.3437,28.18864,ALL,ADULT,1804,1,0
2014,JAN,MIDLANDS,GOKWE NORTH,COMMUNAL,-17.3437,28.18864,ALL,ADULT,1804,1,0
2014,JAN,MIDLANDS,GOKWE NORTH,COMMUNAL,-17.73858,28.81943,ALL,ADULT,2626,2,0
2012,NOV,MIDLANDS,GOKWE NORTH,COMMUNAL,-17.55778,29.21503,ALL,ADULT,1181,2,0
2012,NOV,MIDLANDS,GOKWE NORTH,COMMUNAL,-17.55778,29.21503,ALL,ADULT,1181,2,0
2012,NOV,MIDLANDS,GOKWE NORTH,COMMUNAL,-17.86618,28.51716,MALE,ADULT,3419,3,0
2012,NOV,MIDLANDS,GOKWE NORTH,COMMUNAL,-17.86618,28.51716,MALE,ADULT,3419,3,0
2012,NOV,MIDLANDS,GOKWE NORTH,COMMUNAL,-17.86618,28.51716,MALE,ADULT,3417,1,0
2012,NOV,MIDLANDS,GOKWE NORTH,COMMUNAL,-17.86618,28.51716,MALE,ADULT,3417,1,0
2012,JUN,MIDLANDS,CHIRUMANZU,COMMUNAL,-19.663,30.66689,ALL,ADULT,1441,2,0
2012,AUG,MIDLANDS,CHIRUMANZU,COMMUNAL,-19.47653,30.17691,ALL,ADULT,744,5,0
2012,NOV,MIDLANDS,GOKWE NORTH,COMMUNAL,-17.27447,28.18837,FEMALE,ADULT,1006,1,0
2012,NOV,MIDLANDS,GOKWE NORTH,COMMUNAL,-17.27447,28.18837,FEMALE,ADULT,1006,1,0
2012,NOV,MIDLANDS,GOKWE NORTH,COMMUNAL,-17.35155,28.76675,MALE,ADULT,1486,1,0
2012,NOV,MIDLANDS,GOKWE NORTH,COMMUNAL,-17.35155,28.76675,MALE,ADULT,1486,1,0
2014,JAN,MIDLANDS,GOKWE NORTH,COMMUNAL,-17.4386,28.9882,MALE,ADULT,1630,1,0
2014,JAN,MIDLANDS,GOKWE NORTH,COMMUNAL,-17.4001,28.86401,FEMALE,JUVENILE,2806,1,0
2014,MAR,MIDLANDS,GOKWE NORTH,COMMUNAL,-17.53226,28.914541,FEMALE,ADULT,1064,1,0
2014,JAN,MANICALAND,MAKONI,COMMUNAL,-18.02126,32.14925,FEMALE,ADULT,16,1,0
2014,FEB,MANICALAND,MAKONI,COMMUNAL,-18.50209,32.22714,MALE,ADULT,13,1,0
2014,FEB,MANICALAND,MAKONI,COMMUNAL,-18.50209,32.22714,MALE,ADULT,13,1,0
2014,JAN,MANICALAND,MAKONI,COMMUNAL,-18.41629,32.36724,FEMALE,ADULT,7,1,0
2014,JAN,MANICALAND,MAKONI,COMMUNAL,-18.75401,32.13687,FEMALE,ADULT,45,6,0
2014,FEB,MANICALAND,MAKONI,COMMUNAL,-18.10925,32.57368,MALE,ADULT,7,1,0
2014,MAR,MIDLANDS,GWERU,COMMUNAL,-19.34288,29.90906,FEMALE,ADULT,686,2,0
2014,MAR,MIDLANDS,GWERU,COMMUNAL,-19.34288,29.90906,FEMALE,ADULT,688,2,0
2014,MAR,MIDLANDS,GWERU,COMMUNAL,-19.34288,29.90906,FEMALE,ADULT,686,1,0
2014,MAR,MIDLANDS,GWERU,COMMUNAL,-19.34288,29.90906,FEMALE,ADULT,686,1,0
2014,MAR,MIDLANDS,GWERU,COMMUNAL,-19.34288,29.90906,ALL,ADULT,687,2,0
2014,MAR,MIDLANDS,GWERU,COMMUNAL,-19.34288,29.90906,ALL,ADULT,687,2,0
2014,MAR,MIDLANDS,GWERU,COMMUNAL,-19.34288,29.90906,FEMALE,ADULT,686,1,0
2014,JAN,MIDLANDS,GWERU,COMMUNAL,-19.49112481,30.62217103,FEMALE,ADULT,85,4,0
2014,MAR,MIDLANDS,GWERU,URBAN,-19.07438378,29.65981708,FEMALE,ADULT,20,1,1
2014,MAR,MIDLANDS,GWERU,URBAN,-19.1393102,30.61630996,FEMALE,ADULT,17,1,0
2014,MAR,MIDLANDS,GWERU,URBAN,-19.07622488,30.61209025,FEMALE,ADULT,5,1,0
2014,MAR,MIDLANDS,GWERU,URBAN,-19.3995424,29.65555521,FEMALE,ADULT,50,2,0
2014,JAN,MIDLANDS,GWERU,COMMUNAL,-19.16513588,30.37118052,FEMALE,ADULT,923,1,0
2014,JAN,MIDLANDS,GWERU,COMMUNAL,-19.16513588,30.37118052,MALE,ADULT,921,1,0
2014,MAR,MIDLANDS,CHIRUMANZU,COMMUNAL,-19.69734127,29.66893824,MALE,ADULT,758,1,0
2014,MAR,MIDLANDS,CHIRUMANZU,COMMUNAL,-19.69734127,29.66893824,MALE,JUVENILE,723,1,0
2014,MAR,MIDLANDS,CHIRUMANZU,COMMUNAL,-19.69734127,29.66893824,MALE,ADULT,723,1,0
2014,MAR,MIDLANDS,CHIRUMANZU,COMMUNAL,-19.69734127,29.66893824,MALE,JUVENILE,724,2,0
2014,MAR,MIDLANDS,CHIRUMANZU,COMMUNAL,-19.23814,30.58009,FEMALE,JUVENILE,652,1,0
2014,MAR,MIDLANDS,CHIRUMANZU,COMMUNAL,-19.23814,30.58009,ALL,ALL,654,3,0
2014,MAR,MIDLANDS,CHIRUMANZU,COMMUNAL,-19.23814,30.58009,FEMALE,ADULT,654,1,0
2014,MAR,MIDLANDS,GWERU,COMMUNAL,-32.87961736,22.93503197,FEMALE,ADULT,920,2,0
2014,MAR,MIDLANDS,GWERU,COMMUNAL,-32.87961736,22.93503197,MALE,ADULT,920,1,0
2014,MAR,MIDLANDS,GWERU,COMMUNAL,-32.6366945,22.94713636,ALL,ADULT,391,2,0
2014,JAN,MIDLANDS,GWERU,COMMUNAL,-19.16235,30.01005,ALL,ALL,1502,7,0
2014,MAR,MIDLANDS,GWERU,COMMUNAL,-19.14121,30.07262,ALL,ADULT,1002,3,1
2014,MAR,MIDLANDS,GWERU,COMMUNAL,-19.14121,30.07262,ALL,ALL,1002,4,0
2014,JAN,MIDLANDS,GWERU,COMMUNAL,-19.28875,29.938098,FEMALE,ADULT,921,2,0
2014,JAN,MIDLANDS,GWERU,COMMUNAL,-19.28875,29.938098,MALE,ADULT,921,1,0
2014,JAN,MIDLANDS,GWERU,COMMUNAL,-19.28875,29.938098,FEMALE,ADULT,921,1,1
2014,JAN,MIDLANDS,GWERU,COMMUNAL,-19.28875,29.938098,FEMALE,ADULT,921,1,0
2014,JAN,MIDLANDS,GOKWE NORTH,COMMUNAL,-17.25404,28.72879,ALL,ADULT,1456,2,0
2014,JAN,MIDLANDS,GOKWE NORTH,COMMUNAL,-17.27447,28.18837,MALE,ADULT,699,1,0
2014,MAR,MIDLANDS,GOKWE NORTH,COMMUNAL,-17.875,28.76675,MALE,ADULT,1463,1,0
2014,JAN,MIDLANDS,GOKWE NORTH,COMMUNAL,-17.6333,28.50805,FEMALE,ADULT,1708,1,0
2014,JAN,MIDLANDS,GOKWE NORTH,COMMUNAL,-17.6333,28.50805,ALL,ADULT,1707,3,0
2014,JAN,MIDLANDS,GOKWE NORTH,COMMUNAL,-17.6333,28.50805,MALE,ADULT,1707,2,0
2014,JAN,MIDLANDS,GOKWE NORTH,COMMUNAL,-17.6333,28.50805,FEMALE,ADULT,1707,1,0
2014,MAR,MIDLANDS,GOKWE NORTH,COMMUNAL,-17.6333,28.50805,FEMALE,ADULT,893,2,0
2014,MAR,MIDLANDS,GOKWE NORTH,COMMUNAL,-17.6333,28.50805,MALE,ADULT,3161,1,0
2014,JAN,MIDLANDS,GOKWE NORTH,COMMUNAL,-17.40731,28.20366,ALL,ADULT,1125,2,0
2014,JAN,MIDLANDS,GOKWE NORTH,COMMUNAL,-17.39834,28.16183,ALL,ADULT,1488,2,0
2014,JAN,MIDLANDS,GOKWE NORTH,COMMUNAL,-17.39834,28.16183,ALL,ADULT,1487,1,0
2014,MAR,MIDLANDS,GOKWE NORTH,COMMUNAL,-17.39834,28.16183,ALL,ADULT,1484,1,0
2014,JAN,MIDLANDS,GOKWE NORTH,COMMUNAL,-17.64334,28.73858,ALL,ALL,1206,1,0
2014,JAN,MIDLANDS,GOKWE NORTH,COMMUNAL,-17.64334,28.73858,ALL,ALL,1206,2,0
2014,JAN,MIDLANDS,GOKWE NORTH,COMMUNAL,-17.64334,28.73858,ALL,ALL,1206,1,0
2014,JAN,MIDLANDS,GOKWE NORTH,COMMUNAL,-17.64334,28.73858,ALL,ALL,1206,1,0
2014,JAN,MIDLANDS,GOKWE NORTH,COMMUNAL,-17.64334,28.73858,ALL,ALL,1206,1,0
2014,JAN,MIDLANDS,GOKWE NORTH,COMMUNAL,-17.64334,28.73858,ALL,ALL,1206,1,0
2014,JAN,MIDLANDS,GOKWE NORTH,COMMUNAL,-17.64334,28.73858,ALL,ALL,1206,7,0
2014,JAN,MIDLANDS,GOKWE NORTH,COMMUNAL,-17.64334,28.73858,ALL,ALL,1206,1,0
2014,MAR,MIDLANDS,GOKWE NORTH,COMMUNAL,-17.58941,28.71344,ALL,ALL,1754,1,0
2012,MAR,MASHONALAND EAST,MUTOKO,RESETTLEMENT,-16.64370325,32.71873045,MALE,JUVENILE,11,1,0
2012,APR,MIDLANDS,GOKWE NORTH,COMMUNAL,-17.7653376,28.83177609,ALL,ADULT,57,6,2
2014,FEB,MANICALAND,NYANGA,COMMUNAL,-17.29189,32.91693,ALL,ADULT,22,4,0
2014,MAR,MATEBELELAND NORTH,BUBI,RESETTLEMENT,-19.70546043,29.05212175,MALE,ADULT,45,1,0
2014,MAR,MATEBELELAND NORTH,BUBI,COMMUNAL,-19.34429693,29.03709796,MALE,ALL,13,3,0
2014,MAR,MATEBELELAND NORTH,NKAYI,COMMUNAL,-18.58735614,28.85269095,MALE,ADULT,14,2,0
2014,MAR,MATEBELELAND NORTH,NKAYI,COMMUNAL,-18.34762947,28.35053156,FEMALE,ADULT,6,1,0
2014,MAR,MATEBELELAND NORTH,NKAYI,COMMUNAL,-18.66286752,28.48951384,MALE,ADULT,16,1,0
2014,MAR,MATEBELELAND NORTH,NKAYI,COMMUNAL,-18.89308219,28.99361471,ALL,ADULT,6,3,0
2012,MAR,MATEBELELAND NORTH,LUPANE,COMMUNAL,-19.42505257,30.23855259,MALE,ADULT,1439,1,0
2012,NOV,MIDLANDS,KWEKWE,RESETTLEMENT,-19.19626598,29.95638728,FEMALE,ADULT,1564,1,0
2012,NOV,MIDLANDS,KWEKWE,RESETTLEMENT,-19.72962776,29.29381783,FEMALE,ADULT,1564,1,0
2012,NOV,MIDLANDS,KWEKWE,RESETTLEMENT,-18.56822,29.40724,FEMALE,ADULT,2413,2,0
2012,NOV,MIDLANDS,KWEKWE,RESETTLEMENT,-18.56822,29.40724,FEMALE,ADULT,2413,2,0
2012,NOV,MIDLANDS,KWEKWE,RESETTLEMENT,-18.57821,29.44611,MALE,ADULT,1619,1,0
2012,NOV,MIDLANDS,KWEKWE,RESETTLEMENT,-18.57821,29.44611,MALE,ADULT,1619,1,0
2012,NOV,MIDLANDS,KWEKWE,RESETTLEMENT,-18.5108,29.43593,MALE,ALL,1731,2,0
2012,NOV,MIDLANDS,KWEKWE,RESETTLEMENT,-18.5108,29.43593,MALE,ALL,1731,2,0
2014,JAN,MIDLANDS,KWEKWE,RESETTLEMENT,-18.78087,29.40247,MALE,ADULT,2381,2,0
2014,JAN,MIDLANDS,KWEKWE,RESETTLEMENT,-18.75136,29.75628,FEMALE,ADULT,596,1,0
2014,JAN,MIDLANDS,KWEKWE,RESETTLEMENT,-18.67696,29.34807,FEMALE,ADULT,784,1,0
2012,DEC,MIDLANDS,KWEKWE,RESETTLEMENT,-18.75634,29.88895,FEMALE,ADULT,1115,1,0
2012,DEC,MIDLANDS,KWEKWE,RESETTLEMENT,-19.42505257,30.23855259,FEMALE,ADULT,50,1,0
2014,FEB,MANICALAND,CHIPINGE,COMMUNAL,-20.923,32.3609,FEMALE,ALL,6,1,0
2014,FEB,MANICALAND,CHIPINGE,COMMUNAL,-20.923,32.3609,FEMALE,ALL,8,2,0
2014,FEB,MANICALAND,CHIPINGE,COMMUNAL,-20.923,32.3609,FEMALE,ALL,8,2,0
2014,FEB,MANICALAND,CHIPINGE,RESETTLEMENT,-20.36107,32.16533,FEMALE,ALL,41,5,1
2014,JAN,MANICALAND,CHIPINGE,RESETTLEMENT,-21.011908,32.1943,ALL,ALL,31,2,0
2014,JAN,MANICALAND,CHIPINGE,RESETTLEMENT,-20.4775,32.12877,FEMALE,ALL,3,1,0
2014,JAN,MANICALAND,CHIPINGE,RESETTLEMENT,-20.4775,32.12877,FEMALE,ALL,1,2,0
2014,JAN,MANICALAND,CHIPINGE,RESETTLEMENT,-21.01908,32.1943,MALE,ALL,12,1,0
2014,JAN,MANICALAND,CHIPINGE,RESETTLEMENT,-20.4775,32.12877,FEMALE,ALL,15,1,0
2014,FEB,MANICALAND,CHIPINGE,RESETTLEMENT,-20.4775,32.12877,ALL,ALL,8,1,0
2014,FEB,MANICALAND,CHIPINGE,RESETTLEMENT,#REF!,#REF!,FEMALE,ALL,3,1,0
2014,FEB,MANICALAND,CHIPINGE,RESETTLEMENT,-20.4775,32.12877,FEMALE,ALL,8,1,0
2014,FEB,MANICALAND,CHIPINGE,RESETTLEMENT,-21.01152,32.11653,FEMALE,ALL,14,2,0
2014,FEB,MANICALAND,CHIPINGE,RESETTLEMENT,-20.49931,32.30139,MALE,ALL,20,1,0
2014,FEB,MANICALAND,CHIPINGE,RESETTLEMENT,-20.49111,32.30139,ALL,ALL,5,1,0
2014,FEB,MANICALAND,CHIPINGE,RESETTLEMENT,-20.43165,32.29605,MALE,ALL,19,1,0
2014,FEB,MANICALAND,CHIPINGE,COMMERCIAL,-20.26742,32.38726,ALL,ALL,116,19,1
2014,MAR,MATEBELELAND NORTH,UMGUZA,RESETTLEMENT,-20.16391529,28.34728549,ALL,ADULT,219,3,0
2014,MAR,MATEBELELAND NORTH,UMGUZA,RESETTLEMENT,-20.16391529,28.34728549,FEMALE,ADULT,219,6,0
2014,MAR,MATEBELELAND NORTH,UMGUZA,RESETTLEMENT,-19.53200169,28.26763163,MALE,ADULT,639,1,0
2014,MAR,MATEBELELAND NORTH,UMGUZA,RESETTLEMENT,-19.53200169,28.26763163,ALL,ADULT,639,2,0
2014,MAR,MATEBELELAND NORTH,UMGUZA,RESETTLEMENT,-19.53200169,28.26763163,FEMALE,ADULT,639,1,0
2014,MAR,MATEBELELAND NORTH,UMGUZA,RESETTLEMENT,-20.16391529,28.34728549,ALL,ADULT,218,3,0
2014,JAN,MANICALAND,CHIPINGE,RESETTLEMENT,-20.923,32.3609,MALE,ALL,38,8,0
2014,JAN,MANICALAND,CHIPINGE,RESETTLEMENT,-20.923,32.3609,ALL,ALL,26,6,0
2014,JAN,MANICALAND,CHIPINGE,RESETTLEMENT,-20.923,32.3609,MALE,ALL,8,1,0
2014,JAN,MANICALAND,CHIPINGE,RESETTLEMENT,-20.923,32.3609,MALE,ALL,8,2,0
2014,JAN,MANICALAND,CHIPINGE,RESETTLEMENT,-20.923,32.3609,MALE,ALL,6,3,0
2014,JAN,MANICALAND,CHIPINGE,RESETTLEMENT,-20.923,32.3609,ALL,ALL,5,5,0
2014,JAN,MANICALAND,CHIPINGE,RESETTLEMENT,-20.923,32.3609,MALE,ALL,5,1,0
2014,JAN,MANICALAND,CHIPINGE,RESETTLEMENT,-20.923,32.3609,FEMALE,ALL,21,1,0
2014,JAN,MANICALAND,CHIPINGE,RESETTLEMENT,-20.923,32.3609,MALE,ALL,7,2,0
2014,JAN,MANICALAND,CHIPINGE,RESETTLEMENT,-20.923,32.3609,ALL,ALL,10,4,0
2014,JAN,MANICALAND,CHIPINGE,RESETTLEMENT,-20.923,32.3609,ALL,ALL,11,4,0
2014,JAN,MANICALAND,CHIPINGE,RESETTLEMENT,-20.923,32.3609,ALL,ALL,12,1,0
2012,MAR,MASHONALAND CENTRAL,MAZOWE,RESETTLEMENT,-17.02519,30.58546,ALL,ALL,,2,0
2014,JAN,MANICALAND,MUTARE,RESETTLEMENT,-19.38748,32.58895,ALL,ADULT,769,3,0
2014,JAN,MANICALAND,MUTARE,RESETTLEMENT,-19.5034,32.42456,FEMALE,ADULT,6,1,0
2012,MAR,MIDLANDS,GOKWE SOUTH,RESETTLEMENT,-18.17681885,28.21684315,MALE,ADULT,,1,0
2012,APR,MIDLANDS,MBERENGWA,RESETTLEMENT,-20.36027,30.16219,ALL,ADULT,,11,0
2014,JAN,MIDLANDS,KWEKWE,RESETTLEMENT,-19.02273,29.27674,FEMALE,ADULT,1736,1,0
2014,MAR,MIDLANDS,KWEKWE,RESETTLEMENT,-19.02273,29.27674,FEMALE,ADULT,1718,1,0
2014,MAR,MIDLANDS,KWEKWE,RESETTLEMENT,-18.9414,29.19306,FEMALE,ADULT,2554,1,0
2014,MAR,MIDLANDS,KWEKWE,RESETTLEMENT,-19.10046,29.9228,ALL,ALL,1020,7,1
2014,MAR,MIDLANDS,KWEKWE,RESETTLEMENT,-18.99181,29.10199,FEMALE,ADULT,1718,1,0
2014,JAN,MIDLANDS,KWEKWE,RESETTLEMENT,-18.56822,29.40724,MALE,ADULT,2282,2,0
2014,MAR,MIDLANDS,KWEKWE,RESETTLEMENT,-18.57821,29.44611,MALE,ADULT,1505,4,0
2014,MAR,MIDLANDS,KWEKWE,RESETTLEMENT,-18.62364,29.42368,ALL,ADULT,2189,6,0
2014,MAR,MIDLANDS,KWEKWE,RESETTLEMENT,-19.72962776,29.29381783,ALL,ADULT,389,3,0
2014,MAR,MIDLANDS,KWEKWE,RESETTLEMENT,-19.07297,29.24833,FEMALE,ADULT,1608,3,0
2014,MAR,MIDLANDS,KWEKWE,RESETTLEMENT,-18.76691,28.9968,ALL,ALL,1063,4,0
2014,MAR,MIDLANDS,KWEKWE,RESETTLEMENT,-18.9738101,29.7445285,FEMALE,ADULT,66,1,0
2014,MAR,MIDLANDS,KWEKWE,URBAN,-18.89207899,29.77544583,FEMALE,ADULT,102,2,0
2014,MAR,MIDLANDS,KWEKWE,COMMUNAL,-18.88310765,29.77151322,ALL,ALL,18,3,0
2014,MAR,MIDLANDS,KWEKWE,RESETTLEMENT,-18.27899069,29.70787168,ALL,ALL,762,3,0
2014,MAR,MIDLANDS,GOKWE SOUTH,COMMUNAL,-18.124,28.941,MALE,ADULT,1484,1,0
2014,MAR,MIDLANDS,GOKWE SOUTH,COMMUNAL,-18.42457,29.28171,MALE,ALL,1807,2,0
2014,JAN,MIDLANDS,ZVISHAVANE,RESETTLEMENT,-20.00755,29.56292,ALL,ADULT,1259,6,0
2014,JAN,MIDLANDS,ZVISHAVANE,RESETTLEMENT,-20.0674,29.54861,FEMALE,ADULT,,1,0
2014,MAR,MIDLANDS,ZVISHAVANE,RESETTLEMENT,-20.29795,30.09851,ALL,ADULT,597,3,0
2014,MAR,MIDLANDS,ZVISHAVANE,RESETTLEMENT,-20.27694,30.15918,ALL,ADULT,623,4,1
2012,APR,MIDLANDS,GOKWE SOUTH,RESETTLEMENT,-18.90018459,28.15551916,FEMALE,ADULT,1250,1,0
2014,MAR,MIDLANDS,ZVISHAVANE,RESETTLEMENT,-20.27694,30.15918,ALL,ADULT,623,4,0
2014,MAR,MIDLANDS,ZVISHAVANE,RESETTLEMENT,-20.20932,30.20897,MALE,ADULT,970,1,0
2012,APR,MASHONALAND EAST,WEDZA,COMMUNAL,-16.35328029,32.25662717,FEMALE,ADULT,,1,
2012,APR,MIDLANDS,ZVISHAVANE,RESETTLEMENT,-20.37263,29.85969,ALL,ADULT,1445,1,0
2012,APR,MASHONALAND CENTRAL,MBIRE,COMMUNAL,-16.30287,30.46134,FEMALE,ADULT,,1,
2014,JAN,MIDLANDS,ZVISHAVANE,RESETTLEMENT,-20.22358,29.51581,ALL,ALL,1186,2,0
2014,JAN,MIDLANDS,ZVISHAVANE,RESETTLEMENT,-20.22358,29.51581,ALL,ALL,1186,2,0
2012,APR,MIDLANDS,GOKWE NORTH,COMMUNAL,-17.49145318,29.11432611,MALE,ADULT,1196,1,1
2014,JAN,MIDLANDS,ZVISHAVANE,COMMUNAL,#REF!,#REF!,MALE,ADULT,5,1,1
2014,JAN,MIDLANDS,ZVISHAVANE,COMMUNAL,-19.86156081,32.70583356,MALE,ADULT,12,1,0
2014,MAR,MIDLANDS,ZVISHAVANE,COMMUNAL,-20.053,29.9996,MALE,ADULT,404,1,0
2014,MAR,MIDLANDS,ZVISHAVANE,COMMUNAL,-20.1112,30.08711,FEMALE,ADULT,1357,1,1
2014,MAR,MIDLANDS,ZVISHAVANE,COMMUNAL,-20.11007,30.15163,MALE,ADULT,1109,1,0
2012,APR,MIDLANDS,GOKWE NORTH,COMMUNAL,-17.81048523,28.83509444,ALL,ALL,9,2,2
2014,JAN,MIDLANDS,ZVISHAVANE,RESETTLEMENT,-20.067,29.54561,MALE,ADULT,1599,1,0
2014,JAN,MIDLANDS,ZVISHAVANE,RESETTLEMENT,-20.067,29.54561,MALE,ADULT,1599,1,0
2014,JAN,MIDLANDS,ZVISHAVANE,RESETTLEMENT,-20.00755,29.56292,ALL,ALL,1367,4,0
2014,JAN,MIDLANDS,ZVISHAVANE,RESETTLEMENT,-20.00755,29.56292,ALL,ADULT,1368,4,1
2014,APR,MIDLANDS,ZVISHAVANE,RESETTLEMENT,-20.11234,29.91435,FEMALE,ADULT,1614,6,1
2014,JAN,MIDLANDS,MBERENGWA,COMMUNAL,-20.72997,29.89141,ALL,JUVENILE,2547,2,0
2014,MAR,MIDLANDS,MBERENGWA,COMMUNAL,-16.12747888,24.14109286,ALL,ADULT,1556,2,0
2014,MAR,MIDLANDS,MBERENGWA,COMMUNAL,-20.18915257,29.96983883,FEMALE,JUVENILE,1047,1,0
2012,MAR,MATEBELELAND NORTH,LUPANE,COMMUNAL,-18.77323639,28.22298302,ALL,ADULT,,4,1
2012,APR,MIDLANDS,GOKWE NORTH,COMMUNAL,-17.81183,28.46158,ALL,ALL,941,7,0
2012,APR,MIDLANDS,GOKWE NORTH,COMMUNAL,-17.81183,28.46158,ALL,ALL,941,8,0
2014,MAR,MIDLANDS,SHURUGWI,COMMUNAL,-33.27273798,23.73649375,ALL,ALL,1387,19,0
2014,JAN,MIDLANDS,SHURUGWI,COMMUNAL,-19.99468834,30.28892117,ALL,ALL,715,5,0
2014,JAN,MIDLANDS,SHURUGWI,COMMUNAL,-19.99468834,30.28892117,ALL,ALL,995,17,2
2014,JAN,MIDLANDS,SHURUGWI,COMMUNAL,-20.65379523,30.28695882,ALL,ALL,1066,4,0
2014,JAN,MIDLANDS,SHURUGWI,COMMUNAL,-19.99468834,30.28892117,ALL,ALL,995,3,2
2014,JAN,MIDLANDS,SHURUGWI,COMMUNAL,-19.99468834,30.28892117,ALL,ALL,995,2,0
2014,JAN,MIDLANDS,SHURUGWI,COMMUNAL,-20.71524725,29.20364426,MALE,ADULT,1612,2,0
2014,MAR,MIDLANDS,SHURUGWI,COMMUNAL,-20.71524725,29.20364426,MALE,ADULT,452,1,0
2014,MAR,MIDLANDS,SHURUGWI,COMMUNAL,-20.76043358,29.20140884,FEMALE,ADULT,983,1,0
2014,MAR,MIDLANDS,SHURUGWI,COMMUNAL,-19.05491934,29.7553845,MALE,ADULT,1736,2,1
2012,DEC,MIDLANDS,GOKWE SOUTH,COMMUNAL,-18.46704,28.35836,ALL,ALL,2365,3,0
2014,MAR,MIDLANDS,GOKWE SOUTH,COMMUNAL,-18.292,28.888,ALL,ADULT,2150,4,0
2014,JAN,MIDLANDS,GOKWE SOUTH,COMMUNAL,-18.46022,28.54109,ALL,ADULT,1592,2,0
2014,MAR,MIDLANDS,GOKWE SOUTH,COMMUNAL,-18.46022,28.54109,MALE,ADULT,1591,1,0
2012,NOV,MIDLANDS,GOKWE SOUTH,COMMUNAL,-18.29717,28.20718,MALE,ADULT,2803,1,0
2012,NOV,MIDLANDS,GOKWE SOUTH,COMMUNAL,-18.29717,28.20718,MALE,ADULT,2803,1,0
2012,APR,MIDLANDS,GOKWE NORTH,COMMUNAL,-18.0333505,29.13012864,ALL,ALL,1628,14,6
2012,MAR,MASHONALAND EAST,MARONDERA,RESETTLEMENT,-18.61099126,31.84367086,MALE,ADULT,,7,0
2012,MAR,MIDLANDS,GOKWE NORTH,COMMUNAL,-17.32967,28.3615,ALL,ADULT,1562,2,0
2012,MAR,MIDLANDS,GOKWE NORTH,COMMUNAL,-17.32967,28.3615,MALE,ADULT,1562,1,0
2012,APR,MIDLANDS,GWERU,COMMUNAL,-19.48202888,30.62577405,FEMALE,ADULT,514,1,0
2014,JAN,MIDLANDS,SHURUGWI,COMMUNAL,-18.98563464,30.13666824,ALL,ADULT,210,2,0
2012,MAR,MASHONALAND CENTRAL,SHAMVA,COMMUNAL,-19.99468834,30.28892117,FEMALE,ADULT,10,1,0
2012,JUN,MIDLANDS,GWERU,COMMUNAL,-19.31742174,30.28691126,ALL,ALL,680,12,0
2012,AUG,MIDLANDS,GWERU,COMMUNAL,-19.48202888,30.62577405,ALL,ALL,702,14,0
2012,MAR,MIDLANDS,GOKWE SOUTH,COMMUNAL,-17.81310841,28.53038651,MALE,ADULT,6,2,0
2014,JAN,MANICALAND,NYANGA,COMMUNAL,-18.0062,32.88303,FEMALE,ADULT,8,1,0
2014,JAN,MANICALAND,NYANGA,COMMUNAL,-18.19463,32.74039,FEMALE,ADULT,6,1,0
2012,APR,MIDLANDS,SHURUGWI,RESETTLEMENT,-19.03548024,29.18337787,ALL,ALL,58,28,0
2014,MAR,MATEBELELAND NORTH,UMGUZA,COMMUNAL,-19.17111521,28.18306945,MALE,ADULT,26,1,0
2014,MAR,MATEBELELAND NORTH,UMGUZA,COMMUNAL,-19.17111521,28.18306945,ALL,ADULT,24,5,0
2014,MAR,MATEBELELAND NORTH,UMGUZA,COMMUNAL,-19.17111521,28.18306945,MALE,ADULT,42,3,0
2014,JAN,MIDLANDS,SHURUGWI,COMMUNAL,-19.99468834,30.28892117,ALL,ALL,1064,86,0
2014,MAR,MIDLANDS,SHURUGWI,COMMUNAL,-20.59036,30.08012,MALE,ADULT,1422,2,1
2014,APR,MIDLANDS,SHURUGWI,COMMUNAL,-19.31742174,30.28691126,ALL,ALL,1325,4,1
2014,JAN,MIDLANDS,SHURUGWI,COMMUNAL,-19.549,30.2826,MALE,ADULT,1271,1,0
2014,JAN,MIDLANDS,SHURUGWI,COMMUNAL,-19.549,30.2826,MALE,ADULT,1271,1,0
2014,MAR,MIDLANDS,SHURUGWI,COMMUNAL,-19.16465573,30.33787285,ALL,ALL,899,3,0
2014,MAR,MIDLANDS,SHURUGWI,COMMUNAL,-19.16465573,30.33787285,MALE,ADULT,897,1,0
2014,MAR,MIDLANDS,SHURUGWI,COMMUNAL,-19.16465573,30.33787285,ALL,ALL,898,2,0
2014,MAR,MIDLANDS,SHURUGWI,COMMUNAL,-19.219822,30.40638597,FEMALE,ALL,988,3,0
2014,MAR,MIDLANDS,SHURUGWI,COMMUNAL,-19.219822,30.40638597,FEMALE,ADULT,986,1,0
2014,MAR,MIDLANDS,SHURUGWI,COMMUNAL,-19.31742174,30.28691126,FEMALE,ADULT,1321,1,0
2014,MAR,MIDLANDS,SHURUGWI,COMMUNAL,-19.16465573,30.33787285,ALL,ALL,898,2,0
2014,MAR,MIDLANDS,SHURUGWI,COMMUNAL,-19.16465573,30.33787285,MALE,ADULT,897,1,0
2014,MAR,MIDLANDS,SHURUGWI,COMMUNAL,-19.219822,30.40638597,ALL,ALL,988,3,0
2014,MAR,MIDLANDS,CHIRUMANZU,COMMUNAL,-19.02984003,30.38281216,ALL,ADULT,629,3,0
2014,JAN,MIDLANDS,CHIRUMANZU,COMMUNAL,-19.15,30.65083,MALE,ADULT,1092,1,0
2014,MAR,MIDLANDS,CHIRUMANZU,COMMUNAL,-19.1502,30.65283,FEMALE,ADULT,1053,1,0
2014,MAR,MIDLANDS,CHIRUMANZU,COMMUNAL,-19.1502,30.283,ALL,ALL,1008,6,0
2014,MAR,MIDLANDS,CHIRUMANZU,COMMUNAL,-19.1502,30.65283,ALL,ALL,1092,5,0
2014,MAR,MIDLANDS,CHIRUMANZU,COMMUNAL,-19.1502,30.65283,ALL,ADULT,1094,2,0
2014,MAR,MIDLANDS,CHIRUMANZU,COMMUNAL,-19.1327,30.7199,FEMALE,ADULT,889,1,0
2014,JAN,MIDLANDS,CHIRUMANZU,COMMUNAL,-18.9263,30.6054,MALE,ALL,346,2,0
2014,MAR,MIDLANDS,CHIRUMANZU,COMMUNAL,-19.13837437,30.39438808,ALL,ALL,774,1,0
2014,MAR,MIDLANDS,CHIRUMANZU,COMMUNAL,-19.39065296,29.64589551,MALE,ADULT,774,1,0
2014,MAR,MIDLANDS,CHIRUMANZU,COMMUNAL,-19.24611657,29.64927345,FEMALE,ADULT,774,1,0
2014,MAR,MIDLANDS,CHIRUMANZU,COMMUNAL,-19.35743,30.70535,MALE,ADULT,449,1,1
2014,JAN,MIDLANDS,CHIRUMANZU,COMMUNAL,-19.4795,30.26588,FEMALE,ADULT,994,6,1
2014,JAN,MIDLANDS,CHIRUMANZU,COMMUNAL,-19.4392,30.30336,FEMALE,JUVENILE,1542,1,0
2014,JAN,MIDLANDS,CHIRUMANZU,COMMUNAL,-19.4392,30.30336,MALE,ADULT,1542,1,0
2014,MAR,MIDLANDS,CHIRUMANZU,COMMUNAL,-18.9653,30.53436,ALL,ALL,1195,7,0
2014,MAR,MIDLANDS,CHIRUMANZU,COMMUNAL,-19.5522,30.44333,ALL,ALL,856,3,0
2014,MAR,MIDLANDS,CHIRUMANZU,COMMUNAL,-19.5522,30.44333,ALL,ALL,855,2,0
2014,JAN,MIDLANDS,CHIRUMANZU,COMMUNAL,-19.745,30.69907,MALE,ADULT,676,1,0
2014,JAN,MIDLANDS,CHIRUMANZU,COMMUNAL,-19.13837437,30.39438808,MALE,ADULT,1467,1,0
2014,JAN,MIDLANDS,CHIRUMANZU,COMMUNAL,-19745,30.69907,FEMALE,ADULT,676,1,0
2014,JAN,MIDLANDS,CHIRUMANZU,COMMUNAL,-19.745,30.69907,FEMALE,ADULT,676,1,0
2014,MAR,MIDLANDS,CHIRUMANZU,COMMUNAL,-19.6983,30.62607,MALE,ADULT,1457,1,0
2014,MAR,MIDLANDS,CHIRUMANZU,COMMUNAL,-19.6983,30.62607,FEMALE,ADULT,1456,1,0
2014,MAR,MIDLANDS,CHIRUMANZU,COMMUNAL,-19.72846,30.55958,ALL,ADULT,1245,2,0
2014,MAR,MIDLANDS,CHIRUMANZU,COMMUNAL,-19.7522,30.6272,MALE,ADULT,1438,1,0
2014,MAR,MIDLANDS,CHIRUMANZU,COMMUNAL,-19.83986,30.60649,ALL,ALL,1237,3,0
2014,MAR,MIDLANDS,CHIRUMANZU,COMMUNAL,-19.551,30.68628,MALE,ADULT,1115,1,0
2014,MAR,MIDLANDS,CHIRUMANZU,COMMUNAL,-19.551,30.68628,FEMALE,ADULT,1115,1,0
2014,MAR,MIDLANDS,CHIRUMANZU,COMMUNAL,-19.54302,30.62447,ALL,ALL,1479,8,0
2014,MAR,MIDLANDS,CHIRUMANZU,COMMUNAL,-19.5518,30.55696,ALL,ALL,1230,5,1
2014,JAN,MIDLANDS,GWERU,COMMERCIAL,-19.39065296,29.64589551,FEMALE,ADULT,64,1,0
2014,JAN,MIDLANDS,GWERU,COMMERCIAL,-19.24611657,29.64927345,ALL,ALL,91,10,1
2014,JAN,MIDLANDS,GWERU,COMMERCIAL,-19.38148597,29.65526224,ALL,ALL,357,37,0
2014,JAN,MIDLANDS,SHURUGWI,COMMUNAL,-19.52105,30.04723,ALL,ALL,880,4,0
2014,JAN,MIDLANDS,SHURUGWI,COMMUNAL,-19.54517,30.06324,ALL,ALL,1202,2,0
2014,MAR,MIDLANDS,SHURUGWI,COMMUNAL,-19.3451324,31.03902144,ALL,ALL,863,3,0
2014,MAR,MIDLANDS,SHURUGWI,COMMUNAL,-19.84182111,31.02441375,ALL,ALL,924,2,1
2014,JAN,MIDLANDS,SHURUGWI,COMMUNAL,-19.42762,30.22912,FEMALE,ADULT,1071,1,0
2014,JAN,MIDLANDS,SHURUGWI,COMMUNAL,-19.42762,30.22912,FEMALE,ADULT,1071,1,0
2014,JAN,MIDLANDS,SHURUGWI,COMMUNAL,-19.6325,30.37494,FEMALE,ADULT,1349,1,0
2014,JAN,MIDLANDS,SHURUGWI,COMMUNAL,-19.42762,30.22912,ALL,ALL,1240,6,0
2014,JAN,MIDLANDS,SHURUGWI,COMMUNAL,-19.68923832,30.39412397,ALL,ALL,1261,5,0
2014,MAR,MIDLANDS,SHURUGWI,COMMUNAL,-19.68923832,30.39412397,ALL,ALL,1221,6,0
2014,MAR,MIDLANDS,SHURUGWI,COMMUNAL,-19.68923832,30.39412397,ALL,ADULT,1215,5,0
2014,APR,MIDLANDS,SHURUGWI,COMMUNAL,-19.11123332,30.39096644,ALL,ALL,1209,10,1
2012,DEC,MIDLANDS,CHIRUMANZU,COMMUNAL,-18.99303,30.5852,FEMALE,JUVENILE,806,1,0
2012,JUL,MIDLANDS,CHIRUMANZU,COMMUNAL,-18.92634,30.6054,ALL,ALL,270,3,0
2012,NOV,MIDLANDS,CHIRUMANZU,COMMUNAL,-18.52425991,30.39432061,ALL,ALL,326,2,0
2012,NOV,MIDLANDS,CHIRUMANZU,COMMUNAL,-18.9263,30.6054,ALL,ALL,326,2,0
2012,JUN,MIDLANDS,CHIRUMANZU,COMMUNAL,-19.4382,30.37504,FEMALE,ADULT,607,1,0
2012,NOV,MIDLANDS,CHIRUMANZU,COMMUNAL,-19.1558616,30.35422415,MALE,ADULT,801,1,0
2012,NOV,MIDLANDS,CHIRUMANZU,COMMUNAL,-19.4808818,30.34898572,MALE,ADULT,801,1,0
2012,JUN,MIDLANDS,CHIRUMANZU,COMMUNAL,-19.1558616,30.35422415,MALE,ADULT,766,2,0
2012,NOV,MIDLANDS,CHIRUMANZU,COMMUNAL,-19.4808818,30.34898572,FEMALE,ADULT,1426,1,0
2012,NOV,MIDLANDS,CHIRUMANZU,COMMUNAL,-19.43917,30.30336,FEMALE,ADULT,1426,1,0
2012,NOV,MIDLANDS,CHIRUMANZU,COMMUNAL,-19.44468553,30.3438632,FEMALE,ADULT,806,2,0
2012,NOV,MIDLANDS,CHIRUMANZU,COMMUNAL,19.47946,30.26588,FEMALE,ADULT,806,2,0
2014,JAN,MANICALAND,BUHERA,COMMUNAL,-19.75425,32.11233,ALL,ADULT,2158,2,0
2012,AUG,MIDLANDS,GOKWE SOUTH,COMMUNAL,-18.89109368,29.17105087,ALL,ADULT,1656,3,0
2012,NOV,MIDLANDS,GOKWE SOUTH,COMMUNAL,-18.00801,28.71457,ALL,ADULT,3083,2,0
2012,NOV,MIDLANDS,GOKWE SOUTH,COMMUNAL,-18.00801,28.71457,ALL,ADULT,3083,2,0
2014,MAR,MIDLANDS,GOKWE SOUTH,COMMUNAL,-18.38,28.53834,ALL,ALL,2991,4,0
2014,MAR,MIDLANDS,GOKWE SOUTH,COMMUNAL,-18.29465,28.56643,MALE,ADULT,2238,1,0
2012,JUN,MIDLANDS,GOKWE SOUTH,COMMUNAL,-18.35856736,28.04870822,ALL,ALL,1387,1,1
2012,JUN,MIDLANDS,GOKWE SOUTH,COMMUNAL,-18.4521,28.04604,MALE,ADULT,2801,1,0
2012,JUN,MIDLANDS,GOKWE SOUTH,COMMUNAL,-18.5604,28.78451,MALE,ALL,5423,1,0
2012,AUG,MIDLANDS,GOKWE SOUTH,COMMUNAL,-18.17519797,28.45032812,FEMALE,ADULT,1410,1,0
2012,AUG,MIDLANDS,GOKWE SOUTH,COMMUNAL,-18.5354141,28.60489513,FEMALE,ADULT,1597,1,0
2012,NOV,MIDLANDS,GOKWE SOUTH,COMMUNAL,-18.55096,28.57358,MALE,ADULT,1594,1,0
2012,NOV,MIDLANDS,GOKWE SOUTH,COMMUNAL,-18.55096,28.57358,MALE,ADULT,1594,1,0
2012,NOV,MIDLANDS,GOKWE SOUTH,COMMUNAL,-18.55711,28.52012,MALE,ADULT,1405,2,0
2012,NOV,MIDLANDS,GOKWE SOUTH,COMMUNAL,-18.55711,28.52012,MALE,ADULT,1405,2,0
2012,NOV,MIDLANDS,GOKWE SOUTH,COMMUNAL,-18.54701,28.6922,FEMALE,ADULT,1473,1,0
2012,NOV,MIDLANDS,GOKWE SOUTH,COMMUNAL,-18.54701,28.6922,FEMALE,ADULT,1473,1,0
2012,AUG,MIDLANDS,GOKWE SOUTH,COMMUNAL,-18.02081,28.79833,MALE,ADULT,2987,2,0
2012,AUG,MIDLANDS,GOKWE SOUTH,COMMUNAL,-18.14869,28.77596,FEMALE,ADULT,2840,1,0
2012,NOV,MIDLANDS,GOKWE SOUTH,COMMUNAL,-18.14869,28.77596,ALL,ALL,1791,2,0
2012,NOV,MIDLANDS,GOKWE SOUTH,COMMUNAL,-18.14869,28.77596,ALL,ALL,1791,2,0
2012,JUN,MIDLANDS,GOKWE SOUTH,COMMUNAL,-18.8094692,28.20993224,ALL,ALL,1016,1,0
2012,AUG,MIDLANDS,GOKWE SOUTH,COMMUNAL,-17.47462,28.36527,ALL,ALL,3685,1,0
2012,NOV,MIDLANDS,GOKWE SOUTH,COMMUNAL,-17.81861,28.63129,MALE,ADULT,3685,1,0
2012,NOV,MIDLANDS,GOKWE SOUTH,COMMUNAL,-17.81861,28.63129,MALE,ADULT,3685,1,0
2012,NOV,MIDLANDS,GOKWE SOUTH,COMMUNAL,-17.81861,28.63129,FEMALE,ADULT,3685,1,0
2012,NOV,MIDLANDS,GOKWE SOUTH,COMMUNAL,-17.81861,28.63129,FEMALE,ADULT,3685,1,0
2012,NOV,MIDLANDS,GOKWE SOUTH,COMMUNAL,-17.81861,28.63129,MALE,ADULT,3685,1,0
2012,NOV,MIDLANDS,GOKWE SOUTH,COMMUNAL,-17.81861,28.63129,MALE,ADULT,3685,1,0
2012,AUG,MIDLANDS,GOKWE SOUTH,RESETTLEMENT,-18.25081533,29.07130193,ALL,ADULT,32,4,0
2012,NOV,MIDLANDS,GOKWE NORTH,COMMUNAL,-17.91746,29.07137,ALL,ADULT,2443,2,0
2012,NOV,MIDLANDS,GOKWE NORTH,COMMUNAL,-17.91746,29.07137,ALL,ADULT,2443,2,0
2012,NOV,MIDLANDS,GOKWE NORTH,COMMUNAL,-17.8252,28.9849,MALE,JUVENILE,1405,1,0
2012,NOV,MIDLANDS,GOKWE NORTH,COMMUNAL,-17.8252,28.9849,MALE,JUVENILE,1405,1,0
2014,MAR,MIDLANDS,GOKWE SOUTH,COMMUNAL,-18.01638,29.17555,ALL,ALL,2553,2,0
2012,NOV,MIDLANDS,GOKWE SOUTH,COMMUNAL,-18.01638,29.17555,MALE,ADULT,3144,2,0
2012,NOV,MIDLANDS,GOKWE SOUTH,COMMUNAL,-18.01638,29.17555,MALE,ADULT,3144,2,0
2014,JAN,MANICALAND,CHIPINGE,COMMUNAL,-20.68385,32.25013,ALL,ALL,4,21,0
2014,JAN,MANICALAND,CHIPINGE,COMMUNAL,-20.68385,32.3609,FEMALE,ALL,12,1,0
2014,JAN,MANICALAND,CHIPINGE,COMMUNAL,-20.23,32.3609,ALL,ALL,11,3,0
2014,JAN,MANICALAND,CHIPINGE,COMMUNAL,-20.23,32.3609,FEMALE,ALL,3,2,0
2014,JAN,MANICALAND,CHIPINGE,COMMUNAL,-20.923,32.3609,FEMALE,ALL,15,1,0
2014,JAN,MANICALAND,CHIPINGE,COMMUNAL,-20.923,32.3609,ALL,ALL,10,4,0
2014,JAN,MANICALAND,CHIPINGE,COMMUNAL,#REF!,#REF!,FEMALE,ALL,0,2,0
2014,JAN,MANICALAND,CHIPINGE,COMMUNAL,-20.923,32.3609,ALL,ALL,20,1,0
2014,JAN,MANICALAND,CHIPINGE,COMMUNAL,-20.68385,32.25013,FEMALE,ADULT,10,2,1
2014,MAR,MATEBELELAND NORTH,BULAWAYO,RESETTLEMENT,-20.34351171,28.4838888,FEMALE,ADULT,76,6,0
2014,MAR,MATEBELELAND NORTH,BULAWAYO,RESETTLEMENT,#REF!,#REF!,ALL,ALL,16,2,0
2014,MAR,MATEBELELAND NORTH,BULAWAYO,RESETTLEMENT,-20.43380152,28.49050331,ALL,ALL,95,6,0
2014,MAR,MATEBELELAND NORTH,TSHOLOTSHO,COMMUNAL,-19.53530247,27.64339042,FEMALE,ADULT,31,1,0
2014,MAR,MATEBELELAND NORTH,TSHOLOTSHO,COMMUNAL,#REF!,#REF!,MALE,ADULT,9,1,0
2012,APR,MIDLANDS,GOKWE NORTH,COMMUNAL,-17.47382,29.49196,FEMALE,ADULT,2653,1,0
2012,APR,MIDLANDS,GOKWE NORTH,COMMUNAL,-17.8440527,29.09107772,ALL,ALL,2288,6,0
2012,MAR,MASHONALAND WEST,ZVIMBA,RESETTLEMENT,-17.9057,30.76205,MALE,ADULT,13,1,0
2012,APR,MIDLANDS,GOKWE NORTH,COMMUNAL,-17.96944657,29.1897701,ALL,ALL,1246,1,0
2012,APR,MIDLANDS,GOKWE NORTH,COMMUNAL,-17.40425005,28.79334995,ALL,ALL,1529,4,0
2012,APR,MIDLANDS,GOKWE NORTH,COMMUNAL,-17.76388785,28.98076211,ALL,ADULT,2912,1,0
2012,APR,MIDLANDS,GOKWE NORTH,COMMUNAL,-17.7653376,28.83177609,MALE,ALL,3282,2,0
2012,APR,MIDLANDS,GWERU,COMMUNAL,-19.22015196,30.6351837,MALE,ADULT,1357,1,0
2012,APR,MIDLANDS,GOKWE NORTH,COMMUNAL,-17.96944657,29.1897701,FEMALE,ADULT,1246,2,0
2012,APR,MASHONALAND WEST,HURUNGWE,COMMUNAL,-17.4973,29.39211,ALL,ALL,2011,3,
2012,APR,MIDLANDS,GOKWE NORTH,COMMUNAL,-17.76388785,28.98076211,FEMALE,ADULT,2912,1,0
2012,MAR,MASHONALAND WEST,KADOMA,COMMUNAL,-18.4726,30.5882,FEMALE,ADULT,1222,4,0
2012,APR,MIDLANDS,KWEKWE,COMMUNAL,-18.22337608,29.10218096,ALL,ALL,1883,6,0
2012,APR,MIDLANDS,GOKWE NORTH,COMMUNAL,-17.7273479,29.01994375,FEMALE,ADULT,11,1,0
2012,APR,MIDLANDS,GOKWE NORTH,COMMUNAL,-17.76388785,28.98076211,MALE,ADULT,8,1,0
2012,APR,MIDLANDS,GOKWE NORTH,COMMUNAL,-17.36375,28.22471,FEMALE,ADULT,1879,2,0
2012,APR,MIDLANDS,GOKWE NORTH,COMMUNAL,-17.76388785,28.98076211,MALE,ADULT,2,1,0
2012,APR,MIDLANDS,GOKWE NORTH,COMMUNAL,-17.48464,28.59143,MALE,ADULT,7,1,0
2012,APR,MIDLANDS,GOKWE NORTH,COMMUNAL,-17.36375,28.22471,MALE,ADULT,1879,1,1
2012,APR,MIDLANDS,GOKWE NORTH,COMMUNAL,-17.76388785,28.98076211,MALE,ADULT,11,1,0
2012,APR,MIDLANDS,GOKWE NORTH,COMMUNAL,-17.7273479,29.01994375,ALL,ADULT,12,3,0
2012,APR,MASHONALAND CENTRAL,BINDURA,RESETTLEMENT,-17.18753,31.32589,ALL,ALL,,4,0
2012,APR,MIDLANDS,GOKWE NORTH,COMMUNAL,-17.68911167,29.21458981,MALE,ADULT,15,1,0
2014,MAR,MATEBELELAND NORTH,UMGUZA,RESETTLEMENT,#REF!,#REF!,FEMALE,ADULT,5,1,0
2014,MAR,MATEBELELAND NORTH,UMGUZA,COMMUNAL,-20.43380152,28.49050331,FEMALE,ADULT,14,2,0
2014,MAR,MATEBELELAND NORTH,UMGUZA,COMMUNAL,#REF!,#REF!,FEMALE,ADULT,,27,0
2014,MAR,MATEBELELAND NORTH,BUBI,RESETTLEMENT,#REF!,#REF!,ALL,ADULT,,3,0
2014,MAR,MATEBELELAND NORTH,BUBI,RESETTLEMENT,-19.34429693,29.03709796,MALE,ADULT,25,1,0
2014,MAR,MATEBELELAND NORTH,BUBI,COMMUNAL,-20.16126037,28.65818268,FEMALE,ADULT,29,1,0
2014,MAR,MATEBELELAND NORTH,BUBI,COMMUNAL,-20.16126037,28.65818268,FEMALE,ADULT,29,1,0
2014,MAR,MATEBELELAND NORTH,UMGUZA,COMMUNAL,-20.07188147,28.55207012,ALL,JUVENILE,56,2,0
2014,MAR,MATEBELELAND NORTH,BUBI,COMMUNAL,-19.43415469,29.07915719,ALL,ALL,46,8,0
2014,MAR,MATEBELELAND NORTH,BUBI,COMMUNAL,-20.76475222,28.83378159,ALL,ADULT,18,2,0
2014,MAR,MATEBELELAND NORTH,BINGA,COMMUNAL,-18.94362099,28.40841776,MALE,JUVENILE,2,1,0
2014,MAR,MATEBELELAND NORTH,UMGUZA,RESETTLEMENT,#REF!,#REF!,ALL,ALL,29,12,0
2014,MAR,MATEBELELAND NORTH,BUBI,COMMUNAL,-20.76475222,28.83378159,MALE,ADULT,8,1,0
2014,MAR,MATEBELELAND NORTH,LUPANE,COMMUNAL,-18.92928696,27.77209468,ALL,ALL,28,25,0
2014,MAR,MATEBELELAND NORTH,BUBI,COMMUNAL,#REF!,#REF!,ALL,ADULT,30,3,0
2014,MAR,MATEBELELAND NORTH,BUBI,COMMUNAL,-19.43415469,29.07915719,MALE,ADULT,19,5,0
2014,MAR,MATEBELELAND NORTH,BULAWAYO,COMMUNAL,-20.43380152,28.49050331,FEMALE,JUVENILE,25,2,0
2014,MAR,MATEBELELAND NORTH,BULAWAYO,COMMUNAL,-20.5235318,28.56041143,MALE,ADULT,12,1,0
2014,MAR,MATEBELELAND NORTH,UMGUZA,COMMUNAL,-20.07188147,28.55207012,ALL,ADULT,8,6,0
2014,MAR,MATEBELELAND NORTH,UMGUZA,COMMUNAL,-20.43380152,28.49050331,FEMALE,JUVENILE,9,1,0
2014,MAR,MATEBELELAND NORTH,UMGUZA,COMMUNAL,-19.70857184,28.75934567,FEMALE,JUVENILE,11,2,0
2014,MAR,MATEBELELAND NORTH,UMGUZA,COMMUNAL,#REF!,#REF!,ALL,ALL,,8,0
2014,MAR,MATEBELELAND NORTH,BUBI,COMMUNAL,-20.25117151,28.70316475,ALL,JUVENILE,50,4,0
2014,MAR,MATEBELELAND NORTH,BUBI,COMMUNAL,-20.25117151,28.70316475,ALL,JUVENILE,50,4,0
2014,MAR,MATEBELELAND NORTH,UMGUZA,COMMUNAL,-20.16412551,28.31954158,ALL,ALL,20,5,0
2014,MAR,MATEBELELAND NORTH,BUBI,RESETTLEMENT,-19.52932918,28.60399032,MALE,ADULT,21,2,0
2014,MAR,MATEBELELAND NORTH,BULAWAYO,RESETTLEMENT,-19.44071635,28.39359483,ALL,ADULT,32,10,1
2012,APR,MIDLANDS,GOKWE NORTH,COMMUNAL,-17.39834,28.16183,MALE,ADULT,2,1,0
2012,NOV,MASHONALAND WEST,ZVIMBA,COMMUNAL,-17.5474,30.28731,MALE,ADULT,TSWITSI,1,0
2012,NOV,MASHONALAND WEST,ZVIMBA,COMMUNAL,-17.3268,30.69995,FEMALE,JUVENILE,MIZPAR,2,0
2012,NOV,MASHONALAND WEST,ZVIMBA,COMMUNAL,-17.6126,30.437,ALL,ALL,ST NINNIANS,5,0
2012,DEC,MASHONALAND WEST,ZVIMBA,RESETTLEMENT,-18.0643,30.4409,MALE,JUVENILE,,1,0
2012,DEC,MASHONALAND WEST,ZVIMBA,RESETTLEMENT,-17.3545,30.75096,FEMALE,JUVENILE,,1,0
2012,DEC,MASHONALAND WEST,ZVIMBA,RESETTLEMENT,-17.3545,30.75096,FEMALE,JUVENILE,,1,0
2012,DEC,MASHONALAND WEST,ZVIMBA,RESETTLEMENT,-17.6966,30.64966,FEMALE,ADULT,,1,0
2012,DEC,MASHONALAND WEST,ZVIMBA,RESETTLEMENT,-17.8934,30.49429,ALL,ALL,,64,0
2012,DEC,MASHONALAND WEST,ZVIMBA,RESETTLEMENT,-18.0643,30.4409,FEMALE,ADULT,,4,1
2012,DEC,MASHONALAND WEST,ZVIMBA,RESETTLEMENT,-17.6803,30.80913,ALL,JUVENILE,,2,0
2012,DEC,MASHONALAND WEST,ZVIMBA,RESETTLEMENT,-17.3062,30.493,ALL,ALL,,4,0
2012,DEC,MASHONALAND WEST,ZVIMBA,RESETTLEMENT,-17.3776,30.4243,ALL,ALL,,3,1
2012,DEC,MASHONALAND WEST,ZVIMBA,COMMUNAL,-17.6966,30.64966,MALE,ADULT,,2,0
2012,DEC,MASHONALAND WEST,ZVIMBA,RESETTLEMENT,-17.1784,30.38666,ALL,ALL,,2,0
2012,DEC,MASHONALAND WEST,ZVIMBA,RESETTLEMENT,-17.6119,30.3852,FEMALE,ALL,,2,0
2012,DEC,MASHONALAND WEST,ZVIMBA,RESETTLEMENT,-17.3515,30.50178,MALE,ADULT,,1,0
2012,DEC,MASHONALAND WEST,ZVIMBA,RESETTLEMENT,-18.0264,30.3131,ALL,ALL,,3,0
2012,DEC,MASHONALAND WEST,ZVIMBA,RESETTLEMENT,-17.3949,30.36478,MALE,ADULT,,3,0
2012,NOV,MASHONALAND WEST,MAKONDE,RESETTLEMENT,#REF!,#REF!,FEMALE,ADULT,0,,
2012,AUG,MASHONALAND WEST,ZVIMBA,COMMUNAL,-17.6069,29.97262,MALE,JUVENILE,,1,0
2012,SEP,MASHONALAND WEST,ZVIMBA,COMMUNAL,-17.3496,30.35504,FEMALE,ADULT,,1,0
2012,OCT,MASHONALAND WEST,HURUNGWE,COMMUNAL,-16.6898,29.67796,ALL,ALL,,1,
2012,AUG,MASHONALAND WEST,HURUNGWE,COMMUNAL,-16.46022689,29.2319712,ALL,ALL,,3,
2012,NOV,MASHONALAND WEST,ZVIMBA,RESETTLEMENT,-16.6652,30.5155,FEMALE,JUVENILE,,2,0
2012,MAR,MATEBELELAND NORTH,BINGA,COMMUNAL,-17.54760395,27.34862178,FEMALE,ALL,852,1,0
2012,OCT,MASHONALAND WEST,KARIBA,COMMUNAL,-16.6342,29.00624,MALE,ADULT,,1,
2012,APR,MASHONALAND WEST,ZVIMBA,RESETTLEMENT,-17.9834,30.47321,FEMALE,ADULT,672,1,0
2012,APR,MIDLANDS,GOKWE NORTH,COMMUNAL,-17.32967,28.3615,ALL,ADULT,1562,4,1
2012,JUN,MANICALAND,MUTARE,COMMUNAL,-19.19136,32.34699,ALL,ADULT,8,1,0
2012,SEP,MASHONALAND WEST,ZVIMBA,RESETTLEMENT,-17.3517,30.51585,ALL,ALL,,4,0
2012,NOV,MASHONALAND WEST,ZVIMBA,RESETTLEMENT,-17.2058,30.40979,ALL,ALL,,3,0
2012,DEC,MASHONALAND WEST,MHONDORO/ NGEZI,COMMUNAL,-18.1346,30.30197,MALE,ADULT,,1,0
2012,NOV,MASHONALAND WEST,MHONDORO/ NGEZI,COMMUNAL,-18.1436,30.30197,ALL,ALL,DAMVURI,5,0
2012,SEP,MASHONALAND WEST,ZVIMBA,RESETTLEMENT,-17.4322,30.45829,MALE,ADULT,,1,0
2012,OCT,MASHONALAND WEST,ZVIMBA,RESETTLEMENT,-17.9185,30.34773,MALE,ADULT,,2,0
2012,OCT,MASHONALAND WEST,ZVIMBA,RESETTLEMENT,-17.16926528,30.37735739,ALL,ALL,,19,0
2012,MAR,MATABELELAND SOUTH,MATOBO,COMMUNAL,-21.1983,-28.4944,ALL,ADULT,613,5,0
2012,NOV,MASHONALAND WEST,ZVIMBA,COMMUNAL,-17.9005,30.34802,ALL,ALL,HUNYANI,7,0
2012,MAR,MASHONALAND WEST,HURUNGWE,RESETTLEMENT,-16.7066,29.77936,ALL,ALL,468,4,
2012,MAY,MATABELELAND SOUTH,INSIZA,COMMUNAL,-20.2256,29.64027778,MALE,ADULT,2176,1,0
2012,MAR,MIDLANDS,GWERU,COMMUNAL,-19.22015196,30.6351837,FEMALE,ADULT,1357,1,0
2012,MAR,MIDLANDS,GWERU,COMMUNAL,-19.22015196,30.6351837,ALL,ALL,1357,2,0
2012,OCT,MASHONALAND WEST,HURUNGWE,COMMUNAL,-16.3955,29.32861,MALE,ADULT,,1,
2012,NOV,MASHONALAND WEST,ZVIMBA,RESETTLEMENT,-17.8026,30.46158,ALL,ALL,,12,0
2012,NOV,MASHONALAND WEST,ZVIMBA,COMMUNAL,-17.5339,30.64611,ALL,ALL,,2,0
2012,APR,MIDLANDS,GWERU,RESETTLEMENT,-19.38333333,30.125,FEMALE,ADULT,674,1,0
2012,JAN,MASHONALAND WEST,ZVIMBA,COMMERCIAL,-16.4681,30.65852,ALL,ALL,121,5,
2012,JAN,MASHONALAND WEST,ZVIMBA,RESETTLEMENT,-16.46806555,30.65852374,ALL,ALL,103,3,0
2012,JAN,MASHONALAND WEST,ZVIMBA,RESETTLEMENT,-16.4681,30.65852,ALL,ALL,121,5,
2012,JAN,MATABELELAND SOUTH,UMZINGWANE,COMMUNAL,-20.63389,29.1631,ALL,ALL,1231,2,0
2012,APR,MATEBELELAND NORTH,BUBI,COMMUNAL,-19.79330287,29.25839564,ALL,ADULT,1500,6,0
2012,MAY,MATABELELAND SOUTH,BULILIMA,COMMUNAL,-20.2939,27.6642,ALL,ADULT,,9,0
2012,AUG,MASHONALAND WEST,HURUNGWE,COMMUNAL,-16.85106925,29.00475798,ALL,ALL,,,
2012,FEB,MIDLANDS,GOKWE NORTH,COMMUNAL,-17.48464,28.59143,MALE,ADULT,7,1,0
2012,OCT,MASHONALAND WEST,ZVIMBA,RESETTLEMENT,-17.2593,30.35266,MALE,ADULT,,4,0
2012,MAR,MASHONALAND WEST,HURUNGWE,COMMUNAL,-17.5065,29.37716,ALL,ALL,2828,2,
2012,OCT,MASHONALAND WEST,ZVIMBA,COMMUNAL,-18.0579,24.00106,FEMALE,ADULT,,1,0
2012,MAY,MATABELELAND SOUTH,BULILIMA,COMMUNAL,-20.4025,27.6053,ALL,ADULT,,15,0
2012,SEP,MASHONALAND WEST,ZVIMBA,RESETTLEMENT,-17.4505,31.32863,ALL,ADULT,,9,0
2012,JUL,MASHONALAND WEST,KADOMA,RESETTLEMENT,-18.56454872,29.93679841,ALL,ADULT,,7,0
2012,MAY,MATABELELAND SOUTH,INSIZA,COMMUNAL,-20.58,29.62333333,ALL,ALL,4,1,0
2012,NOV,MASHONALAND WEST,ZVIMBA,RESETTLEMENT,-17.7524,30.45375,ALL,ALL,,3,2
2012,APR,MIDLANDS,GOKWE NORTH,COMMUNAL,-17.40425005,28.79334995,ALL,ALL,14,10,0
2012,APR,MIDLANDS,GOKWE NORTH,COMMUNAL,-17.40425005,28.79334995,ALL,ALL,1529,4,0
2012,APR,MIDLANDS,GOKWE NORTH,COMMUNAL,-17.40425005,28.79334995,ALL,ALL,6,4,0
2012,APR,MIDLANDS,GOKWE NORTH,COMMUNAL,-17.40425005,28.79334995,FEMALE,ADULT,7,1,1
2012,APR,MIDLANDS,GOKWE NORTH,COMMUNAL,-17.40425005,28.79334995,ALL,ADULT,1529,6,0
2012,APR,MIDLANDS,GOKWE NORTH,COMMUNAL,-17.60056126,29.04869225,ALL,ALL,1122,1,0
2012,APR,MASHONALAND EAST,CHIKOMBA,COMMUNAL,-19.34145901,31.62446844,ALL,ADULT,5,2,0
2012,APR,MASHONALAND CENTRAL,MBIRE,COMMUNAL,-15.725788,30.5281602,ALL,ADULT,1898,10,0
2012,APR,MASHONALAND CENTRAL,MBIRE,COMMUNAL,-15.725788,30.5281602,ALL,ADULT,1898,10,0
2012,APR,MASHONALAND CENTRAL,MBIRE,COMMUNAL,-16.178068,30.5769259,ALL,ADULT,3801,4,0
2012,APR,MASHONALAND CENTRAL,MBIRE,COMMUNAL,-16.178068,30.5769259,ALL,ADULT,3801,4,0
2012,APR,MATABELELAND SOUTH,UMZINGWANE,COMMUNAL,-20.7128,29.2058,ALL,ADULT,1412,3,0
2012,APR,MIDLANDS,GOKWE NORTH,COMMUNAL,-17.41043,28.1438,ALL,ADULT,23,3,0
2012,APR,MIDLANDS,GOKWE NORTH,COMMUNAL,-17.41043,28.1438,FEMALE,ADULT,9,1,0
2012,APR,MATEBELELAND NORTH,BINGA,COMMUNAL,-17.36234489,28.38073877,ALL,ALL,2894,7,0
2012,APR,MASHONALAND CENTRAL,RUSHINGA,COMMUNAL,-16.7029,30.26683,ALL,ADULT,,2,0
2012,APR,MIDLANDS,GOKWE SOUTH,COMMUNAL,-18.3583064,28.09508001,ALL,ADULT,,9,0
2012,SEP,MASHONALAND WEST,ZVIMBA,COMMUNAL,-18.0725,30.38317,FEMALE,ADULT,,1,0
2012,SEP,MASHONALAND WEST,ZVIMBA,COMMERCIAL,-17.3496,30.35699,MALE,ADULT,,1,0
2012,JUN,MATABELELAND SOUTH,UMZINGWANE,COMMUNAL,-20.74472,29.2197,ALL,ALL,1734,4,0
2012,JAN,MIDLANDS,GWERU,COMMUNAL,-19.07598253,30.62442238,ALL,ADULT,2346,3,0
2012,JAN,MIDLANDS,GWERU,COMMUNAL,-19.07598253,30.62442238,ALL,ADULT,2346,5,0
2012,JAN,MASHONALAND EAST,MUTOKO,COMMUNAL,-17.6366,32.24591,ALL,ADULT,,2,0
2012,JAN,MIDLANDS,GOKWE NORTH,RESETTLEMENT,-17.67234613,29.09565143,FEMALE,ADULT,12,2,0
2012,SEP,MASHONALAND WEST,ZVIMBA,COMMUNAL,-17.6111,30.31932,MALE,ADULT,,1,0
2012,JUL,MASHONALAND WEST,ZVIMBA,COMMUNAL,-17.5204,30.29242,MALE,ADULT,,1,0
2012,JAN,MIDLANDS,KWEKWE,COMMERCIAL,-19.23628145,29.70426162,ALL,ADULT,15,5,0
2012,AUG,MASHONALAND WEST,ZVIMBA,RESETTLEMENT,-18.0024,30.54564,MALE,ADULT,,1,0
2012,DEC,MASHONALAND WEST,ZVIMBA,RESETTLEMENT,-18.0024,30.54564,MALE,ADULT,,1,0
2012,JUN,MATABELELAND SOUTH,MANGWE,COMMUNAL,-21.2178,28.2133,ALL,ADULT,0,2,0
2012,SEP,MASHONALAND WEST,CHEGUTU,COMMUNAL,17.7783,29.98296,ALL,ADULT,,5,0
2012,JUN,MATABELELAND SOUTH,UMZINGWANE,COMMUNAL,-20.61444,20.0186,ALL,ADULT,1808,2,0
2012,AUG,MASHONALAND WEST,ZVIMBA,RESETTLEMENT,-17.9185,30.34586,MALE,ADULT,,3,0
2012,DEC,MASHONALAND WEST,ZVIMBA,COMMUNAL,-17.6126,30.437,ALL,ALL,,3,0
2012,DEC,MASHONALAND WEST,ZVIMBA,COMMUNAL,-17.6126,30.437,ALL,ADULT,,4,0
2012,DEC,MASHONALAND WEST,ZVIMBA,COMMUNAL,-17.6126,30.437,MALE,ADULT,,1,0
2012,DEC,MASHONALAND WEST,ZVIMBA,COMMUNAL,-17.6126,30.437,ALL,ADULT,,2,1
2012,DEC,MASHONALAND WEST,ZVIMBA,COMMUNAL,-17.6126,30.437,ALL,ALL,,2,0
2012,DEC,MASHONALAND WEST,ZVIMBA,COMMUNAL,-17.6126,30.437,FEMALE,JUVENILE,,1,0
2012,JAN,MASHONALAND EAST,CHIKOMBA,RESETTLEMENT,-19.71539241,31.02795585,FEMALE,ADULT,,1,0
2012,NOV,MASHONALAND WEST,ZVIMBA,RESETTLEMENT,-17.9741,30.45258,MALE,ADULT,,1,0
2012,JAN,MIDLANDS,CHIRUMANZU,RESETTLEMENT,-19.17419173,30.37293745,FEMALE,ADULT,26,1,0
2012,JAN,MIDLANDS,GOKWE SOUTH,COMMUNAL,-18.53462818,28.69486983,FEMALE,ADULT,1342,2,0
2012,DEC,MASHONALAND WEST,SANYATI,COMMUNAL,-17.983,29.5561,FEMALE,ADULT,,1,0
2012,MAR,MIDLANDS,GWERU,RESETTLEMENT,-19.32816648,29.59537745,MALE,ADULT,1924,1,1
2012,MAR,MASHONALAND CENTRAL,MT DARWIN,COMMUNAL,-16.81548,31.45792,ALL,ALL,,76,0
2012,MAR,MASHONALAND WEST,HURUNGWE,COMMERCIAL,-16.584,29.47135,ALL,ADULT,2195,36,3
2012,MAR,MASHONALAND WEST,HURUNGWE,COMMERCIAL,-16.584,29.47135,ALL,ADULT,,623,17
2012,MAR,MIDLANDS,CHIRUMANZU,COMMUNAL,-19.35898,30.11486,FEMALE,ADULT,250,1,0
2012,MAR,MIDLANDS,CHIRUMANZU,COMMUNAL,-19.35898,30.11486,ALL,ADULT,250,2,0
2012,MAR,MASHONALAND WEST,KADOMA,RESETTLEMENT,-18.4323,30.27555,ALL,ALL,1285,1,0
2012,OCT,MASHONALAND WEST,ZVIMBA,RESETTLEMENT,-17.17178968,30.57931583,ALL,ALL,,5,0
2012,NOV,MASHONALAND WEST,ZVIMBA,RESETTLEMENT,-17.3949,30.36478,ALL,ADULT,,3,0
2012,OCT,MASHONALAND WEST,ZVIMBA,COMMUNAL,-17.1109,30.60256,ALL,ALL,,15,0
2012,MAY,MASHONALAND WEST,ZVIMBA,RESETTLEMENT,-17.1179,30.60256,ALL,ADULT,16,2,0
2013,APR,MANICALAND,MAKONI,RESETTLEMENT,#REF!,#REF!,ALL,ALL,,5,0
2013,APR,MANICALAND,MAKONI,COMMUNAL,#REF!,#REF!,ALL,ALL,,2,0
2013,APR,MANICALAND,MAKONI,RESETTLEMENT,#REF!,#REF!,MALE,ADULT,,1,0
2013,APR,MANICALAND,MAKONI,RESETTLEMENT,#REF!,#REF!,ALL,ADULT,,3,0
2013,APR,MANICALAND,MAKONI,RESETTLEMENT,#REF!,#REF!,ALL,ADULT,,4,1
2013,MAR,MASHONALAND EAST,MARONDERA,COMMUNAL,-18.1347,31.0864,MALE,ADULT,6,1,0
2013,MAY,MANICALAND,MAKONI,COMMUNAL,-17.79154,32.25632,FEMALE,ADULT,0,2,0
2013,MAY,MASHONALAND EAST,MUTOKO,COMMUNAL,-17.40323,32.07566,MALE,ADULT,48,1,0
2013,APR,MANICALAND,MAKONI,COMMUNAL,#REF!,#REF!,ALL,ALL,,2,0
2013,APR,MANICALAND,MAKONI,COMMUNAL,#REF!,#REF!,ALL,ADULT,,0,1
2013,APR,MASHONALAND CENTRAL,CENTENARY,COMMUNAL,-16.70633,31.03741,FEMALE,ADULT,1346,1,0
2013,APR,MASHONALAND WEST,ZVIMBA,RESETTLEMENT,-17.5833,30.27357,FEMALE,ADULT,5,1,0
2013,APR,MATEBELELAND NORTH,UMGUZA,RESETTLEMENT,-20.52309381,28.60835107,ALL,ALL,85,4,0
2013,APR,MASHONALAND CENTRAL,BINDURA,COMMUNAL,-16.92155,31.30715,ALL,ALL,593,5,2
2013,MAY,MASHONALAND CENTRAL,BINDURA,COMMUNAL,-16.92155,31.30716,ALL,ALL,606,10,0
2013,APR,MASHONALAND CENTRAL,BINDURA,COMMUNAL,-16.92155,31.307913,ALL,ADULT,1147,8,0
2013,MAY,MASHONALAND CENTRAL,BINDURA,COMMUNAL,-16.91743,31.37303,ALL,ALL,1153,3,0
2013,JAN,MATABELELAND SOUTH,BEITBRIDGE,COMMUNAL,-22.01,29.4256,ALL,ADULT,17,5,0
2013,JAN,MATABELELAND SOUTH,BEITBRIDGE,COMMUNAL,-22.01,29.4256,MALE,ADULT,8,2,0
2013,APR,MASHONALAND CENTRAL,MAZOWE,COMMUNAL,-16.91267,31.15783,ALL,ALL,2301,5,0
2013,FEB,MASHONALAND CENTRAL,MAZOWE,COMMUNAL,-16.88909,31.12382,FEMALE,ADULT,1502,7,0
2013,MAR,MASHONALAND EAST,MUREHWA,COMMUNAL,-17.53,32.0448,MALE,JUVENILE,1,1,0
2013,MAR,MASHONALAND EAST,MUREHWA,COMMUNAL,-175300,32.04487,FEMALE,JUVENILE,1,1,0
2013,MAR,MASHONALAND EAST,MUREHWA,COMMUNAL,-17.53,32.0448,MALE,JUVENILE,1,1,0
2013,FEB,MIDLANDS,CHIRUMANZU,COMMUNAL,-19.07165,30.61647,ALL,ADULT,697,15,15
2013,MAY,MASHONALAND CENTRAL,SHAMVA,COMMUNAL,-17.10657,31.51954,ALL,ALL,1781,3,0
2013,JAN,MATABELELAND SOUTH,INSIZA,RESETTLEMENT,-20.8289,29.5247,ALL,ADULT,,4,0
2013,FEB,MATABELELAND SOUTH,BEITBRIDGE,RESETTLEMENT,-21.97,30.6556,ALL,ALL,228,36,8
2013,MAR,MASHONALAND EAST,CHIKOMBA,COMMUNAL,-18.9086,-30.77756,FEMALE,ADULT,22,1,0
2013,APR,MIDLANDS,GWERU,COMMUNAL,-19.23738,29.36526,FEMALE,ADULT,1317,1,1
2013,FEB,MIDLANDS,MBERENGWA,COMMUNAL,-20.97538,29.60108,ALL,ALL,2167,11,2
2013,FEB,MATABELELAND SOUTH,GWANDA,COMMUNAL,-21.6778,29.2847,ALL,ALL,732,45,0
2013,FEB,MATABELELAND SOUTH,GWANDA,COMMUNAL,-21.6778,29.2847,FEMALE,ADULT,540,1,0
2013,FEB,MATABELELAND SOUTH,GWANDA,COMMUNAL,-21.6778,29.2847,FEMALE,ADULT,538,1,0
2013,MAY,MATABELELAND SOUTH,GWANDA,COMMUNAL,-21.6778,29.2848,FEMALE,ALL,26,3,0
2013,MAR,MATABELELAND SOUTH,UMZINGWANE,COMMUNAL,20.72611,29.0681,ALL,ALL,,3,0
2013,APR,MASHONALAND CENTRAL,MAZOWE,COMMUNAL,-16.8357,31.15398,ALL,ALL,2559,8,3
2013,FEB,MASHONALAND CENTRAL,MVURWI,COMMUNAL,-16.99199,30.6539,MALE,ADULT,1285,1,0
2013,APR,MASHONALAND CENTRAL,MVURWI,COMMUNAL,-16.99199,30.6359,ALL,ALL,1274,6,0
2013,MAY,MASHONALAND CENTRAL,MVURWI,COMMUNAL,-17.96315,30.71338,ALL,ALL,1283,3,0
2013,FEB,MASHONALAND CENTRAL,BINDURA,COMMUNAL,-17.19506,31.18343,MALE,ADULT,13,1,0
2013,FEB,MASHONALAND WEST,SANYATI,COMMUNAL,23.77021,32.0475,ALL,ALL,,12,0
2013,MAR,MASHONALAND WEST,SANYATI,COMMUNAL,23.77021,32.0475,ALL,ALL,,12,0
2013,MAR,MASHONALAND WEST,MHONDORO/ NGEZI,COMMUNAL,23.77021,32.0475,ALL,ALL,,8,4
2013,APR,MASHONALAND WEST,SANYATI,RESETTLEMENT,-18.0673,29.93648,ALL,ALL,670,82,0
2013,MAR,MATABELELAND SOUTH,MATOBO,COMMUNAL,-20.4606,28.8492,MALE,JUVENILE,18,2,0
2013,FEB,MIDLANDS,KWEKWE,COMMUNAL,#REF!,#REF!,ALL,ADULT,18,2,0
2013,FEB,MASHONALAND WEST,CHEGUTU,COMMUNAL,S18.7954,30.40819,ALL,ALL,,161,0
2013,MAR,MASHONALAND EAST,HWEDZA,COMMERCIAL,-18.1834,31.1844,ALL,ADULT,265,6,0
2013,APR,MASHONALAND CENTRAL,BINDURA,COMMUNAL,-17.15273,31.16597,MALE,ADULT,1871,1,0
2013,FEB,MIDLANDS,MBERENGWA,COMMUNAL,-20.35422,30.04801,MALE,ADULT,1702,1,0
2013,APR,MASVINGO,GUTU,COMMUNAL,#REF!,#REF!,MALE,JUVENILE,1387,1,0
2013,MAY,MASHONALAND WEST,HURUNGWE,COMMUNAL,-16.6898,29.67796,ALL,ALL,815,1,
2013,MAY,MASHONALAND CENTRAL,BINDURA,COMMUNAL,-17.01137,31.33273,MALE,JUVENILE,1220,1,0
2013,FEB,MATABELELAND SOUTH,GWANDA,COMMUNAL,-21.3475,29.2242,FEMALE,ADULT,15,1,0
2013,FEB,MATABELELAND SOUTH,GWANDA,COMMUNAL,-21.3475,29.2242,ALL,ADULT,41,2,1
2013,FEB,MASHONALAND WEST,ZVIMBA,RESETTLEMENT,-17.569,30.55626,ALL,ALL,,7,1
2013,APR,MASHONALAND CENTRAL,GURUVE,COMMUNAL,-16.66375,30.87748,MALE,ADULT,599,1,0
2013,MAY,MASHONALAND CENTRAL,GURUVE,COMMUNAL,-16.66375,30.87748,MALE,ADULT,599,1,0
2013,APR,MASHONALAND WEST,SANYATI,COMMUNAL,-17.3142,29.59189,ALL,ALL,700,50,17
2013,FEB,MASHONALAND WEST,CHEGUTU,RESETTLEMENT,17.8069,30.81228,ALL,ALL,,5,1
2013,APR,MANICALAND,CHIMANIMANI,COMMUNAL,-17.5536,32.51001,MALE,ADULT,,1,
2013,APR,MASHONALAND CENTRAL,CENTENARY,COMMUNAL,-16.51414,31.08892,FEMALE,ADULT,1496,1,0
2013,APR,MASHONALAND CENTRAL,MAZOWE,COMMUNAL,-16.80726,31.2404,ALL,ALL,1490,3,0
2013,APR,MASHONALAND EAST,SEKE,COMMUNAL,-13.1107,31.1915,MALE,ADULT,10,10,  
2013,FEB,MIDLANDS,ZVISHAVANE,COMMUNAL,-20.14244,30.15684,ALL,ALL,1136,19,0
2013,MAY,MATABELELAND SOUTH,GWANDA,COMMUNAL,-21.49,29.0814,MALE,ADULT,15,1,0
2013,MAY,MATABELELAND SOUTH,GWANDA,COMMUNAL,-21.49,29.0814,FEMALE,ADULT,8,1,0
2013,FEB,MIDLANDS,GOKWE SOUTH,COMMUNAL,-18.34267,29.12043,MALE,ADULT,1758,2,0
2013,FEB,MASHONALAND WEST,SANYATI,COMMUNAL,-17.4448,29.3918,ALL,ALL,,1,0
2013,FEB,MASHONALAND WEST,SANYATI,COMMUNAL,-17.4448,29.3918,ALL,ALL,,3,1
2013,MAR,MASHONALAND WEST,SANYATI,COMMUNAL,-17.4448,29.3918,ALL,ALL,,3,1
2013,MAR,MASHONALAND WEST,SANYATI,COMMUNAL,-17.4448,29.3918,ALL,ALL,,1,0
2013,FEB,MASHONALAND WEST,CHEGUTU,COMMUNAL,S18.6527,30.54022,MALE,ADULT,,1,0
2013,MAY,MANICALAND,MAKONI,COMMUNAL,-18.02181,32.14932,ALL,ALL,0,1,0
2013,FEB,MASHONALAND CENTRAL,BINDURA,COMMUNAL,-17.58895,31.36209,MALE,ALL,1446,2,1
2013,MAY,MASHONALAND EAST,MUTOKO,COMMUNAL,-17.30461,32.00594,FEMALE,JUVENILE,5,1,0
2013,MAY,MASHONALAND CENTRAL,MAZOWE,COMMUNAL,-17.18348,31.00747,ALL,ALL,1294,4,0
2013,APR,MATEBELELAND NORTH,HWANGE,COMMUNAL,#REF!,#REF!,MALE,ALL,,2,0
2013,MAY,MANICALAND,MAKONI,COMMUNAL,-18.7882,31.93337,FEMALE,ADULT,0,1,0
2013,FEB,MASHONALAND CENTRAL,MVURWI,COMMUNAL,-17.083686,30.77392,MALE,ADULT,545,1,0
2013,APR,MASHONALAND CENTRAL,MVURWI,COMMUNAL,-17.08368,30.77392,ALL,ALL,764,4,0
2013,MAY,MASHONALAND CENTRAL,MVURWI,COMMUNAL,-17.08368,30.77392,ALL,ALL,771,5,0
2013,FEB,MANICALAND,NYANGA,COMMUNAL,-17.29549,32.47007,ALL,ADULT,14,3,
2013,MAR,MASHONALAND EAST,HWEDZA,COMMUNAL,-18.5163,31.6259,MALE,ADULT,13,1,0
2013,MAR,MASHONALAND EAST,MARONDERA,COMMUNAL,-18.1991,31.0729,MALE,ADULT,13,1,0
2013,FEB,MASHONALAND WEST,CHEGUTU,COMMUNAL,18.2217,30.75237,ALL,ALL,,0,0
2013,FEB,MASHONALAND WEST,CHEGUTU,COMMUNAL,18.75237,30.75237,ALL,ALL,,2,0
2013,MAR,MASHONALAND EAST,HWEDZA,COMMUNAL,-19.0308,31.349,ALL,JUVENILE,49,6,0
2013,MAY,MASHONALAND EAST,MUREWA,COMMUNAL,-17.52138,31.42871,FEMALE,ADULT,14,2,0
2013,FEB,MASVINGO,MASVINGO,COMMUNAL,-21.5347,31.37209,ALL,ALL,1369,2,0
2013,FEB,MASHONALAND CENTRAL,GURUVE,COMMUNAL,-16.55647,30.60394,ALL,ADULT,1734,2,0
2013,FEB,MASHONALAND CENTRAL,GURUVE,COMMUNAL,-16.55647,30.60394,FEMALE,ADULT,1734,1,0
2013,MAY,MASHONALAND CENTRAL,GURUVE,COMMUNAL,-16.5564,30.60392,MALE,ADULT,1686,1,0
2013,MAY,MASHONALAND CENTRAL,GURUVE,COMMUNAL,-16.5564,30.60392,MALE,ADULT,1686,1,0
2013,APR,MANICALAND,CHIMANIMANI,COMMUNAL,-17.84077,32.40072,FEMALE,ADULT,,,
2013,MAY,MASHONALAND CENTRAL,CENTENARY,COMMUNAL,-16.13242,31.15992,FEMALE,ADULT,3818,1,0
2013,JAN,MIDLANDS,GOKWE SOUTH,COMMUNAL,-17.98004,28.99059,ALL,ALL,1463,2,0
2013,APR,MASHONALAND CENTRAL,GURUVE,COMMUNAL,-16.90135,30.62822,FEMALE,ADULT,1175,1,0
2013,APR,MASHONALAND CENTRAL,GURUVE,COMMUNAL,-16.90135,30.62822,MALE,ADULT,1175,1,0
2013,MAY,MASHONALAND CENTRAL,CENTENARY,COMMUNAL,-16.39643,30.88328,ALL,ALL,1589,12,0
2013,FEB,MANICALAND,MUTARE,COMMUNAL,-19.11341,32.34267,MALE,ADULT,,2,
2013,APR,MASHONALAND CENTRAL,CENTENARY,RESETTLEMENT,-16.816,31.07254,ALL,ADULT,52,4,0
2013,APR,MANICALAND,CHIMANIMANI,COMMUNAL,-17.91513,32.38055,MALE,ADULT,,2,
2013,JAN,MASHONALAND EAST,MARONDERA,COMMUNAL,18.16219,31.07066,FEMALE,ADULT,10,1,0
2013,JAN,MASHONALAND EAST,MARONDERA,COMMUNAL,18.16219,31.07066,FEMALE,ADULT,10,1,0
2013,APR,MASHONALAND WEST,SANYATI,COMMUNAL,-17.9848,29.42022,FEMALE,ADULT,777,1,0
2013,FEB,MASHONALAND WEST,CHEGUTU,COMMUNAL,S17.2142,30.36074,ALL,ALL,,3,0
2013,FEB,MASHONALAND WEST,CHEGUTU,COMMUNAL,S17.2142,30.36074,ALL,ALL,,3,0
2013,FEB,MASHONALAND CENTRAL,MAZOWE,COMMUNAL,-17.26444,31.14744,FEMALE,ADULT,1318,1,0
2013,MAY,MASHONALAND CENTRAL,MAZOWE,COMMUNAL,-17.26444,31.14744,FEMALE,JUVENILE,1290,1,0
2013,MAY,MANICALAND,BUHERA,COMMUNAL,-19.47229,32.10011,FEMALE,ADULT,1508,1,0
2013,FEB,MASHONALAND CENTRAL,MBIRE,COMMUNAL,-16.99196,30.651092,FEMALE,ADULT,1504,1,0
2013,MAY,MANICALAND,MUTARE,COMMUNAL,-18.50171,32.2324,MALE,ADULT,0,1,0
2013,MAY,MASHONALAND WEST,HURUNGWE,COMMUNAL,-17.0447,29.47354,MALE,ADULT,997,1,
2013,APR,MASHONALAND EAST,GOROMONZI,COMMUNAL,-17.4829,31.03708,ALL,ALL,5,2,0
2013,APR,MIDLANDS,GOKWE SOUTH,COMMUNAL,-18.20943,29.25354,FEMALE,ADULT,1342,2,0
2013,MAR,MASHONALAND WEST,HURUNGWE,COMMUNAL,-16.8583,29.91005,ALL,ADULT,,2,
2013,MAY,MASHONALAND WEST,HURUNGWE,COMMUNAL,-16.6633,29.63542,MALE,ADULT,4,1,
2013,APR,MANICALAND,MUTARE,COMMUNAL,-19.19136,32.34699,MALE,ADULT,,2,
2013,MAY,MASVINGO,CHIVI,COMMUNAL,-20.01312092,30.31341221,ALL,ALL,1740,5,0
2013,MAR,MASHONALAND EAST,MUREHWA,COMMUNAL,-17.3599,31.54586,MALE,JUVENILE,11,1,0
2013,MAY,MASHONALAND EAST,MUREWA,COMMUNAL,-17.35998,31.54586,FEMALE,ADULT,7,1,0
2013,MAY,MASHONALAND EAST,MUREWA,COMMERCIAL,-17.35998,31.54586,MALE,ADULT,42,4,0
2013,MAY,MASHONALAND EAST,MARONDERA,COMMUNAL,-18.1844,31.1169,MALE,ADULT,16,1,0
2013,JAN,MASVINGO,MASVINGO,COMMUNAL,-20.6978093,30.21613865,MALE,ALL,582,4,2
2013,FEB,MASVINGO,MASVINGO,COMMUNAL,-20.7107,31.17564,MALE,ALL,570,4,0
2013,APR,MANICALAND,BUHERA,COMMUNAL,-19.13682,31.33576,MALE,ADULT,1623,1,0
2013,FEB,MASHONALAND CENTRAL,MT DARWIN,COMMUNAL,-16.49689,31.39866,ALL,ADULT,2039,2,0
2013,APR,MASHONALAND CENTRAL,MT DARWIN,COMMUNAL,-16.49689,31.39866,MALE,ADULT,2031,1,0
2013,MAY,MASHONALAND CENTRAL,GURUVE,COMMUNAL,-16.5646,30.53325,FEMALE,JUVENILE,2212,1,0
2013,APR,MASHONALAND WEST,SANYATI,COMMUNAL,-17.4254,29.36564,MALE,ADULT,707,1,0
2013,APR,MASHONALAND WEST,SANYATI,COMMUNAL,-17.4254,29.36564,MALE,ADULT,707,1,0
2013,MAY,MATABELELAND SOUTH,GWANDA,COMMUNAL,-21.0836,29.3492,FEMALE,ADULT,46,1,0
2013,MAY,MATABELELAND SOUTH,GWANDA,COMMUNAL,-21.0836,29.3492,FEMALE,ADULT,91,1,0
2013,JAN,MIDLANDS,MBERENGWA,COMMUNAL,-17.78871778,31.86979707,ALL,ALL,1269,6,0
2013,JAN,MIDLANDS,MBERENGWA,COMMUNAL,-17.78871778,31.86979707,ALL,ALL,1269,8,0
2013,MAY,MASHONALAND EAST,CHIKOMBA,COMMUNAL,-18.4402,30.4169,MALE,JUVENILE,13,1,0
2013,JAN,MIDLANDS,GOKWE NORTH,COMMUNAL,-17.5955,29.30404,FEMALE,JUVENILE,409,2,0
2013,FEB,MASHONALAND CENTRAL,MAZOWE,COMMUNAL,-17.44654,30.82317,MALE,ADULT,517,1,0
2013,FEB,MASHONALAND CENTRAL,MAZOWE,COMMUNAL,-17.2394,31.13372,ALL,ALL,1097,5,0
2013,FEB,MASHONALAND CENTRAL,MAZOWE,COMMUNAL,-17.2394,31.13372,FEMALE,JUVENILE,1097,1,0
2013,FEB,MASHONALAND CENTRAL,MAZOWE,COMMUNAL,-17.2394,31.13372,ALL,ALL,1097,3,0
2013,FEB,MASHONALAND CENTRAL,MAZOWE,COMMUNAL,-17.2394,31.13372,ALL,ALL,1097,2,0
2013,FEB,MATABELELAND SOUTH,UMZINGWANE,COMMUNAL,-20.45,28.9461,ALL,ALL,,5,0
2013,FEB,MASHONALAND CENTRAL,MAZOWE,COMMUNAL,-17.05026,31.09995,MALE,ADULT,1329,2,0
2013,FEB,MASHONALAND CENTRAL,BINDURA,COMMUNAL,-17.54103,31.35039,FEMALE,JUVENILE,2025,1,0
2013,APR,MASHONALAND EAST,GOROMONZI,COMMUNAL,-17.6401,31.3182,FEMALE,ADULT,15,1,0
2013,JAN,MIDLANDS,MBERENGWA,COMMUNAL,-20.81275,30.1732,ALL,ALL,1561,8,0
2013,FEB,MASHONALAND CENTRAL,MAZOWE,COMMUNAL,-17.2738,31.13231,ALL,ALL,1014,2,0
2013,FEB,MASHONALAND CENTRAL,MAZOWE,COMMUNAL,-17.2738,31.13231,ALL,ALL,1014,2,0
2013,APR,MASHONALAND CENTRAL,MAZOWE,COMMUNAL,-17.2738,31.13231,MALE,ALL,1015,5,0
2013,MAR,MASHONALAND EAST,UMP,COMMUNAL,-17.2824,31.84756,ALL,ALL,7,6,0
2013,MAY,MASHONALAND EAST,UMP,COMMUNAL,-17.28244558,31.84756758,MALE,ADULT,8,1,0
2013,MAR,MATABELELAND SOUTH,UMZINGWANE,COMMUNAL,20.72611,29.0914,FEMALE,ADULT,,1,0
2013,APR,MASHONALAND CENTRAL,BINDURA,COMMUNAL,-16.98653,31.24592,FEMALE,ADULT,1441,2,0
2013,MAY,MASHONALAND EAST,MUTOKO,COMMUNAL,-17.40343,32.19415,MALE,ADULT,10,1,0
2013,APR,MASHONALAND EAST,MUTOKO,COMMUNAL,-17.3661,32.02277,MALE,JUVENILE,3,1,0
2013,MAY,MASHONALAND EAST,MUTOKO,COMMUNAL,-17.41514,32.00353,MALE,JUVENILE,12,1,0
2013,APR,MASHONALAND EAST,MUTOKO,COMMUNAL,-17.4032,32.0756,MALE,JUVENILE,25,1,0
2013,MAR,MASHONALAND EAST,MUTOKO,COMMUNAL,-17.4032,32.0756,MALE,ADULT,12,1,0
2013,APR,MASHONALAND WEST,SANYATI,COMMUNAL,-17.3341,29.44222,FEMALE,ADULT,559,1,1
2013,FEB,MASHONALAND CENTRAL,MVURWI,COMMUNAL,-16.99327,30.76486,ALL,ALL,1455,3,0
2013,APR,MASHONALAND CENTRAL,MVURWI,COMMUNAL,-16.99327,30.76748,ALL,ALL,1451,5,0
2013,MAY,MASHONALAND CENTRAL,MVURWI,COMMUNAL,-16.99327,31.76748,MALE,ADULT,1467,1,0
2013,FEB,MASHONALAND WEST,HURUNGWE,COMMUNAL,-17.5041,29.57386,ALL,ADULT,,2,
2013,FEB,MASHONALAND WEST,HURUNGWE,COMMUNAL,-17.5041,29.57386,MALE,ADULT,,1,
2013,FEB,MASHONALAND WEST,HURUNGWE,COMMUNAL,-17.5041,29.57386,FEMALE,ADULT,,2,
2013,FEB,MASHONALAND WEST,HURUNGWE,COMMUNAL,-17.5041,29.57386,ALL,ADULT,,2,1
2013,FEB,MASHONALAND WEST,HURUNGWE,COMMUNAL,-17.5041,29.57386,FEMALE,ADULT,,1,
2013,FEB,MASHONALAND WEST,HURUNGWE,COMMUNAL,-17.5041,29.57386,MALE,ADULT,,1,
2013,FEB,MASHONALAND WEST,HURUNGWE,COMMUNAL,-17.5041,29.57386,MALE,ADULT,,1,
2013,FEB,MASHONALAND WEST,HURUNGWE,COMMUNAL,-17.5041,29.57386,FEMALE,ADULT,,2,
2013,MAY,MASHONALAND WEST,HURUNGWE,COMMUNAL,-17.5041,29.57386,MALE,ADULT,1400,1,
2013,JAN,MATABELELAND SOUTH,BEITBRIDGE,COMMUNAL,-22.3151,30.2514,FEMALE,ADULT,21,1,0
2013,FEB,MASHONALAND CENTRAL,GURUVE,COMMUNAL,-16.85016,30.70883,MALE,JUVENILE,1592,1,0
2013,FEB,MASHONALAND CENTRAL,GURUVE,COMMUNAL,-16.85016,30.70883,FEMALE,JUVENILE,1592,1,0
2013,FEB,MASHONALAND CENTRAL,GURUVE,COMMUNAL,-16.85016,30.70883,MALE,ADULT,1592,1,0
2013,JAN,MATABELELAND SOUTH,GWANDA,RESETTLEMENT,-21.1038,29.2956,ALL,ALL,103,50,0
2013,FEB,MATABELELAND SOUTH,BEITBRIDGE,COMMUNAL,-21.58292,30.3332,ALL,ALL,33,2,1
2013,FEB,MATABELELAND SOUTH,BEITBRIDGE,COMMUNAL,-21.58292,30.3332,FEMALE,ADULT,31,1,0
2013,FEB,MATABELELAND SOUTH,BEITBRIDGE,COMMUNAL,-21.58292,30.3332,ALL,ADULT,35,5,2
2013,FEB,MATABELELAND SOUTH,BEITBRIDGE,COMMUNAL,-21.58292,30.3332,FEMALE,ADULT,47,2,1
2013,APR,MASHONALAND CENTRAL,MVURWI,COMMUNAL,-16.72419,30.94973,MALE,ADULT,1061,3,0
2013,APR,MASHONALAND CENTRAL,MVURWI,COMMUNAL,-16.72419,30.94973,MALE,ADULT,1061,2,0
2013,APR,MASHONALAND CENTRAL,MVURWI,COMMUNAL,-16.72419,30.94973,FEMALE,ADULT,1061,2,0
2013,APR,MASHONALAND CENTRAL,MVURWI,COMMUNAL,-16.72419,30.94973,FEMALE,ADULT,1061,1,0
2013,APR,MASHONALAND CENTRAL,MVURWI,COMMUNAL,-16.72419,30.94973,MALE,ADULT,1061,1,0
2013,FEB,MIDLANDS,KWEKWE,RESETTLEMENT,-18.93369,29.80775,ALL,ALL,47,7,0
2013,APR,MIDLANDS,ZVISHAVANE,COMMUNAL,-20.1554,29.86258,ALL,ADULT,1130,3,0
2013,JAN,MATABELELAND SOUTH,GWANDA,RESETTLEMENT,-21.6247,29.7908,FEMALE,ADULT,8,1,0
2013,FEB,MATABELELAND SOUTH,GWANDA,RESETTLEMENT,-21.3342,29.3689,FEMALE,ADULT,38,1,0
2013,MAY,MATABELELAND SOUTH,BEITBRIDGE,COMMUNAL,-22.2917,30.3583,FEMALE,ADULT,965,1,0
2013,APR,MASHONALAND CENTRAL,BINDURA,COMMUNAL,-17.11748,31.2036,ALL,ALL,1029,2,0
2013,MAY,MASHONALAND CENTRAL,BINDURA,COMMUNAL,-17.11748,31.2036,MALE,ALL,1030,2,0
2013,MAY,MASHONALAND CENTRAL,CENTENARY,COMMUNAL,-16.72191,31.25814,ALL,ADULT,584,6,0
2013,MAY,MASHONALAND EAST,MARONDERA,COMMUNAL,-18.11657,31.1172,MALE,ADULT,25,1,0
2013,APR,MASHONALAND CENTRAL,CENTENARY,RESETTLEMENT,-16.64856,31.27178,MALE,ADULT,18,1,0
2013,JAN,MATABELELAND SOUTH,GWANDA,COMMUNAL,-21.315,29.7256,ALL,ALL,1422,7,0
2013,FEB,MASHONALAND WEST,CHEGUTU,RESETTLEMENT,#REF!,#REF!,ALL,ALL,,2,1
2013,APR,MATABELELAND SOUTH,INSIZA,COMMUNAL,-21.0969,29.5006,FEMALE,ADULT,46,3,0
2013,MAR,MATABELELAND SOUTH,UMZINGWANE,COMMUNAL,20.3528,29.3942,FEMALE,JUVENILE,,2,0
2013,MAY,MIDLANDS,KWEKWE,COMMUNAL,-18.85329,29.07053,MALE,ADULT,1061,1,0
2013,MAR,MASHONALAND EAST,MUREHWA,COMMUNAL,-17.4759,31.5393,ALL,ADULT,9,5,0
2013,FEB,MASHONALAND WEST,CHEGUTU,RESETTLEMENT,S31.324,23.68066,MALE,ADULT,,2,0
2013,FEB,MASHONALAND WEST,CHEGUTU,RESETTLEMENT,S31.324,23.68066,FEMALE,ADULT,,1,0
2013,JAN,MIDLANDS,GWERU,COMMUNAL,-19.90516,29.59671,FEMALE,ADULT,464,1,0
2013,MAY,MANICALAND,MAKONI,COMMUNAL,-17.9794,31.65682,FEMALE,ALL,0,2,0
2013,MAY,MASHONALAND EAST,MUREWA,COMMERCIAL,-17.28719,31.51221,FEMALE,JUVENILE,15,1,0
2013,FEB,MASHONALAND WEST,CHEGUTU,COMMERCIAL,S17.623,30.29557,FEMALE,ADULT,,2,0
2013,FEB,MASVINGO,MWENEZI,RESETTLEMENT,-21.3152,30.43103,ALL,ALL,357,3,0
2013,JAN,MIDLANDS,CHIRUMANZU,COMMUNAL,-19.44259,30.69217,ALL,ALL,841,1,0
2013,MAY,MIDLANDS,CHIRUMANZU,COMMUNAL,-19.4426,30.69218,ALL,ALL,875,1,0
2013,FEB,MANICALAND,NYANGA,COMMUNAL,-17.18208,32.59517,ALL,JUVENILE,34,1,
2013,FEB,MASHONALAND WEST,CHEGUTU,RESETTLEMENT,S31.5068,23.75736,ALL,ALL,,6,0
2013,APR,MASHONALAND EAST,GOROMONZI,COMMERCIAL,-17.9833,31.29065,FEMALE,ADULT,2,2,0
2013,FEB,MATABELELAND SOUTH,GWANDA,COMMUNAL,-21.7058,29.0542,FEMALE,JUVENILE,990,2,0
2013,FEB,MATABELELAND SOUTH,GWANDA,COMMUNAL,-21.7058,29.0542,ALL,ALL,1068,54,0
2013,MAR,MASHONALAND EAST,MARONDERA,COMMUNAL,-18.1104,31.06,FEMALE,JUVENILE,17,1,0
2013,MAR,MASHONALAND EAST,MARONDERA,COMMUNAL,-18.1104,31.06,ALL,JUVENILE,9,2,0
2013,APR,MASHONALAND EAST,CHIKOMBA,COMMUNAL,#REF!,#REF!,ALL,ADULT,34,7,0
2013,APR,MASHONALAND EAST,CHIKOMBA,COMMUNAL,#REF!,#REF!,ALL,JUVENILE,400,3,0
2013,MAR,MASHONALAND EAST,MUREHWA,COMMUNAL,-17.5161,31.53016,ALL,ADULT,20,15,0
2013,FEB,MASHONALAND CENTRAL,MAZOWE,COMMERCIAL,-17.3095,31.07648,MALE,ADULT,713,1,1
2013,APR,MASHONALAND CENTRAL,MAZOWE,COMMERCIAL,-17.3095,31.07648,ALL,ALL,724,4,0
2013,APR,MASHONALAND WEST,CHEGUTU,COMMERCIAL,-17.264,30.74357,FEMALE,ADULT,30,4,1
2013,MAY,MASHONALAND EAST,MACHEKE,COMMERCIAL,-17.51619,31.53016,ALL,ADULT,39,15,0
2013,APR,MASHONALAND EAST,GOROMONZI,COMMERCIAL,-18.0558,31.30886,FEMALE,ADULT,23,1,0
2013,APR,MASHONALAND EAST,GOROMONZI,COMMERCIAL,-18.0558,31.30886,ALL,ADULT,24,7,2
2013,APR,MASHONALAND CENTRAL,SHAMVA,COMMERCIAL,-17.35213,31.51354,ALL,ADULT,687,3,0
2013,APR,MASHONALAND CENTRAL,SHAMVA,COMMERCIAL,-17.35213,31.51354,ALL,ADULT,687,2,0
2013,MAY,MANICALAND,MAKONI,COMMUNAL,-18.09663,32.01942,ALL,ADULT,0,4,0
2013,APR,MASHONALAND CENTRAL,MBIRE,COMMUNAL,-15.63996,30.96833,FEMALE,ADULT,1128,1,0
2013,APR,MASHONALAND CENTRAL,MBIRE,COMMUNAL,-15.63996,30.96833,ALL,ADULT,1128,3,0
2013,MAY,MASHONALAND CENTRAL,MBIRE,COMMUNAL,-15.63996,30.96833,MALE,ADULT,1141,1,0
2013,FEB,MASHONALAND WEST,CHEGUTU,RESETTLEMENT,#REF!,#REF!,MALE,ADULT,,2,0
2013,APR,MANICALAND,MUTARE,COMMUNAL,-18.89851,32.26718,FEMALE,ADULT,,2,
2013,FEB,MASHONALAND WEST,CHEGUTU,COMMUNAL,S18.3208,30.72557,MALE,JUVENILE,,1,0
2013,FEB,MASHONALAND WEST,CHEGUTU,COMMUNAL,S18.3209,31.72557,ALL,ALL,,2,0
2013,FEB,MASHONALAND WEST,CHEGUTU,COMMUNAL,S18.3210,32.72557,ALL,ALL,,2,0
2013,JAN,MIDLANDS,GOKWE NORTH,COMMUNAL,-17.86618,28.51716,MALE,ADULT,3413,1,0
2013,JAN,MIDLANDS,GOKWE NORTH,COMMUNAL,-17.86618,28.51716,ALL,ALL,3419,7,0
2013,MAY,MASHONALAND EAST,MUREWA,COMMUNAL,-17.35509,31.50141,ALL,JUVENILE,11,2,0
2013,APR,MASHONALAND EAST,GOROMONZI,COMMUNAL,-171657,31.05543,ALL,ALL,13,5,0
2013,APR,MASHONALAND CENTRAL,MVURWI,COMMUNAL,-17.08596,30.99182,MALE,ADULT,1621,1,0
2013,APR,MASHONALAND CENTRAL,BINDURA,COMMUNAL,-16.92155,31.30715,ALL,ALL,593,8,0
2013,APR,MIDLANDS,KWEKWE,COMMUNAL,-19.21829553,29.69921458,ALL,ADULT,,2,0
2013,APR,MIDLANDS,GWERU,COMMERCIAL,-19.48202888,30.62577405,MALE,ADULT,453,1,0
2013,FEB,MASHONALAND CENTRAL,BINDURA,COMMUNAL,-17.18753,31.32589,ALL,ADULT,896,2,0
2013,MAR,MASHONALAND EAST,CHIKOMBA,COMMUNAL,-18.53,30.46062,MALE,ADULT,,2,0
2013,MAY,MASHONALAND EAST,MUREWA,COMMUNAL,-17.48023,31.596,FEMALE,JUVENILE,13,2,0
2013,FEB,MIDLANDS,SHURUGWI,COMMUNAL,-19.52105,30.04733,ALL,ALL,1103,2,0
2013,APR,MASVINGO,MASVINGO,COMMUNAL,-19.06799857,30.53029732,FEMALE,ADULT,1546,1,0
2013,MAY,MIDLANDS,GOKWE SOUTH,COMMUNAL,-18.37928,29.19998,ALL,ALL,1856,3,0
2013,JAN,MIDLANDS,SHURUGWI,COMMUNAL,-19.46248,30.23511,ALL,ALL,1223,4,0
2013,APR,MIDLANDS,SHURUGWI,COMMUNAL,-19.46248,30.23511,FEMALE,ALL,1243,4,0
2013,APR,MIDLANDS,SHURUGWI,COMMUNAL,-19.46248,30.23511,ALL,ALL,1243,6,0
2013,APR,MIDLANDS,KWEKWE,COMMUNAL,-18.92766,29.3707,MALE,ADULT,1030,3,0
2013,APR,MASHONALAND CENTRAL,SHAMVA,COMMUNAL,-16.93417,31.65747,FEMALE,ADULT,1045,1,0
2013,APR,MASHONALAND CENTRAL,SHAMVA,COMMUNAL,-16.93417,31.65747,MALE,ADULT,1045,1,0
2013,APR,MASHONALAND CENTRAL,MAZOWE,COMMUNAL,-16.88273,31.08701,ALL,ALL,1374,7,0
2013,MAY,MANICALAND,MAKONI,COMMUNAL,-18.8141,32.19634,ALL,ALL,0,46,0
2013,APR,MASHONALAND CENTRAL,BINDURA,COMMUNAL,-17.3549,31.3502,ALL,ADULT,909,3,0
2013,JAN,MIDLANDS,GWERU,COMMUNAL,-19.22815592,29.64233099,MALE,ADULT,4518,1,0
2013,JAN,MANICALAND,MUTARE,COMMUNAL,-19.11341,32.34267,ALL,ALL,,19,
2013,APR,MANICALAND,CHIPINGE,COMMUNAL,-20.31265,32.55454,FEMALE,ADULT,10,1,0
2013,JAN,MIDLANDS,GOKWE NORTH,COMMUNAL,-17.51117,28.5212,FEMALE,JUVENILE,1398,1,0
2013,FEB,MIDLANDS,GOKWE NORTH,COMMUNAL,-17.5117,28.5212,ALL,ADULT,1401,4,0
2013,FEB,MIDLANDS,GOKWE NORTH,COMMUNAL,-17.51117,28.5212,FEMALE,ADULT,1398,1,0
2013,MAR,MASHONALAND EAST,MARONDERA,COMMUNAL,-18.2331,31.4181,MALE,JUVENILE,39,10,9
2013,FEB,MASHONALAND WEST,SANYATI,COMMUNAL,-17.977,29.3136,FEMALE,ADULT,,0,0
2013,MAR,MASHONALAND WEST,SANYATI,COMMUNAL,-17.977,29.3136,FEMALE,ADULT,,0,0
2013,FEB,MIDLANDS,CHIRUMANZU,COMMUNAL,-19.23814,30.58009,ALL,ADULT,669,3,0
2013,APR,MIDLANDS,MBERENGWA,COMMUNAL,#REF!,#REF!,ALL,ALL,1804,3,0
2013,MAR,MASHONALAND EAST,MUREHWA,COMMUNAL,-17.2692,31.40055,ALL,ALL,14,14,3
2013,APR,MASHONALAND WEST,HURUNGWE,COMMUNAL,-16.4103,29.64414,MALE,ADULT,448,1,
2013,APR,MASHONALAND WEST,HURUNGWE,COMMUNAL,-16.4103,29.4414,FEMALE,ADULT,1346,1,1
2013,FEB,MASHONALAND WEST,SANYATI,COMMUNAL,-17.5058,29.48159,ALL,ALL,,2,0
2013,FEB,MASHONALAND WEST,SANYATI,COMMUNAL,-17.5053,29.48159,ALL,ALL,,1,0
2013,MAR,MASHONALAND WEST,SANYATI,COMMUNAL,-17.5053,29.48159,ALL,ALL,,1,0
2013,MAR,MASHONALAND WEST,SANYATI,COMMUNAL,-17.5058,29.48159,ALL,ALL,,2,0
2013,MAR,MATEBELELAND NORTH,UMGUZA,RESETTLEMENT,#REF!,#REF!,FEMALE,JUVENILE,,6,0
2013,APR,MIDLANDS,GWERU,COMMERCIAL,#REF!,#REF!,ALL,ADULT,35,3,0
2013,APR,MASHONALAND EAST,GOROMONZI,COMMERCIAL,-17.9664,31.42776,ALL,ADULT,75,5,0
2013,APR,MATEBELELAND NORTH,HWANGE,COMMUNAL,-18.38388889,26.76305556,ALL,ADULT,1834,3,0
2013,MAY,MATEBELELAND NORTH,HWANGE,COMMUNAL,-18.38388889,26.76305556,ALL,ADULT,1825,3,0
2013,FEB,MATEBELELAND NORTH,BUBI,COMMUNAL,-19.52687274,28.86026821,ALL,ALL,,8,0
2013,FEB,MATABELELAND SOUTH,UMZINGWANE,COMMUNAL,-20.72594,29.0736,ALL,ADULT,,6,0
2013,JAN,MATEBELELAND NORTH,HWANGE,COMMUNAL,-18.04717,26.242,ALL,ADULT,,24,0
2013,FEB,MATABELELAND SOUTH,GWANDA,RESETTLEMENT,-21.1178,29.3811,FEMALE,JUVENILE,43,1,0
2013,APR,MANICALAND,MUTARE,COMMUNAL,-18.81274,32.46837,FEMALE,ADULT,,2,
2013,FEB,MATABELELAND SOUTH,BEITBRIDGE,RESETTLEMENT,-22.0425,30.319,ALL,ALL,107,7,0
2013,MAR,MATABELELAND SOUTH,BEITBRIDGE,COMMUNAL,-22.0425,30.319,ALL,ALL,69,6,1
2013,FEB,MATABELELAND SOUTH,BEITBRIDGE,RESETTLEMENT,-21.8375,29.9561,ALL,ALL,46,5,0
2013,FEB,MATABELELAND SOUTH,BEITBRIDGE,RESETTLEMENT,-21.8375,29.9561,ALL,ALL,49,2,0
2013,FEB,MATABELELAND SOUTH,BEITBRIDGE,RESETTLEMENT,-21.8375,29.9561,ALL,ALL,17,2,0
2013,FEB,MATABELELAND SOUTH,BEITBRIDGE,RESETTLEMENT,-21.8375,29.9561,ALL,ALL,43,3,0
2013,FEB,MATABELELAND SOUTH,BEITBRIDGE,COMMUNAL,-21.8375,29.9561,ALL,ALL,49,4,0
2013,FEB,MATABELELAND SOUTH,BEITBRIDGE,RESETTLEMENT,-21.8375,29.9561,ALL,ALL,30,5,0
2013,FEB,MATABELELAND SOUTH,BEITBRIDGE,COMMUNAL,-21.8375,29.9561,FEMALE,JUVENILE,34,1,0
2013,FEB,MIDLANDS,GOKWE NORTH,COMMUNAL,-17.62153,28.81974,FEMALE,ADULT,1172,1,0
2013,FEB,MIDLANDS,GOKWE NORTH,COMMUNAL,-17.62153,28.81974,FEMALE,ADULT,1172,1,0
2013,MAY,MIDLANDS,GOKWE NORTH,COMMUNAL,-17.62153,28.81974,FEMALE,ADULT,1193,1,0
2013,MAY,MASHONALAND CENTRAL,GURUVE,COMMUNAL,-16.53044,30.50338,MALE,JUVENILE,1870,1,0
2013,MAR,MASHONALAND WEST,HURUNGWE,COMMUNAL,-16.3254,29.91514,FEMALE,ADULT,,1,
2013,MAR,MASHONALAND WEST,HURUNGWE,COMMUNAL,-16.3254,29.91574,MALE,ADULT,,1,
2013,MAR,MASHONALAND WEST,HURUNGWE,COMMUNAL,-16.3254,29.91514,FEMALE,ADULT,,1,
2013,MAY,MASHONALAND WEST,HURUNGWE,COMMUNAL,-16.7945,29.9522,MALE,ADULT,2648,1,
2013,FEB,MIDLANDS,GOKWE NORTH,COMMUNAL,-17.53226,28.91451,ALL,ALL,1068,4,0
2013,APR,MIDLANDS,GOKWE NORTH,COMMUNAL,-17.59981,28.9152,ALL,ALL,1072,4,0
2013,FEB,MASHONALAND WEST,CHEGUTU,RESETTLEMENT,#REF!,#REF!,FEMALE,ADULT,,1,0
2013,APR,MIDLANDS,GOKWE SOUTH,COMMUNAL,-18.54488,28.27261,MALE,ADULT,1969,2,0
2013,APR,MIDLANDS,GOKWE SOUTH,COMMUNAL,-18.55086,28.57358,FEMALE,ADULT,1991,3,0
2013,APR,MIDLANDS,GOKWE SOUTH,COMMUNAL,-18.55086,28.57358,FEMALE,ADULT,1989,2,0
2013,APR,MASHONALAND CENTRAL,MAZOWE,COMMUNAL,-17.21548,31.07421,FEMALE,ADULT,2422,6,0
2013,MAY,MATEBELELAND NORTH,HWANGE,COMMUNAL,-18.80531087,28.73651377,FEMALE,ADULT,1855,2,0
2013,FEB,MASHONALAND CENTRAL,CENTENARY,COMMUNAL,-16.39643,30.88328,MALE,JUVENILE,1632,2,0
2013,APR,MASHONALAND CENTRAL,CENTENARY,COMMUNAL,-16.39643,30.88328,ALL,ALL,1618,10,0
2013,FEB,MASHONALAND CENTRAL,MBIRE,COMMUNAL,-16.81012,30.552059,MALE,ADULT,2632,1,0
2013,FEB,MASHONALAND CENTRAL,MBIRE,COMMUNAL,-16.81012,30.552059,MALE,ADULT,2632,1,0
2013,APR,MATEBELELAND NORTH,BINGA,COMMUNAL,-18.02636298,27.49883618,MALE,ADULT,,1,0
2013,APR,MASHONALAND CENTRAL,GURUVE,COMMUNAL,-16.70105,30.79314,ALL,ADULT,2209,2,0
2013,APR,MASHONALAND CENTRAL,GURUVE,COMMUNAL,-16.70105,30.79314,MALE,ADULT,2209,1,0
2013,APR,MASHONALAND CENTRAL,GURUVE,COMMUNAL,-16.70105,30.79314,FEMALE,ADULT,2209,1,0
2013,MAR,MASHONALAND WEST,HURUNGWE,COMMUNAL,-16.4103,29.64414,FEMALE,ADULT,,2,4
2013,FEB,MASHONALAND WEST,HURUNGWE,COMMUNAL,-16.9299,29.95613,ALL,ADULT,,2,
2013,FEB,MASHONALAND WEST,HURUNGWE,COMMUNAL,-16.9299,29.95613,FEMALE,ADULT,,1,
2013,MAR,MASHONALAND WEST,HURUNGWE,COMMUNAL,-16.9299,29.95613,MALE,ADULT,,1,
2013,MAY,MIDLANDS,GOKWE NORTH,COMMUNAL,-17.70081,29.33349,MALE,ADULT,433,2,0
2013,JAN,MIDLANDS,GOKWE NORTH,COMMUNAL,-17.29672,28.33534,FEMALE,ADULT,1039,1,0
2013,FEB,MASHONALAND CENTRAL,MAZOWE,COMMUNAL,-17.08958,31.11069,FEMALE,ADULT,2037,2,0
2013,FEB,MASHONALAND CENTRAL,MAZOWE,COMMUNAL,-17.08958,31.11069,FEMALE,ADULT,2037,1,0
2013,FEB,MASHONALAND WEST,SANYATI,COMMUNAL,-17.4708,29.24368,ALL,ALL,,1,0
2013,FEB,MASHONALAND WEST,SANYATI,COMMUNAL,-17.4709,29.24168,ALL,ALL,,1,1
2013,MAR,MASHONALAND WEST,SANYATI,COMMUNAL,-17.4708,29.24368,ALL,ALL,,1,0
2013,MAR,MASHONALAND WEST,SANYATI,COMMUNAL,-17.4709,29.24168,ALL,ALL,,1,1
2013,APR,MASHONALAND WEST,SANYATI,COMMUNAL,-17.4748,29.84565,ALL,ALL,1962,1,1
2013,FEB,MASHONALAND WEST,HURUNGWE,COMMUNAL,-17.4974,29.3921,ALL,ALL,,2,1
2013,MAY,MASHONALAND WEST,HURUNGWE,COMMUNAL,-17.4974,29.3921,ALL,ALL,3439,6,3
2013,FEB,MATABELELAND SOUTH,BEITBRIDGE,RESETTLEMENT,-22.1889,30.8169,ALL,ADULT,100,6,0
2013,FEB,MATABELELAND SOUTH,BEITBRIDGE,COMMUNAL,-22.0589,30.786,ALL,ALL,33,2,0
2013,MAR,MASHONALAND EAST,MUTOKO,COMMUNAL,-17.2417,32.0473,ALL,ADULT,34,4,0
2013,MAY,MASHONALAND EAST,MUDZI,COMMUNAL,-17.05940907,32.62695221,MALE,JUVENILE,5,1,0
2013,APR,MANICALAND,BUHERA,COMMUNAL,-19.11088,31.58352,ALL,ALL,1547,3,1
2013,APR,MANICALAND,MAKONI,COMMUNAL,#REF!,#REF!,ALL,ALL,,3,0
2013,APR,MIDLANDS,KWEKWE,COMMUNAL,-19.07297,29.24833,ALL,ADULT,1621,2,0
2013,FEB,MASHONALAND WEST,CHEGUTU,COMMUNAL,S18.6813,30.66016,ALL,ADULT,,2,0
2013,JAN,MATABELELAND SOUTH,INSIZA,COMMUNAL,-20.368,29.395,ALL,ALL,,4,0
2013,JAN,MATABELELAND SOUTH,INSIZA,COMMUNAL,-20.368,29.395,ALL,ALL,,4,0
2013,JAN,MATABELELAND SOUTH,BEITBRIDGE,COMMUNAL,-22.1028,30.3464,FEMALE,ADULT,20,1,0
2013,FEB,MATABELELAND SOUTH,BEITBRIDGE,COMMUNAL,-22.1028,30.3464,FEMALE,ADULT,11,1,0
2013,MAR,MASHONALAND EAST,CHIKOMBA,COMMUNAL,-18.5023,30.44503,MALE,ADULT,,2,0
2013,MAY,MATABELELAND SOUTH,GWANDA,COMMUNAL,-21.8725,29.0897,FEMALE,ADULT,6,1,0
2013,JAN,MASHONALAND EAST,MUREHWA,COMMUNAL,17.52749,32.07539,ALL,ADULT,51,11,0
2013,JAN,MASHONALAND EAST,MUREHWA,COMMUNAL,17.52749,32.07539,ALL,ADULT,51,11,0
2013,FEB,MASHONALAND WEST,CHEGUTU,RESETTLEMENT,38.764,23.8104,ALL,ALL,,7,6
2013,FEB,MASHONALAND WEST,CHEGUTU,COMMERCIAL,30.8764,23.81014,ALL,ALL,,6,0
2013,FEB,MATEBELELAND NORTH,BINGA,COMMUNAL,-18.02636298,27.49883618,ALL,ALL,,10,0
2013,APR,MATEBELELAND NORTH,BUBI,COMMUNAL,-19.84145839,29.00805565,ALL,ALL,1563,22,0
2013,FEB,MATABELELAND SOUTH,BEITBRIDGE,COMMUNAL,-22.4386,29.9639,MALE,JUVENILE,16,1,0
2013,FEB,MATABELELAND SOUTH,BEITBRIDGE,COMMUNAL,-22.4386,29.9639,ALL,ALL,48,3,0
2013,FEB,MATABELELAND SOUTH,BEITBRIDGE,COMMUNAL,-22.4386,29.9639,ALL,ADULT,23,3,0
2013,FEB,MATABELELAND SOUTH,BEITBRIDGE,COMMUNAL,-22.4386,29.9639,ALL,ALL,47,7,0
2013,FEB,MATABELELAND SOUTH,BEITBRIDGE,COMMUNAL,-22.4386,29.9639,ALL,ADULT,20,3,2
2013,FEB,MATABELELAND SOUTH,BEITBRIDGE,COMMUNAL,-22.4386,29.9639,FEMALE,JUVENILE,19,2,0
2013,FEB,MATABELELAND SOUTH,BEITBRIDGE,COMMUNAL,-22.4386,29.9639,FEMALE,ADULT,33,33,31
2013,JAN,MATEBELELAND NORTH,LUPANE,COMMUNAL,-18.99254999,27.77238586,MALE,ADULT,,1,0
2013,FEB,MATEBELELAND NORTH,LUPANE,COMMUNAL,-18.99254999,27.77238586,FEMALE,ADULT,,1,0
2013,JAN,MATEBELELAND NORTH,HWANGE,COMMUNAL,-18.63044133,27.90533322,FEMALE,ADULT,,1,0
2013,APR,MATEBELELAND NORTH,HWANGE,COMMUNAL,-18.63044133,27.90533322,ALL,ADULT,17,4,0
2013,JAN,MATABELELAND SOUTH,BEITBRIDGE,COMMUNAL,-22.3417,30.2461,ALL,ADULT,27,2,0
2013,FEB,MASHONALAND CENTRAL,GURUVE,COMMUNAL,-16.56626,30.53631,MALE,ADULT,1191,1,1
2013,FEB,MASHONALAND CENTRAL,GURUVE,COMMUNAL,-16.56626,30.53631,ALL,ALL,1191,3,1
2013,MAY,MANICALAND,BUHERA,COMMUNAL,-19.24411,31.28086,FEMALE,ADULT,18,1,0
2013,APR,MATABELELAND SOUTH,INSIZA,COMMUNAL,-20.2481,29.4056,MALE,ADULT,8,1,1
2013,JAN,MIDLANDS,GOKWE NORTH,COMMUNAL,-17.32646,28.95483,FEMALE,JUVENILE,2699,1,0
2013,JAN,MATABELELAND SOUTH,BEITBRIDGE,COMMUNAL,-22.0858,29.3208,ALL,ADULT,47,3,0
2013,MAR,MASHONALAND EAST,MARONDERA,COMMUNAL,-18.8749,31.15232,MALE,ADULT,14,1,0
2013,JAN,MATABELELAND SOUTH,BEITBRIDGE,COMMUNAL,-22.2286,30.7206,ALL,ALL,11,2,0
2013,MAY,MIDLANDS,GWERU,COMMUNAL,-19.24035,29.22515,FEMALE,ADULT,1105,2,0
2013,APR,MASHONALAND CENTRAL,MAZOWE,COMMUNAL,-16.95634,31.06502,ALL,ADULT,1663,4,0
2013,APR,MASHONALAND CENTRAL,MAZOWE,COMMUNAL,-16.95634,31.06502,ALL,ADULT,1663,6,0
2013,MAY,MASHONALAND WEST,HURUNGWE,RESETTLEMENT,-18.0262,29.70122,ALL,ADULT,1471,2,
2013,APR,MANICALAND,BUHERA,COMMUNAL,-19.27063,31.65784,ALL,ALL,1537,4,0
2013,FEB,MASHONALAND CENTRAL,SHAMVA,COMMUNAL,-16.98072,31.48536,FEMALE,ADULT,1742,1,0
2013,FEB,MASHONALAND WEST,SANYATI,COMMUNAL,-17.4447,29.2596,MALE,ADULT,,1,0
2013,MAR,MASHONALAND WEST,SANYATI,COMMUNAL,-17.4447,29.2596,MALE,ADULT,,1,0
2013,MAY,MASHONALAND EAST,MUDZI,COMMUNAL,-16.56244241,32.81068456,FEMALE,JUVENILE,10,1,0
2013,MAY,MANICALAND,MAKONI,COMMUNAL,-18.54087,31.9528,ALL,ALL,0,7,1
2013,FEB,MATABELELAND SOUTH,UMZINGWANE,COMMUNAL,-20.46194,29.1086,FEMALE,ADULT,,1,0
2013,APR,MIDLANDS,MBERENGWA,COMMUNAL,-20.9816,29.82135,ALL,ALL,2144,14,0
2013,FEB,MASHONALAND WEST,CHEGUTU,RESETTLEMENT,S17.6656,30.32032,ALL,ALL,,6,1
2013,FEB,MASHONALAND WEST,CHEGUTU,RESETTLEMENT,S17.6657,31.32032,MALE,ADULT,,2,0
2013,FEB,MASHONALAND WEST,CHEGUTU,COMMERCIAL,S17.6658,32.32032,ALL,ADULT,,3,0
2013,FEB,MASHONALAND WEST,CHEGUTU,COMMERCIAL,S17.6659,33.32032,MALE,JUVENILE,,0,0
2013,FEB,MASHONALAND WEST,CHEGUTU,COMMERCIAL,S17.6660,34.32032,FEMALE,ADULT,,1,0
2013,FEB,MASHONALAND WEST,CHEGUTU,COMMUNAL,S18.5909,30.65479,ALL,ALL,,0,0
2013,MAY,MIDLANDS,GWERU,COMMUNAL,-19.62783,29.44409,FEMALE,ADULT,726,2,0
2013,MAY,MASHONALAND WEST,KARIBA,COMMUNAL,-16.8511,29.00476,MALE,ADULT,10,3,
2013,FEB,MASHONALAND CENTRAL,GURUVE,COMMUNAL,-16.66156,30.70375,MALE,ADULT,1368,1,1
2013,APR,MIDLANDS,GOKWE NORTH,COMMUNAL,-17.91746,29.07137,ALL,ADULT,2441,3,0
2013,APR,MANICALAND,MAKONI,COMMUNAL,-16.99189703,30.6455456,MALE,ALL,,3,1
2013,APR,MANICALAND,MAKONI,COMMUNAL,-16.99189703,30.6455456,MALE,ALL,,1,0
2013,APR,MANICALAND,MAKONI,COMMUNAL,-16.99189703,30.6455456,MALE,ALL,,1,0
2013,APR,MANICALAND,MAKONI,COMMUNAL,-16.99189703,30.6455456,FEMALE,ALL,,2,0
2013,APR,MANICALAND,MAKONI,COMMUNAL,-16.99189703,30.6455456,MALE,ALL,,1,0
2013,APR,MANICALAND,MAKONI,COMMUNAL,-16.99189703,30.6455456,MALE,ALL,,1,0
2013,MAY,MANICALAND,MAKONI,COMMUNAL,-17.86293,32.49617,FEMALE,ADULT,0,1,0
2013,APR,MASVINGO,GUTU,COMMUNAL,-19.0942,31.23398,ALL,JUVENILE,1253,2,0
2013,FEB,MASVINGO,GUTU,COMMUNAL,-19.0942,31.23398,ALL,ALL,1459,2,0
2013,FEB,MASHONALAND WEST,SANYATI,COMMUNAL,-17.8392,29.50501,ALL,ALL,,3,0
2013,MAR,MASHONALAND WEST,SANYATI,COMMUNAL,-17.8392,29.50501,ALL,ALL,,3,0
2013,APR,MASHONALAND WEST,SANYATI,RESETTLEMENT,-17.8392,29.50501,ALL,ALL,977,3,1
2013,FEB,MATABELELAND SOUTH,BEITBRIDGE,COMMUNAL,-23.3744,30.9964,ALL,ADULT,31,10,0
2013,JAN,MIDLANDS,KWEKWE,COMMUNAL,-18.92845,28.99332,FEMALE,ADULT,1977,2,0
2013,APR,MASHONALAND CENTRAL,BINDURA,COMMUNAL,-16.88784,31.26456,ALL,ADULT,677,2,0
2013,APR,MASHONALAND CENTRAL,BINDURA,COMMUNAL,-16.88784,31.26456,FEMALE,ADULT,677,3,0
2013,FEB,MASHONALAND CENTRAL,MT DARWIN,COMMUNAL,-16.54642,31.71934,MALE,ADULT,1541,3,0
2013,FEB,MASHONALAND CENTRAL,MT DARWIN,COMMUNAL,-16.54642,31.71934,MALE,ADULT,1541,2,0
2013,FEB,MASHONALAND CENTRAL,MT DARWIN,COMMUNAL,-16.54642,31.71934,MALE,ADULT,1541,1,0
2013,FEB,MASHONALAND CENTRAL,MT DARWIN,COMMUNAL,-16.54642,31.71934,MALE,ADULT,1541,1,0
2013,APR,MASHONALAND CENTRAL,GURUVE,COMMUNAL,-16.72367,30.92777,ALL,ADULT,1090,4,0
2013,JAN,MIDLANDS,GOKWE NORTH,COMMUNAL,-17.51335,29.1686,ALL,ADULT,1198,3,0
2013,APR,MIDLANDS,GOKWE NORTH,COMMUNAL,-17.51335,29.1686,FEMALE,ADULT,1186,1,0
2013,MAR,MATEBELELAND NORTH,BINGA,COMMUNAL,-17.36666505,27.4236084,FEMALE,ADULT,,1,0
2013,FEB,MASHONALAND CENTRAL,MT DARWIN,COMMUNAL,-16.66021,31.38407,FEMALE,JUVENILE,2290,2,0
2013,FEB,MASHONALAND WEST,MHONDORO/ NGEZI,COMMUNAL,-18.3266,30.47295,MALE,ADULT,,1,0
2013,MAR,MASHONALAND WEST,MHONDORO/ NGEZI,COMMUNAL,-18.3266,30.47295,MALE,ADULT,,1,0
2013,MAY,MATABELELAND SOUTH,BEITBRIDGE,COMMUNAL,-22.3883,30.1769,MALE,ADULT,850,1,0
2013,FEB,MATABELELAND SOUTH,BEITBRIDGE,COMMUNAL,-22.3417,30.2261,MALE,ADULT,27,1,0
2013,MAY,MIDLANDS,GOKWE SOUTH,COMMUNAL,-18.42457,29.28171,MALE,ADULT,1771,1,0
2013,MAR,MATEBELELAND NORTH,UMGUZA,COMMUNAL,#REF!,#REF!,ALL,ALL,,2,0
2013,FEB,MASHONALAND WEST,CHEGUTU,RESETTLEMENT,32.0451,23.67392,ALL,ALL,,15,0
2013,MAR,MASHONALAND EAST,MUTOKO,COMMUNAL,-17.3145,32.20905,MALE,JUVENILE,13,3,0
2013,FEB,MASHONALAND WEST,CHEGUTU,COMMUNAL,S17.7112,30.38324,ALL,ALL,,3,0
2013,FEB,MIDLANDS,KWEKWE,COMMUNAL,-18.75634,29.8895,ALL,ADULT,1091,3,0
2013,FEB,MASHONALAND WEST,CHEGUTU,COMMUNAL,-17.19591382,30.34315665,ALL,ALL,,29,0
2013,FEB,MIDLANDS,GOKWE NORTH,COMMUNAL,-17.27447,28.81832,ALL,ALL,716,6,0
2013,APR,MIDLANDS,GOKWE NORTH,COMMUNAL,-17.27447,28.18837,MALE,ADULT,715,1,0
2013,MAR,MASHONALAND WEST,HURUNGWE,COMMUNAL,-16.8629,29.56688,FEMALE,ADULT,,3,4
2013,APR,MASHONALAND WEST,HURUNGWE,COMMUNAL,-16.4578,29.45196,MALE,ADULT,701,2,1
2013,MAR,MATABELELAND SOUTH,MATOBO,COMMUNAL,-21.2219,28.6972,FEMALE,ADULT,988,1,0
2013,FEB,MIDLANDS,MBERENGWA,COMMUNAL,-20.05813149,30.30437194,ALL,ADULT,1906,1,0
2013,APR,MASHONALAND CENTRAL,MBIRE,COMMUNAL,-16.63363,30.88976,FEMALE,ADULT,2498,1,0
2013,MAY,MANICALAND,MAKONI,COMMUNAL,-18.41297,31.52187,ALL,ALL,0,8,0
2013,JAN,MIDLANDS,MBERENGWA,COMMUNAL,-20.51472,20.12315,MALE,JUVENILE,4312,1,0
2013,FEB,MASHONALAND WEST,HURUNGWE,COMMUNAL,-17.1381,29.21077,MALE,ADULT,,1,
2013,FEB,MIDLANDS,GOKWE NORTH,COMMUNAL,-17.87218,29.0184,FEMALE,ADULT,1608,1,0
2013,FEB,MATEBELELAND NORTH,LUPANE,COMMUNAL,#REF!,#REF!,ALL,ALL,,11,0
2013,MAY,MATEBELELAND NORTH,LUPANE,COMMUNAL,#REF!,#REF!,FEMALE,ALL,2006,2,1
2013,FEB,MIDLANDS,GOKWE NORTH,COMMUNAL,-17.45123,29.33107,ALL,ALL,844,2,1
2013,APR,MIDLANDS,GOKWE NORTH,COMMUNAL,-17.45123,29.33107,ALL,ALL,843,1,1
2013,FEB,MATABELELAND SOUTH,BEITBRIDGE,COMMUNAL,-22.0253,30.4225,ALL,ADULT,19,3,0
2013,FEB,MATABELELAND SOUTH,BEITBRIDGE,COMMUNAL,-22.0253,30.4225,ALL,ALL,22,2,0
2013,FEB,MATABELELAND SOUTH,BEITBRIDGE,COMMUNAL,-22.0253,30.4225,ALL,ADULT,29,3,0
2013,MAR,MASHONALAND EAST,MARONDERA,COMMUNAL,-18.2112,31.11954,FEMALE,ADULT,10,1,0
2013,APR,MANICALAND,MAKONI,COMMUNAL,-18.36099892,27.41655189,MALE,ALL,,2,0
2013,APR,MANICALAND,MAKONI,COMMUNAL,-18.36099892,27.41655189,FEMALE,ALL,,1,0
2013,APR,MANICALAND,MAKONI,COMMUNAL,-18.36099892,27.41655189,MALE,ALL,,1,0
2013,APR,MANICALAND,MAKONI,COMMUNAL,-18.36099892,27.41655189,FEMALE,ALL,,4,0
2013,APR,MANICALAND,MAKONI,COMMUNAL,-18.36099892,27.41655189,ALL,ALL,,3,0
2013,APR,MANICALAND,MAKONI,COMMUNAL,-18.36099892,27.41655189,MALE,ALL,,2,0
2013,APR,MANICALAND,MAKONI,COMMUNAL,-18.36099892,27.41655189,MALE,ALL,,2,0
2013,APR,MANICALAND,MAKONI,COMMUNAL,-18.36099892,27.41655189,MALE,ALL,,3,0
2013,APR,MANICALAND,MAKONI,COMMUNAL,-18.36099892,27.41655189,MALE,ALL,,1,0
2013,APR,MANICALAND,MAKONI,COMMUNAL,-18.36099892,27.41655189,FEMALE,ALL,,2,0
2013,MAR,MASHONALAND WEST,HURUNGWE,COMMUNAL,-16.9372,29.39988,ALL,ALL,,7,
2013,FEB,MASHONALAND WEST,HURUNGWE,COMMUNAL,-17.0833,29.96514,FEMALE,ADULT,,2,1
2013,MAY,MANICALAND,BUHERA,COMMUNAL,-19.23053,31.66953,ALL,ALL,1549,4,0
2013,JAN,MATABELELAND SOUTH,BEITBRIDGE,RESETTLEMENT,-21.7481,29.9158,ALL,ADULT,55,2,0
2013,FEB,MATABELELAND SOUTH,BEITBRIDGE,RESETTLEMENT,-21.7481,29.9158,ALL,ADULT,142,5,0
2013,MAR,MATABELELAND SOUTH,BEITBRIDGE,COMMUNAL,-21.7481,29.9158,ALL,ADULT,53,5,0
2013,APR,MASVINGO,GUTU,COMMUNAL,-19.64147563,30.88296145,MALE,ADULT,800,1,0
2013,FEB,MASHONALAND WEST,CHEGUTU,RESETTLEMENT,#REF!,#REF!,ALL,ALL,,5,4
2013,APR,MIDLANDS,KWEKWE,COMMUNAL,-18.75136,29.75628,FEMALE,ADULT,627,1,0
2013,APR,MIDLANDS,CHIRUMANZU,COMMUNAL,-19.69829,30.62607,ALL,ADULT,1449,2,0
2013,FEB,MATABELELAND SOUTH,GWANDA,COMMUNAL,-21.66,29.0033,FEMALE,ADULT,15,1,0
2013,FEB,MASHONALAND WEST,CHEGUTU,COMMUNAL,31.5353,23.80217,FEMALE,ADULT,,1,0
2013,JAN,MIDLANDS,ZVISHAVANE,COMMUNAL,-20.52311716,29.97338998,MALE,ADULT,373,4,0
2013,FEB,MASVINGO,MASVINGO,COMMUNAL,-20.7235,30.73872,ALL,ALL,1045,37,2
2013,APR,MIDLANDS,GWERU,COMMUNAL,-19.38072,29.5332,FEMALE,ADULT,1438,1,0
2013,APR,MASHONALAND WEST,ZVIMBA,COMMUNAL,-17.3268,30.69957,FEMALE,ADULT,466,1,0
2013,FEB,MATEBELELAND NORTH,BINGA,COMMUNAL,-18.01722,27.12417,FEMALE,ADULT,,1,0
2013,FEB,MASHONALAND WEST,MHONDORO/ NGEZI,COMMUNAL,-18.524,30.37823,MALE,ADULT,,1,0
2013,MAR,MASHONALAND WEST,MHONDORO/ NGEZI,COMMUNAL,-18.524,30.37823,MALE,ADULT,,1,0
2013,MAR,MASHONALAND WEST,MHONDORO/ NGEZI,COMMUNAL,-18.524,30.37823,ALL,ADULT,,2,0
2013,APR,MIDLANDS,ZVISHAVANE,COMMUNAL,-20.053,29.9996,MALE,ADULT,,1,0
2013,FEB,MATABELELAND SOUTH,GWANDA,COMMUNAL,-21.6758,29.3275,ALL,ALL,475,42,0
2013,FEB,MASHONALAND WEST,HURUNGWE,COMMUNAL,-17.1764,28.99696,MALE,ADULT,,2,
2013,FEB,MASHONALAND WEST,SANYATI,COMMUNAL,-17.3005,29.92628,ALL,ADULT,,2,0
2013,FEB,MATABELELAND SOUTH,GWANDA,COMMUNAL,-21.772,29.1211,ALL,ALL,495,32,0
2013,FEB,MATABELELAND SOUTH,GWANDA,COMMUNAL,-21.772,29.1211,ALL,ALL,509,4,0
2013,FEB,MATABELELAND SOUTH,GWANDA,COMMUNAL,-21.772,29.1211,FEMALE,ADULT,511,1,0
2013,FEB,MIDLANDS,KWEKWE,COMMUNAL,-19.10046,29.9228,FEMALE,ADULT,846,1,0
2013,MAY,MIDLANDS,KWEKWE,COMMUNAL,-19.10046,29.9228,FEMALE,ADULT,854,1,1
2013,APR,MASHONALAND WEST,ZVIMBA,RESETTLEMENT,-18.0709,30.26522,MALE,ADULT,395,1,0
2013,APR,MASHONALAND CENTRAL,GURUVE,COMMUNAL,-16.90179,30.66628,MALE,ADULT,1441,1,0
2013,APR,MASHONALAND CENTRAL,GURUVE,COMMUNAL,-16.90179,30.66628,FEMALE,ADULT,1441,1,0
2013,MAY,MIDLANDS,GWERU,COMMUNAL,-19.56097,29.45423,ALL,ADULT,928,2,2
2013,FEB,MASHONALAND WEST,CHEGUTU,RESETTLEMENT,S17.2588,30.31968,ALL,ALL,,0,0
2013,APR,MASHONALAND CENTRAL,CENTENARY,RESETTLEMENT,-16.67537,31.05042,FEMALE,ADULT,65,1,0
2013,MAR,MASHONALAND EAST,MUREHWA,COMMUNAL,-17.543,31.48227,MALE,ADULT,11,3,0
2013,MAY,MASHONALAND EAST,MUREWA,COMMERCIAL,-17.54308,31.482271,MALE,ADULT,13,1,0
2013,FEB,MIDLANDS,MBERENGWA,COMMUNAL,-20.98267,29.70485,ALL,ALL,2184,4,0
2013,FEB,MIDLANDS,MBERENGWA,COMMUNAL,-20.98267,29.70485,MALE,ADULT,2182,2,0
2013,MAY,MANICALAND,MAKONI,COMMERCIAL,#REF!,#REF!,FEMALE,ADULT,0,1,0
2013,APR,MASVINGO,CHIVI,COMMUNAL,-20.33415605,30.66108519,ALL,ALL,2223,2,0
2013,JAN,MATEBELELAND NORTH,BINGA,COMMUNAL,-17.82725451,27.58792585,ALL,ADULT,,7,0
2013,MAR,MASHONALAND EAST,MARONDERA,COMMUNAL,-18.1233,31.0522,MALE,ADULT,2,1,0
2013,MAR,MASHONALAND EAST,MARONDERA,COMMUNAL,-18.1347,31.0864,FEMALE,JUVENILE,13,2,0
2013,MAY,MASHONALAND EAST,MARONDERA,COMMUNAL,-18.13474,31.0864,FEMALE,JUVENILE,15,1,0
2013,MAY,MASHONALAND EAST,MARONDERA,COMMUNAL,-18.13474,31.0864,FEMALE,ADULT,21,1,0
2013,MAR,MASHONALAND EAST,MARONDERA,COMMUNAL,-18.1233,31.0522,ALL,JUVENILE,56,3,0
2013,FEB,MASHONALAND CENTRAL,BINDURA,COMMUNAL,-17.49318,31.35502,MALE,ADULT,1945,1,0
2013,FEB,MASHONALAND CENTRAL,GURUVE,COMMUNAL,-16.83698,30.66819,FEMALE,ADULT,1513,1,0
2013,MAY,MANICALAND,MAKONI,COMMUNAL,-18.01396,32.99702,ALL,ALL,0,1,0
2013,MAR,MASHONALAND WEST,MHONDORO/ NGEZI,COMMUNAL,-18.3265,30.46444,MALE,ADULT,,17,0
2013,FEB,MASHONALAND CENTRAL,GURUVE,COMMUNAL,-17.08145,30.57953,ALL,ADULT,415,6,0
2013,APR,MASHONALAND CENTRAL,MAZOWE,COMMUNAL,-16.98436,31.17735,ALL,ADULT,1943,4,0
2013,APR,MASHONALAND CENTRAL,MAZOWE,COMMUNAL,-16.98436,31.17738,ALL,ADULT,1943,3,0
2013,APR,MASHONALAND CENTRAL,MAZOWE,COMMUNAL,-16.98436,31.17738,ALL,ADULT,1943,4,0
2013,APR,MASHONALAND CENTRAL,CENTENARY,COMMUNAL,-16.17341,31.03579,ALL,ALL,2092,16,0
2013,FEB,MASHONALAND CENTRAL,MT DARWIN,COMMUNAL,-16.2587,31.67097,MALE,ADULT,1718,1,0
2013,FEB,MANICALAND,MUTARE,COMMUNAL,-19.50541,32.37135,MALE,ADULT,,1,
2013,MAY,MANICALAND,MUTARE,COMMUNAL,-19.50544,32.37237,FEMALE,ADULT,0,1,0
2013,APR,MASHONALAND WEST,ZVIMBA,RESETTLEMENT,-16.9439,30.40864,ALL,ADULT,194,1,2
2013,APR,MASHONALAND CENTRAL,CENTENARY,COMMUNAL,-16.83677,30.96598,ALL,ADULT,643,2,0
2013,MAR,MASHONALAND EAST,UMP,COMMUNAL,-17.0045,31.37244,MALE,JUVENILE,5,1,0
2013,FEB,MASVINGO,GUTU,COMMUNAL,-19.8898,31.29692,FEMALE,ALL,2122,2,0
2013,APR,MASHONALAND CENTRAL,MAZOWE,COMMUNAL,-16.99035,31.12767,FEMALE,ADULT,1454,1,1
2013,JAN,MASVINGO,MASVINGO,COMMUNAL,-20.39892878,30.779883,FEMALE,ADULT,1301,1,0
2013,MAR,MATEBELELAND NORTH,UMGUZA,COMMUNAL,-19.98515867,28.06000508,ALL,ALL,,3,0
2013,MAR,MATEBELELAND NORTH,UMGUZA,COMMUNAL,-19.98515867,28.06000508,ALL,ALL,,4,4
2013,FEB,MASHONALAND CENTRAL,BINDURA,COMMUNAL,-17.42852,31.22324,FEMALE,ADULT,2085,1,0
2013,APR,MASHONALAND CENTRAL,BINDURA,COMMUNAL,-17.42852,31.22324,FEMALE,ADULT,2096,1,0
2013,FEB,MASHONALAND WEST,ZVIMBA,COMMUNAL,-17.7574,30.45375,ALL,ALL,,4,1
2013,MAY,MASHONALAND EAST,MUTOKO,COMMUNAL,-17.14206,32.24524,MALE,JUVENILE,7,1,0
2013,MAY,MASHONALAND CENTRAL,SHAMVA,COMMUNAL,-17.09696,31.63497,ALL,ADULT,1334,2,0
2013,MAY,MASHONALAND CENTRAL,SHAMVA,COMMUNAL,-17.09696,31.63497,ALL,ALL,1334,6,0
2013,MAY,MASHONALAND CENTRAL,SHAMVA,COMMUNAL,-17.09696,31.63497,ALL,ALL,1334,5,0
2013,APR,MASHONALAND CENTRAL,CENTENARY,COMMUNAL,-16.35666,31.0207,ALL,ALL,2712,8,0
2013,JAN,MIDLANDS,GOKWE NORTH,COMMUNAL,-17.53032,28.78055,ALL,ALL,1580,4,0
2013,FEB,MIDLANDS,GOKWE NORTH,COMMUNAL,-17.53032,28.78055,ALL,ALL,1582,2,0
2013,FEB,MASHONALAND CENTRAL,GURUVE,COMMUNAL,-16.70189,30.63032,MALE,ADULT,1349,1,0
2013,MAY,MASHONALAND EAST,MUTOKO,COMMUNAL,-17.25873,32.24179,MALE,ADULT,6,2,0
2013,MAY,MASHONALAND EAST,MUTOKO,COMMUNAL,-17.25873,32.24179,MALE,ADULT,5,1,0
2013,APR,MASHONALAND EAST,UMP,COMMUNAL,-17.7441,31.98328,MALE,ADULT,7,1,0
2013,APR,MASHONALAND EAST,UMP,COMMUNAL,-17.7441,31.98388,FEMALE,JUVENILE,8,1,0
2013,MAY,MASHONALAND EAST,UMP,COMMUNAL,-17.74414832,31.98328824,FEMALE,ADULT,1,1,0
2013,FEB,MASHONALAND CENTRAL,GURUVE,COMMUNAL,-16.92157,30.57778,FEMALE,ADULT,828,3,1
2013,FEB,MASHONALAND CENTRAL,GURUVE,COMMUNAL,-16.92157,30.57778,ALL,ADULT,828,3,0
2013,FEB,MASHONALAND CENTRAL,GURUVE,COMMUNAL,-16.92157,30.57778,FEMALE,ADULT,828,1,0
2013,APR,MASHONALAND CENTRAL,GURUVE,COMMUNAL,-16.92157,30.57778,MALE,ALL,828,2,0
2013,MAY,MASHONALAND CENTRAL,MT DARWIN,COMMUNAL,-16.70643,31.73923,FEMALE,ADULT,1483,1,0
2013,FEB,MIDLANDS,GOKWE NORTH,COMMUNAL,-17.2504,28.72879,FEMALE,ADULT,1530,1,0
2013,MAY,MIDLANDS,GOKWE NORTH,COMMUNAL,-17.2504,28.72879,FEMALE,ADULT,1503,2,0
2013,JAN,MIDLANDS,GOKWE NORTH,COMMUNAL,-17.390378,29.26591,ALL,ALL,1082,0,3
2013,FEB,MASHONALAND CENTRAL,CENTENARY,COMMUNAL,-16.1755,31.39353,ALL,ADULT,979,2,0
2013,FEB,MANICALAND,MUTARE,COMMUNAL,-19.08477,32.16358,ALL,ADULT,,2,
2013,FEB,MANICALAND,MUTARE,COMMUNAL,-19.08477,32.16358,ALL,ADULT,,2,
2013,APR,MASHONALAND CENTRAL,GURUVE,COMMUNAL,-16.81004,30.54549,FEMALE,ADULT,546,1,0
2013,MAY,MANICALAND,MAKONI,COMMUNAL,-18.75401,32.13687,ALL,ADULT,0,54,0
2013,APR,MASHONALAND CENTRAL,GURUVE,COMMUNAL,-16.73665,30.83123,MALE,JUVENILE,1427,1,0
2013,APR,MASHONALAND EAST,GOROMONZI,COMMUNAL,-18.0656,31.40229,FEMALE,ADULT,5,1,0
2013,APR,MASHONALAND EAST,GOROMONZI,COMMUNAL,-176404,3134287,ALL,ALL,38,5,0
2013,JAN,MATABELELAND SOUTH,INSIZA,COMMUNAL,-19.85,29.2633,FEMALE,ADULT,,1,0
2013,JAN,MATABELELAND SOUTH,INSIZA,COMMUNAL,-19.85,29.2633,FEMALE,ADULT,,1,0
2013,MAR,MATEBELELAND NORTH,LUPANE,COMMUNAL,#REF!,#REF!,ALL,JUVENILE,,1,0
2013,FEB,MATABELELAND SOUTH,BEITBRIDGE,COMMUNAL,-22.0747,29.81,ALL,ADULT,80,13,0
2013,MAY,MATABELELAND SOUTH,BEITBRIDGE,COMMUNAL,-22.0747,29.81,FEMALE,JUVENILE,1778,2,0
2013,JAN,MATEBELELAND NORTH,LUPANE,COMMUNAL,-18.35690784,28.31604429,ALL,ALL,,5,0
2013,MAR,MATEBELELAND NORTH,LUPANE,COMMUNAL,-18.35690784,28.31604429,FEMALE,ALL,,3,1
2013,FEB,MIDLANDS,SHURUGWI,COMMUNAL,-19.1849,30.11045,ALL,ALL,1010,15,0
2013,MAY,MASVINGO,ZAKA,COMMUNAL,-19.96211778,31.30097264,ALL,ALL,1110,1,0
2013,APR,MIDLANDS,KWEKWE,COMMUNAL,-18.9414,29.19306,MALE,ADULT,2567,1,0
2013,MAY,MANICALAND,MUTARE,COMMUNAL,-19.5034,32.42456,MALE,ADULT,0,1,0
2013,APR,MANICALAND,BUHERA,COMMUNAL,-19.75425,32.11233,FEMALE,ADULT,1225,2,0
2013,MAY,MANICALAND,BUHERA,COMMUNAL,-19.75425,32.11233,FEMALE,ADULT,1463,1,0
2013,FEB,MIDLANDS,GOKWE NORTH,COMMUNAL,-17.57417,28.98607,MALE,JUVENILE,2063,1,0
2013,JAN,MIDLANDS,GOKWE NORTH,COMMUNAL,-17.68735,29.02167,MALE,ADULT,3281,1,0
2013,FEB,MIDLANDS,GOKWE NORTH,COMMUNAL,-17.68735,29.02167,MALE,ADULT,3753,1,0
2013,FEB,MIDLANDS,GOKWE NORTH,COMMUNAL,-17.68735,29.02167,MALE,ADULT,3753,1,0
2013,MAY,MIDLANDS,GOKWE NORTH,COMMUNAL,-17.68735,29.02167,MALE,ADULT,2473,3,0
2013,MAY,MIDLANDS,GOKWE NORTH,COMMUNAL,-17.68735,29.02167,ALL,ADULT,2472,2,0
2013,FEB,MIDLANDS,GOKWE NORTH,COMMUNAL,-17.77336,29.03679,FEMALE,ADULT,1853,1,0
2013,FEB,MIDLANDS,GOKWE NORTH,COMMUNAL,-17.77336,29.03679,FEMALE,JUVENILE,1854,2,0
2013,JAN,MIDLANDS,CHIRUMANZU,COMMUNAL,-19.27996,30.18616,MALE,ADULT,221,1,0
2013,FEB,MASHONALAND WEST,CHEGUTU,COMMUNAL,-16.4427796,30.8272893,MALE,ADULT,,2,0
2013,MAR,MATABELELAND SOUTH,MATOBO,COMMUNAL,#REF!,#REF!,FEMALE,ADULT,5,1,0
2013,MAY,MASVINGO,MASVINGO,COMMUNAL,-20.13617118,30.71475262,FEMALE,ADULT,1503,1,0
2013,MAY,MANICALAND,MAKONI,COMMUNAL,-18.72335,31.9061,MALE,ADULT,0,1,0
2013,APR,MANICALAND,BUHERA,COMMUNAL,-19.33875,32.05735,ALL,ALL,1205,5,0
2013,FEB,MASHONALAND CENTRAL,MT DARWIN,COMMUNAL,-16.53597,31.505243,MALE,JUVENILE,1833,1,0
2013,APR,MASHONALAND CENTRAL,MT DARWIN,COMMUNAL,-16.53597,31.50243,FEMALE,ADULT,1819,1,0
2013,MAY,MATEBELELAND NORTH,TSHOLOTSHO,COMMUNAL,-19.26494385,27.36541768,FEMALE,ADULT,,1,0
2013,FEB,MIDLANDS,GOKWE SOUTH,COMMUNAL,-18.30445,29.09079,MALE,ADULT,2476,2,0
2013,JAN,MATABELELAND SOUTH,INSIZA,COMMUNAL,-20.849,29.6525,FEMALE,ADULT,,1,0
2013,MAY,MATABELELAND SOUTH,INSIZA,COMMUNAL,-20.893,29.635,MALE,JUVENILE,12,1,1
2013,MAY,MASHONALAND EAST,MUTOKO,COMMUNAL,-17.36613,32.02277,ALL,JUVENILE,19,2,0
2013,MAY,MASHONALAND EAST,MUTOKO,COMMUNAL,-17.36613,32.02277,ALL,ALL,27,11,0
2013,MAY,MATABELELAND SOUTH,GWANDA,COMMUNAL,-21.8742,29.115,ALL,ALL,16,11,4
2013,APR,MIDLANDS,GWERU,COMMUNAL,-19.38014,29.13366,FEMALE,ADULT,2014,1,0
2013,JAN,MATEBELELAND NORTH,HWANGE,COMMUNAL,#REF!,#REF!,FEMALE,ADULT,,1,0
2013,MAR,MATABELELAND SOUTH,UMZINGWANE,COMMUNAL,20.74472,29.2197,ALL,ALL,,8,0
2013,MAR,MATEBELELAND NORTH,BUBI,COMMUNAL,#REF!,#REF!,ALL,ALL,,2,0
2013,FEB,MATEBELELAND NORTH,BUBI,COMMUNAL,#REF!,#REF!,ALL,ALL,,2,0
2013,JUN,MATABELELAND SOUTH,GWANDA,COMMUNAL,-21.3269,29.0492,FEMALE,ADULT,4,1,0
2013,JUN,MATABELELAND SOUTH,GWANDA,COMMUNAL,-21.3269,29.0449,MALE,ADULT,17,1,0
2013,MAR,MATABELELAND SOUTH,UMZINGWANE,COMMUNAL,20.42639,28.9086,ALL,ADULT,,2,0
2013,APR,MASVINGO,MASVINGO,COMMUNAL,2039043,3109779,ALL,ALL,2213,1,0
2013,FEB,MIDLANDS,GWERU,COMMUNAL,-19.16235,30.01005,ALL,ADULT,1496,3,0
2013,FEB,MIDLANDS,GWERU,COMMUNAL,-19.16235,30.01005,ALL,ADULT,1495,2,0
2013,FEB,MIDLANDS,GWERU,COMMUNAL,-19.16235,30.01005,ALL,ALL,1496,3,0
2013,MAY,MANICALAND,MAKONI,COMMUNAL,-18.34188,31.47576,ALL,ALL,0,1,0
2013,APR,MANICALAND,MAKONI,COMMUNAL,#REF!,#REF!,MALE,ALL,,1,0
2013,APR,MIDLANDS,SHURUGWI,COMMUNAL,-19.3795,30.22496,ALL,ADULT,1479,4,0
2013,FEB,MASHONALAND CENTRAL,MBIRE,COMMUNAL,-16.28826,30.67631,MALE,ADULT,1883,1,0
2013,MAR,MASHONALAND EAST,MARONDERA,COMMUNAL,-18.1844,31.117,FEMALE,ADULT,11,1,0
2013,MAY,MASHONALAND EAST,MARONDERA,COMMUNAL,-18.18443,31.117,FEMALE,ADULT,13,1,0
2013,MAR,MASHONALAND WEST,HURUNGWE,COMMUNAL,-16.4179,29.75652,MALE,ADULT,,1,
2013,MAR,MASHONALAND WEST,HURUNGWE,RESETTLEMENT,-16.4179,29.79652,FEMALE,ADULT,,1,
2013,APR,MANICALAND,MAKONI,COMMUNAL,-18.31497507,32.29980455,FEMALE,ALL,,1,0
2013,FEB,MASHONALAND CENTRAL,GURUVE,COMMUNAL,-16.6301,30.61338,ALL,ALL,577,4,0
2013,FEB,MASHONALAND CENTRAL,GURUVE,COMMUNAL,-16.6301,30.61338,ALL,ADULT,577,2,0
2013,FEB,MASHONALAND CENTRAL,GURUVE,COMMUNAL,-16.6301,30.61338,ALL,ADULT,577,1,0
2013,APR,MASHONALAND CENTRAL,GURUVE,COMMUNAL,-16.63016,30.61338,FEMALE,JUVENILE,583,1,0
2013,APR,MASHONALAND CENTRAL,GURUVE,COMMUNAL,-16.63016,30.61338,MALE,JUVENILE,583,1,0
2013,APR,MASHONALAND CENTRAL,MT DARWIN,COMMUNAL,-16.73211,31.7855,ALL,ALL,1397,23,0
2013,MAR,MASHONALAND WEST,HURUNGWE,COMMUNAL,-16.6164,29.76868,ALL,ALL,,1,
2013,MAR,MASHONALAND WEST,HURUNGWE,COMMUNAL,-16.7312,29.95775,ALL,ALL,,934,
2013,FEB,MANICALAND,NYANGA,COMMUNAL,-18.11585,32.4319,MALE,ADULT,10,4,
2013,APR,MANICALAND,NYANGA,COMMUNAL,-18.19313,32.72001,MALE,ADULT,8,1,
2013,APR,MASHONALAND EAST,MUREHWA,COMMUNAL,-17.4653,31.45352,ALL,ADULT,9,2,0
2013,FEB,MASHONALAND CENTRAL,GURUVE,COMMUNAL,-16.84866,30.59302,FEMALE,ADULT,1257,1,1
2013,FEB,MASHONALAND CENTRAL,GURUVE,COMMUNAL,-16.84866,30.59302,FEMALE,ADULT,1257,1,0
2013,FEB,MASHONALAND CENTRAL,GURUVE,COMMUNAL,-16.84866,30.59302,FEMALE,ADULT,1257,1,0
2013,FEB,MASHONALAND CENTRAL,GURUVE,COMMUNAL,-16.84866,30.59302,FEMALE,ADULT,1257,1,0
2013,FEB,MASHONALAND CENTRAL,GURUVE,COMMUNAL,-16.84866,30.59302,FEMALE,ADULT,1257,1,0
2013,APR,MANICALAND,NYANGA,COMMUNAL,-17.64971,32.94256,FEMALE,ADULT,8,1,0
2013,FEB,MASHONALAND CENTRAL,GURUVE,COMMUNAL,-16.90136,30.62876,ALL,ADULT,1027,6,0
2013,FEB,MASHONALAND CENTRAL,GURUVE,COMMUNAL,-16.90136,30.62876,FEMALE,ADULT,1027,2,0
2013,FEB,MASHONALAND CENTRAL,GURUVE,COMMUNAL,-16.90136,30.62876,FEMALE,JUVENILE,1027,2,0
2013,FEB,MASHONALAND CENTRAL,GURUVE,COMMUNAL,-16.90136,30.62876,MALE,JUVENILE,1027,1,0
2013,FEB,MASHONALAND CENTRAL,GURUVE,COMMUNAL,-16.63509,30.59319,MALE,ADULT,1196,2,0
2013,FEB,MASHONALAND CENTRAL,GURUVE,COMMUNAL,-16.63509,30.59319,MALE,ADULT,1196,2,0
2013,FEB,MASHONALAND CENTRAL,GURUVE,COMMUNAL,-16.67337,30.67621,ALL,ALL,1207,3,1
2013,FEB,MASHONALAND CENTRAL,GURUVE,COMMUNAL,-16.67337,30.67621,MALE,JUVENILE,1207,1,1
2013,APR,MASHONALAND CENTRAL,GURUVE,COMMUNAL,-16.67337,30.67621,FEMALE,ADULT,1183,1,0
2013,APR,MASHONALAND CENTRAL,GURUVE,COMMUNAL,-16.67337,30.67621,MALE,ADULT,1183,1,0
2013,FEB,MASHONALAND WEST,HURUNGWE,COMMUNAL,-16.8581,29.92596,ALL,ALL,,3,
2013,APR,MASVINGO,CHIVI,COMMUNAL,-20.25495084,28.25520971,ALL,ADULT,2584,3,0
2013,MAR,MASHONALAND EAST,MUTOKO,COMMUNAL,-17.329,32.00017,ALL,ADULT,17,3,0
2013,MAR,MASHONALAND EAST,MUTOKO,COMMUNAL,-17.4094,32.0401,FEMALE,JUVENILE,11,1,0
2013,APR,MASHONALAND EAST,MUTOKO,COMMUNAL,-17.4094,32.0401,MALE,ADULT,14,1,0
2013,MAY,MASHONALAND EAST,MUTOKO,COMMUNAL,-17.04094,32.0401,ALL,JUVENILE,53,4,0
2013,MAY,MASHONALAND EAST,MUTOKO,COMMUNAL,-17.04094,32.0401,MALE,JUVENILE,48,1,0
2013,MAY,MANICALAND,MAKONI,COMMUNAL,-17.14862,32.47484,FEMALE,ADULT,0,1,0
2013,MAY,MIDLANDS,GOKWE SOUTH,COMMUNAL,-18.02081,28.79833,MALE,ADULT,3856,2,0
2013,FEB,MASHONALAND CENTRAL,MAZOWE,COMMUNAL,-17.06868,31.04747,ALL,ADULT,2684,3,0
2013,APR,MASHONALAND CENTRAL,SHAMVA,COMMUNAL,-17.37105,31.51233,FEMALE,ADULT,1045,1,0
2013,APR,MASHONALAND CENTRAL,CENTENARY,RESETTLEMENT,-17.76492,31.19394,FEMALE,ADULT,86,1,0
2013,FEB,MASHONALAND WEST,CHEGUTU,RESETTLEMENT,S18.6133,30.30673,ALL,ALL,,56,0
2013,MAY,MATABELELAND SOUTH,GWANDA,COMMUNAL,-21.2556,29.4056,MALE,ADULT,17,1,0
2013,FEB,MASHONALAND CENTRAL,MVURWI,COMMUNAL,-17.72214,30.75941,FEMALE,ADULT,1622,1,0
2013,APR,MASHONALAND CENTRAL,MVURWI,COMMUNAL,-16.72214,30.75941,FEMALE,ADULT,1607,1,0
2013,MAY,MASHONALAND CENTRAL,MVURWI,COMMUNAL,-16.72214,30.75946,ALL,ALL,1608,3,0
2013,MAY,MASHONALAND CENTRAL,MVURWI,COMMUNAL,-16.72214,30.75946,ALL,ALL,1608,3,0
2013,MAY,MASHONALAND CENTRAL,MVURWI,COMMUNAL,-16.72214,30.75946,ALL,ALL,1608,3,0
2013,JAN,MATABELELAND SOUTH,INSIZA,RESETTLEMENT,-20.6964,29.6964,ALL,ADULT,,1,0
2013,JUN,MATABELELAND SOUTH,GWANDA,COMMUNAL,-21.5675,29.109,MALE,ADULT,9,7,0
2013,FEB,MATABELELAND SOUTH,BEITBRIDGE,COMMUNAL,-22.0831,30.3394,ALL,ALL,144,4,1
2013,APR,MASHONALAND CENTRAL,MVURWI,RESETTLEMENT,-17.14882,30.91752,MALE,ADULT,94,1,0
2013,APR,MASHONALAND CENTRAL,MVURWI,RESETTLEMENT,-17.14882,30.91752,ALL,ALL,94,8,0
2013,APR,MASHONALAND CENTRAL,MVURWI,COMMUNAL,-17.14882,30.91752,ALL,ALL,104,14,0
2013,FEB,MATABELELAND SOUTH,INSIZA,RESETTLEMENT,-20.265,29.6869,ALL,ALL,,4,0
2013,MAY,MIDLANDS,GWERU,COMMERCIAL,-19.83898,29.53688,FEMALE,ADULT,34,2,0
2013,MAY,MANICALAND,MAKONI,RESETTLEMENT,#REF!,#REF!,ALL,ALL,0,2,0
2013,APR,MIDLANDS,KWEKWE,COMMUNAL,#REF!,#REF!,MALE,ADULT,10,1,0
2013,FEB,MIDLANDS,KWEKWE,RESETTLEMENT,-18.52865321,30.73509242,MALE,ADULT,18,1,0
2013,JAN,MIDLANDS,KWEKWE,RESETTLEMENT,#REF!,#REF!,MALE,ADULT,36,1,0
2013,FEB,MATABELELAND SOUTH,INSIZA,RESETTLEMENT,-20.1606,29.3636,ALL,ADULT,,4,0
2013,FEB,MATABELELAND SOUTH,GWANDA,RESETTLEMENT,-21.1178,29.3811,ALL,ALL,104,53,2
2013,FEB,MATABELELAND SOUTH,GWANDA,RESETTLEMENT,-21.5371,29.7158,ALL,ALL,68,3,0
2013,FEB,MASVINGO,MASVINGO,COMMUNAL,-19.1368,30.99018,ALL,ADULT,922,4,0
2013,MAR,MASHONALAND WEST,HURUNGWE,COMMUNAL,-16.616,29.8005,ALL,ADULT,,5,1
2013,FEB,MASHONALAND WEST,HURUNGWE,COMMUNAL,-16.616,29.8005,MALE,JUVENILE,,1,
2013,FEB,MASHONALAND WEST,HURUNGWE,COMMUNAL,-16.616,29.8005,MALE,ADULT,,1,
2013,MAY,MATABELELAND SOUTH,INSIZA,RESETTLEMENT,-20.2692,29.5442,ALL,ADULT,120,6,0
2013,FEB,MASHONALAND WEST,CHEGUTU,RESETTLEMENT,S17.4393,30.31047,ALL,ALL,,4,1
2013,FEB,MASHONALAND WEST,MHONDORO/ NGEZI,COMMUNAL,-18.5216,29.79402,ALL,ALL,,,
2013,MAR,MASHONALAND WEST,MHONDORO/ NGEZI,COMMUNAL,-18.5216,29.79402,ALL,ALL,,,
2013,MAR,MASHONALAND WEST,MHONDORO/ NGEZI,COMMUNAL,18.5216,29.79402,MALE,ADULT,,1,0
2013,MAR,MASHONALAND WEST,MHONDORO/ NGEZI,COMMUNAL,-18.5216,29.79402,MALE,ADULT,,1,0
2013,JAN,MATABELELAND SOUTH,GWANDA,RESETTLEMENT,-21.5371,29.7158,ALL,ALL,68,3,0
2013,FEB,MASHONALAND WEST,MHONDORO/ NGEZI,COMMUNAL,-18.5216,29.79402,MALE,ALL,,4,0
2013,MAR,MASHONALAND WEST,MHONDORO/ NGEZI,COMMUNAL,-18.5216,29.79402,MALE,ALL,,4,0
2013,MAY,MASHONALAND EAST,UMP,COMMUNAL,-17.46367052,31.92930784,FEMALE,ADULT,11,2,0
2013,APR,MASHONALAND CENTRAL,CENTENARY,COMMUNAL,-16.68047,31.20596,ALL,ADULT,201,2,0
2013,APR,MIDLANDS,CHIRUMANZU,COMMUNAL,-18.9653,30.66643,MALE,ADULT,757,2,0
2013,MAY,MIDLANDS,CHIRUMANZU,COMMUNAL,-18.9998,30.68113,ALL,ALL,253,3,0
2013,FEB,MIDLANDS,GOKWE NORTH,COMMUNAL,-17.57936,29.27204,MALE,JUVENILE,457,2,0
2013,MAY,MASHONALAND CENTRAL,MAZOWE,COMMUNAL,-17.13235,31.0449,ALL,ALL,1688,7,0
2013,APR,MASHONALAND CENTRAL,MAZOWE,COMMUNAL,-17.13235,31.0449,MALE,ADULT,1712,7,1
2013,APR,MASVINGO,BIKITA,COMMUNAL,-20.06286498,31.4500072,MALE,ADULT,,1,0
2013,MAY,MIDLANDS,GWERU,COMMUNAL,-19.62783,29.44409,FEMALE,ADULT,793,1,0
2013,MAY,MIDLANDS,GWERU,COMMUNAL,-19.62783,29.44409,FEMALE,ADULT,793,1,0
2013,MAY,MIDLANDS,GWERU,COMMUNAL,-19.62783,29.44409,FEMALE,ADULT,793,1,1
2013,FEB,MASHONALAND CENTRAL,MVURWI,COMMUNAL,-17.849907,30.89602,MALE,ADULT,1796,3,0
2013,FEB,MASHONALAND CENTRAL,MVURWI,COMMUNAL,-17.849907,30.89602,MALE,ADULT,1796,1,0
2013,MAY,MANICALAND,MAKONI,RESETTLEMENT,#REF!,#REF!,ALL,ADULT,0,2,0
2013,FEB,MASHONALAND WEST,CHEGUTU,COMMUNAL,S18.5994,30.61391,FEMALE,JUVENILE,,1,0
2013,MAY,MASHONALAND CENTRAL,CENTENARY,COMMUNAL,-16.52646,31.12418,FEMALE,ADULT,943,1,0
2013,APR,MASHONALAND CENTRAL,MVURWI,COMMUNAL,-17.20779,30.71409,ALL,ALL,629,2,0
2013,FEB,MASHONALAND CENTRAL,GURUVE,COMMUNAL,-17.08227,30.60902,FEMALE,ADULT,2395,1,0
2013,FEB,MASHONALAND CENTRAL,GURUVE,COMMUNAL,-17.08227,30.60902,ALL,ADULT,2395,3,0
2013,FEB,MASHONALAND CENTRAL,GURUVE,COMMUNAL,-17.08227,30.60902,MALE,ADULT,2395,1,0
2013,FEB,MASHONALAND CENTRAL,GURUVE,COMMUNAL,-17.08227,30.60902,FEMALE,ADULT,2395,1,0
2013,FEB,MASHONALAND CENTRAL,GURUVE,COMMUNAL,-17.08227,30.60902,FEMALE,ADULT,2395,1,0
2013,FEB,MASHONALAND CENTRAL,GURUVE,COMMUNAL,-17.08227,30.60902,MALE,ADULT,2395,1,0
2013,FEB,MASHONALAND WEST,CHEGUTU,COMMUNAL,S18.5974,30.45858,ALL,ALL,,56,0
2013,APR,MASHONALAND WEST,CHEGUTU,COMMUNAL,S18.5975,31.45858,ALL,ALL,820,6,0
2013,APR,MIDLANDS,CHIRUMANZU,COMMUNAL,-18.9653,30.53436,FEMALE,ADULT,1148,1,0
2013,MAY,MIDLANDS,CHIRUMANZU,COMMUNAL,-18.9653,30.53436,ALL,ADULT,1151,2,0
2013,MAR,MASHONALAND EAST,CHIVHU,COMMUNAL,-19.5137,31.7002,MALE,ADULT,8,3,0
2013,APR,MIDLANDS,GOKWE SOUTH,COMMUNAL,-17.81861,28.63129,ALL,ADULT,4045,2,0
2013,MAY,MASHONALAND EAST,CHIKOMBA,COMMUNAL,-18.3843,31.1801,MALE,ADULT,33,2,0
2013,JAN,MIDLANDS,MBERENGWA,COMMUNAL,-20.91148,29.98608,ALL,ALL,1854,8,0
2013,JUN,MATABELELAND SOUTH,MATOBO,COMMUNAL,-21.9336,29.2842,MALE,ADULT,435,1,1
2013,FEB,MATABELELAND SOUTH,GWANDA,COMMUNAL,-21.5614,29.1956,ALL,ALL,1715,6,0
2013,MAY,MASHONALAND CENTRAL,GURUVE,COMMUNAL,-16.72906,30.68619,FEMALE,ADULT,1958,2,0
2013,JAN,MIDLANDS,KWEKWE,COMMUNAL,-18.56822,29.40724,ALL,ALL,2387,3,0
2013,APR,MATEBELELAND NORTH,LUPANE,COMMUNAL,-18.78499976,27.69078486,FEMALE,ADULT,1162,1,1
2013,FEB,MATABELELAND SOUTH,BEITBRIDGE,COMMUNAL,-22.06335,3014871,FEMALE,JUVENILE,9,1,0
2013,FEB,MATABELELAND SOUTH,GWANDA,COMMUNAL,-20.9489,29.2553,ALL,ADULT,2396,5,0
2013,FEB,MATABELELAND SOUTH,GWANDA,COMMUNAL,-20.9489,29.2461,FEMALE,ADULT,2394,3,0
2013,MAY,MATABELELAND SOUTH,INSIZA,COMMUNAL,-20.067,29.9617,MALE,JUVENILE,12,1,0
2013,APR,MASHONALAND WEST,ZVIMBA,COMMUNAL,-31.101,23.17648,MALE,JUVENILE,10,1,0
2013,FEB,MATEBELELAND NORTH,UMGUZA,RESETTLEMENT,-20.25052724,28.76824322,ALL,ALL,,3,0
2013,MAY,MASHONALAND EAST,MUREWA,COMMUNAL,-17.41579,31.35816,ALL,ALL,71,4,0
2013,APR,MASHONALAND EAST,MUDZI,COMMUNAL,-16.2995877,32.43371,ALL,ADULT,44,6,0
2013,MAY,MASHONALAND EAST,MUDZI,COMMUNAL,-16.2995877,32.43371,ALL,ADULT,38,3,0
2013,MAY,MASHONALAND CENTRAL,GURUVE,COMMUNAL,-16.70317,30.72453,MALE,ADULT,2050,1,0
2013,APR,MASHONALAND CENTRAL,MAZOWE,COMMUNAL,-17.03647,31.15196,MALE,ADULT,2670,1,0
2013,APR,MASHONALAND CENTRAL,MAZOWE,COMMUNAL,-17.03647,31.15196,ALL,ADULT,2670,6,0
2013,APR,MASHONALAND CENTRAL,MAZOWE,COMMUNAL,-17.03647,31.15196,ALL,ADULT,2670,5,0
2013,APR,MASHONALAND CENTRAL,MAZOWE,COMMUNAL,-17.03647,31.15196,ALL,ADULT,2670,4,1
2013,APR,MASHONALAND CENTRAL,MAZOWE,COMMUNAL,-17.03647,31.15196,FEMALE,ADULT,2670,1,0
2013,APR,MASHONALAND CENTRAL,MAZOWE,COMMUNAL,-17.03647,31.15196,FEMALE,ADULT,2670,1,0
2013,APR,MASHONALAND CENTRAL,MAZOWE,COMMUNAL,-17.03647,31.15196,ALL,ADULT,2670,3,0
2013,FEB,MIDLANDS,GOKWE NORTH,COMMUNAL,-17.52508,29.18353,MALE,ADULT,2226,1,0
2013,APR,MATEBELELAND NORTH,BINGA,COMMUNAL,-17.38250887,28.03552486,FEMALE,ADULT,3062,3,0
2013,FEB,MATEBELELAND NORTH,BINGA,COMMUNAL,-18.04488088,27.28063494,ALL,ALL,,5,0
2013,JAN,MATEBELELAND NORTH,BINGA,COMMUNAL,-17.64652233,27.5703586,ALL,ADULT,,11,0
2013,FEB,MATEBELELAND NORTH,BINGA,COMMUNAL,-17.64652233,27.5703586,ALL,ALL,,14,0
2013,APR,MATEBELELAND NORTH,BINGA,COMMUNAL,-17.99974408,27.2361583,MALE,ADULT,1214,1,0
2013,APR,MATEBELELAND NORTH,BINGA,COMMUNAL,-17.99974408,27.2361583,MALE,ADULT,1214,1,0
2013,MAR,MATABELELAND SOUTH,MATOBO,COMMUNAL,-21.0964,28.6519,MALE,ADULT,14,2,0
2013,JAN,MIDLANDS,GOKWE NORTH,COMMUNAL,-17.46644,29.12569,FEMALE,ADULT,1002,1,0
2013,JUN,MATABELELAND SOUTH,MATOBO,COMMUNAL,-20.7625,28.6283,MALE,ADULT,17,1,0
2013,JAN,MASVINGO,MASVINGO,COMMUNAL,-20.38015291,30.72462382,MALE,ADULT,745,1,0
2013,APR,MIDLANDS,MBERENGWA,COMMUNAL,-20.69278,29.1123,MALE,ADULT,2557,14,0
2013,APR,MIDLANDS,GOKWE NORTH,COMMUNAL,-17.33922,28.64592,ALL,ADULT,1559,5,0
2013,FEB,MASHONALAND WEST,CHEGUTU,COMMUNAL,#REF!,#REF!,ALL,ADULT,,5,0
2013,FEB,MASHONALAND WEST,MHONDORO/ NGEZI,COMMUNAL,-18.5678,29.72189,ALL,ALL,,4,0
2013,FEB,MASHONALAND WEST,MHONDORO/ NGEZI,COMMUNAL,-13.5678,29.72139,ALL,ALL,,4,1
2013,MAR,MASHONALAND WEST,MHONDORO/ NGEZI,COMMUNAL,-13.5678,29.72139,ALL,ALL,,4,1
2013,MAR,MASHONALAND WEST,MHONDORO/ NGEZI,COMMUNAL,-18.5678,29.72189,ALL,ALL,,4,0
2013,FEB,MASHONALAND WEST,MHONDORO/ NGEZI,COMMUNAL,-18.7584,30.34529,MALE,ADULT,,1,0
2013,MAR,MASHONALAND WEST,MHONDORO/ NGEZI,COMMUNAL,-18.7584,30.34529,MALE,ADULT,,1,0
2013,MAY,MATABELELAND SOUTH,GWANDA,COMMUNAL,-21.7503,28.8728,ALL,ALL,27,4,0
2013,MAY,MATABELELAND SOUTH,GWANDA,COMMUNAL,-21.7503,28.8728,MALE,JUVENILE,10,1,0
2013,FEB,MATEBELELAND NORTH,BINGA,COMMUNAL,-16.72890774,28.49220183,ALL,ALL,,19,0
2013,APR,MIDLANDS,GWERU,COMMUNAL,-19.36666,29.41688,ALL,ALL,,4,0
2013,FEB,MATABELELAND SOUTH,BEITBRIDGE,COMMUNAL,-21.6047,29.5683,MALE,ADULT,61,1,0
2013,APR,MASHONALAND CENTRAL,GURUVE,COMMUNAL,-16.64028,30.82779,MALE,ADULT,1058,1,0
2013,APR,MASHONALAND CENTRAL,GURUVE,COMMUNAL,-16.64028,30.82779,MALE,ADULT,1058,1,0
2013,MAY,MASHONALAND CENTRAL,GURUVE,COMMUNAL,-16.64028,30.82779,FEMALE,ADULT,1057,1,0
2013,APR,MIDLANDS,GWERU,COMMERCIAL,-19.39061138,29.64874947,MALE,ADULT,96,1,0
2013,FEB,MASHONALAND WEST,ZVIMBA,COMMUNAL,-17.55158348,30.61201277,MALE,ADULT,,1,0
2013,APR,MIDLANDS,GWERU,COMMUNAL,-19.27207,29.30725,ALL,ALL,798,7,0
2013,FEB,MASHONALAND WEST,MHONDORO/ NGEZI,COMMUNAL,-18.2076,30.38282,ALL,ALL,,1,0
2013,FEB,MASHONALAND WEST,MHONDORO/ NGEZI,COMMUNAL,-18.2076,30.35282,ALL,ALL,,3,1
2013,MAR,MASHONALAND WEST,MHONDORO/ NGEZI,COMMUNAL,-18.2076,30.35282,ALL,ALL,,3,1
2013,MAR,MASHONALAND WEST,MHONDORO/ NGEZI,COMMUNAL,-18.2076,30.38282,ALL,ALL,,1,0
2013,JAN,MIDLANDS,KWEKWE,COMMUNAL,-18.81264,29.15889,MALE,ADULT,551,1,0
2013,APR,MIDLANDS,CHIRUMANZU,COMMUNAL,-19.4392,30.30336,ALL,ADULT,1486,2,0
2013,APR,MASVINGO,MASVINGO,COMMUNAL,-20.75376806,30.99171941,ALL,ALL,1102,1,0
2013,MAR,MASHONALAND EAST,CHIKOMBA,COMMUNAL,-19.0113,31.0223,ALL,ADULT,4,1,0
2013,MAY,MATEBELELAND NORTH,HWANGE,COMMUNAL,-18.35888889,26.63638889,MALE,ADULT,2211,1,0
2013,APR,MASHONALAND WEST,ZVIMBA,RESETTLEMENT,-17.5767,30.44973,MALE,ADULT,702,2,0
2013,FEB,MIDLANDS,KWEKWE,RESETTLEMENT,#REF!,#REF!,FEMALE,ADULT,26,1,0
2013,FEB,MATABELELAND SOUTH,GWANDA,COMMUNAL,-21.4856,29.5042,FEMALE,ADULT,1007,1,0
2013,FEB,MATABELELAND SOUTH,GWANDA,COMMUNAL,-21.4856,29.5042,FEMALE,JUVENILE,1008,1,0
2013,FEB,MATABELELAND SOUTH,GWANDA,COMMUNAL,-21.4856,29.5042,FEMALE,ADULT,1009,1,0
2013,FEB,MATABELELAND SOUTH,GWANDA,COMMUNAL,-21.2089,29.0742,MALE,ADULT,1453,1,1
2013,FEB,MATABELELAND SOUTH,GWANDA,COMMUNAL,-21.3964,29.2975,FEMALE,JUVENILE,33,2,0
2013,MAY,MASHONALAND CENTRAL,SHAMVA,COMMUNAL,-17.02422,31.61968,ALL,ALL,1534,4,0
2013,MAY,MASHONALAND CENTRAL,SHAMVA,COMMUNAL,-17.02422,31.61968,ALL,ALL,1534,5,0
2013,MAY,MASHONALAND CENTRAL,SHAMVA,COMMUNAL,-17.02422,31.61968,ALL,ALL,1534,4,0
2013,MAY,MASHONALAND CENTRAL,SHAMVA,COMMUNAL,-17.02422,31.61968,MALE,ADULT,1534,1,0
2013,MAY,MASHONALAND CENTRAL,SHAMVA,COMMUNAL,-17.02422,31.61968,ALL,ALL,1534,6,0
2013,FEB,MASHONALAND WEST,SANYATI,COMMUNAL,-17.3341,29.44882,MALE,ADULT,,6,0
2013,MAY,MANICALAND,MAKONI,COMMUNAL,-18.11122,32.13663,ALL,ALL,0,1,0
2013,MAY,MANICALAND,MAKONI,COMMUNAL,-18.11825,32.32744,MALE,ADULT,0,2,0
2013,MAY,MANICALAND,MAKONI,COMMUNAL,-18.11826,32.32745,MALE,ADULT,0,2,0
2013,APR,MANICALAND,MAKONI,COMMUNAL,S1752722,E03219578,FEMALE,ALL,,1,0
2013,FEB,MASHONALAND WEST,SANYATI,COMMUNAL,-17.983,29.55611,MALE,ADULT,,10,0
2013,MAR,MASHONALAND WEST,SANYATI,COMMUNAL,-17.983,29.55611,MALE,ADULT,,10,0
2013,MAY,MANICALAND,MAKONI,COMMUNAL,#REF!,#REF!,MALE,ADULT,0,1,0
2013,MAY,MANICALAND,MAKONI,COMMUNAL,#REF!,#REF!,MALE,ADULT,0,1,0
2013,APR,MANICALAND,MAKONI,COMMUNAL,S1755403,E03217802,MALE,ALL,,0,
2013,MAY,MANICALAND,MAKONI,COMMUNAL,-17.42448,32.22938,MALE,ALL,0,2,0
2013,MAY,MANICALAND,MAKONI,COMMUNAL,-17.42448,32.22938,FEMALE,ALL,0,1,0
2013,APR,MASHONALAND CENTRAL,BINDURA,COMMUNAL,-16.91743,31.37303,ALL,ALL,1065,12,0
2013,JAN,MATABELELAND SOUTH,INSIZA,RESETTLEMENT,-20.041,29.7078,ALL,ALL,,3,0
2013,JAN,MATEBELELAND NORTH,BINGA,COMMUNAL,-18.76810165,27.19173141,FEMALE,ADULT,,1,0
2013,MAY,MATEBELELAND NORTH,BINGA,COMMUNAL,-18.76810165,27.19173141,ALL,ALL,13,6,0
2013,MAY,MATEBELELAND NORTH,BINGA,COMMUNAL,-18.76810165,27.19173141,FEMALE,ADULT,3,1,0
2013,APR,MASVINGO,GUTU,COMMUNAL,#REF!,#REF!,ALL,ALL,791,2,0
2013,JAN,MATABELELAND SOUTH,BEITBRIDGE,COMMUNAL,-22.1111,30.1886,ALL,ADULT,44,0,2
2013,JAN,MATABELELAND SOUTH,BEITBRIDGE,COMMUNAL,-22.1111,30.1886,FEMALE,ADULT,31,1,0
2013,FEB,MATABELELAND SOUTH,BEITBRIDGE,COMMUNAL,-22.1111,30.1886,ALL,ALL,32,4,0
2013,MAY,MATEBELELAND NORTH,BULAWAYO,URBAN,-20.43319698,28.55949819,ALL,ALL,13,13,0
2013,APR,MASHONALAND CENTRAL,CENTENARY,RESETTLEMENT,-16.64239,30.98781,ALL,ADULT,77,4,0
2013,FEB,MANICALAND,NYANGA,COMMUNAL,-18.08135,32.5449,MALE,ADULT,6,1,
2013,APR,MASHONALAND WEST,SANYATI,COMMUNAL,-17.8778,29.29888,ALL,ALL,169,1,0
2013,JAN,MATABELELAND SOUTH,BEITBRIDGE,COMMUNAL,-22.1037,30.3732,ALL,ALL,43,7,0
2013,FEB,MATABELELAND SOUTH,BEITBRIDGE,RESETTLEMENT,-22.22,30.8342,FEMALE,ADULT,52,1,0
2013,FEB,MATABELELAND SOUTH,BEITBRIDGE,RESETTLEMENT,-22.22,30.8342,ALL,ALL,43,3,0
2013,FEB,MATABELELAND SOUTH,BEITBRIDGE,RESETTLEMENT,-22.22,30.8342,MALE,ADULT,31,1,1
2013,FEB,MATABELELAND SOUTH,BEITBRIDGE,RESETTLEMENT,-22.22,30.8342,FEMALE,ADULT,13,1,0
2013,JAN,MATABELELAND SOUTH,BEITBRIDGE,COMMUNAL,-22.2489,30.1861,ALL,ADULT,40,3,1
2013,JAN,MATABELELAND SOUTH,BEITBRIDGE,COMMUNAL,-22.2489,30.1861,FEMALE,ADULT,26,1,0
2013,FEB,MATABELELAND SOUTH,GWANDA,COMMUNAL,-21.6442,29.5042,FEMALE,ADULT,4508,2,0
2013,FEB,MATABELELAND SOUTH,BEITBRIDGE,COMMUNAL,-22.0267,30.2892,ALL,ADULT,19,1,0
2013,FEB,MATABELELAND SOUTH,BEITBRIDGE,COMMUNAL,-22.0267,30.2892,ALL,ALL,14,1,0
2013,FEB,MATABELELAND SOUTH,BEITBRIDGE,COMMUNAL,-22.3081,30.28,ALL,ALL,30,5,0
2013,MAY,MATABELELAND SOUTH,BEITBRIDGE,COMMUNAL,-22.1225,30.6338,FEMALE,ADULT,22,2,0
2013,MAY,MATABELELAND SOUTH,BEITBRIDGE,COMMUNAL,-22.1225,30.6338,MALE,JUVENILE,16,1,0
2013,MAR,MATABELELAND SOUTH,BEITBRIDGE,COMMUNAL,-22.5703,31.4789,ALL,ADULT,18,5,13
2013,MAR,MATABELELAND SOUTH,MATOBO,COMMUNAL,-28.4486,21.1558,MALE,JUVENILE,6,1,0
2013,JUN,MATABELELAND SOUTH,MATOBO,COMMUNAL,-21.1558,28.4486,FEMALE,ADULT,24,1,0
2013,JUN,MATABELELAND SOUTH,MATOBO,COMMUNAL,-21.1558,28.4486,MALE,ADULT,49,2,0
2013,FEB,MASHONALAND WEST,MHONDORO/ NGEZI,COMMUNAL,-18.7933,30.26127,MALE,ADULT,,2,0
2013,FEB,MASHONALAND WEST,MHONDORO/ NGEZI,COMMUNAL,-18.7933,30.26127,MALE,ADULT,,1,0
2013,FEB,MASVINGO,MWENEZI,COMMUNAL,-21.7729,30.87056,ALL,ALL,200,14,1
2013,FEB,MASVINGO,MWENEZI,COMMUNAL,-21.7729,30.87056,ALL,ALL,1135,7,1
2013,MAR,MASHONALAND WEST,MHONDORO/ NGEZI,COMMUNAL,-18.7933,30.26127,MALE,ADULT,,2,0
2013,MAR,MASHONALAND WEST,MHONDORO/ NGEZI,COMMUNAL,-18.7933,30.26127,MALE,ADULT,,1,0
2013,MAR,MASHONALAND WEST,SANYATI,COMMUNAL,-18.4323,30.27555,ALL,ALL,,3,0
2013,MAR,MASHONALAND WEST,MHONDORO/ NGEZI,COMMUNAL,-18.4323,30.27555,ALL,ADULT,,4,0
2013,MAR,MASHONALAND WEST,MHONDORO/ NGEZI,COMMUNAL,-18.4323,30.27555,ALL,ADULT,,4,0
2013,MAR,MASHONALAND WEST,MHONDORO/ NGEZI,COMMUNAL,-18.4323,30.27555,ALL,ADULT,,4,0
2013,MAR,MASHONALAND WEST,MHONDORO/ NGEZI,COMMUNAL,-18.7983,30.26127,ALL,ADULT,,2,0
2013,MAR,MASHONALAND WEST,MHONDORO/ NGEZI,COMMUNAL,-18.7983,30.26127,ALL,ADULT,,2,0
2013,MAR,MASHONALAND WEST,MHONDORO/ NGEZI,COMMUNAL,18.7983,30.26127,FEMALE,ADULT,,1,0
2013,MAR,MASHONALAND WEST,MHONDORO/ NGEZI,COMMUNAL,32.7107,23.8367,ALL,ALL,,10,0
2013,APR,MASHONALAND WEST,MHONDORO/ NGEZI,RESETTLEMENT,23.84567,32.2107,ALL,ALL,890,7,0
2013,FEB,MASHONALAND WEST,CHEGUTU,RESETTLEMENT,#REF!,#REF!,ALL,ADULT,,3,0
2013,MAY,MASHONALAND CENTRAL,CENTENARY,RESETTLEMENT,-16.73132,31.17408,ALL,ALL,87,3,0
2013,FEB,MATEBELELAND NORTH,UMGUZA,COMMUNAL,-20.34188037,28.66489004,ALL,ADULT,,3,0
2013,MAY,MIDLANDS,CHIRUMANZU,COMMUNAL,#REF!,#REF!,ALL,ADULT,12,2,0
2013,APR,MANICALAND,MAKONI,COMMUNAL,-18.28138,31.54083,ALL,ALL,,1,7
2013,MAY,MANICALAND,MAKONI,COMMUNAL,-18.28138,31.54083,ALL,ALL,0,0,0
2013,FEB,MASHONALAND CENTRAL,MVURWI,COMMUNAL,-16.96488,30.90447,MALE,ADULT,7,1,0
2013,MAY,MASHONALAND CENTRAL,MBIRE,COMMUNAL,-15.54978,30.97669,MALE,JUVENILE,1175,1,0
2013,JAN,MATABELELAND SOUTH,BEITBRIDGE,COMMUNAL,-21.989,30.5036,ALL,ALL,46,3,0
2013,FEB,MIDLANDS,CHIRUMANZU,COMMUNAL,-19.68878,30.55192,ALL,ADULT,1623,22,4
2013,APR,MASHONALAND CENTRAL,CENTENARY,RESETTLEMENT,-16.160826,31.14804,ALL,ADULT,35,2,5
2013,APR,MASHONALAND CENTRAL,CENTENARY,RESETTLEMENT,-16.160826,31.14804,ALL,ADULT,34,6,0
2013,FEB,MASHONALAND CENTRAL,CENTENARY,COMMUNAL,-16.47221,31.22365,FEMALE,ADULT,1498,1,0
2013,APR,MASHONALAND CENTRAL,CENTENARY,COMMUNAL,-16.50782,31.20698,ALL,ALL,855,8,1
2013,MAY,MASHONALAND CENTRAL,CENTENARY,COMMUNAL,-16.70638,31.03741,ALL,ADULT,637,2,0
2013,FEB,MASHONALAND WEST,SANYATI,COMMUNAL,-17.5601,29.43334,ALL,ALL,,10,0
2013,MAR,MASHONALAND WEST,SANYATI,COMMUNAL,-17.5601,29.43334,ALL,ALL,,10,0
2013,MAR,MASHONALAND WEST,HURUNGWE,COMMUNAL,-17.0985,29.50342,FEMALE,ADULT,,2,4
2013,MAY,MANICALAND,NYANGA,COMMUNAL,-18.15473,32.67459,MALE,ADULT,10,1,0
2013,FEB,MASHONALAND WEST,SANYATI,COMMUNAL,-17.5601,29.43334,ALL,ALL,,10,0
2013,MAR,MASHONALAND WEST,SANYATI,COMMUNAL,-17.5601,29.43334,ALL,ALL,,10,0
2013,FEB,MIDLANDS,KWEKWE,COMMUNAL,-18.98129,29.35424,FEMALE,ADULT,444,1,0
2013,FEB,MIDLANDS,KWEKWE,COMMUNAL,-18.98129,29.35424,FEMALE,ADULT,444,1,0
2013,APR,MASHONALAND WEST,CHEGUTU,RESETTLEMENT,#REF!,#REF!,ALL,ALL,30,6,0
2013,FEB,MASHONALAND CENTRAL,CENTENARY,COMMUNAL,-17.00505,30.03405,FEMALE,ADULT,650,1,0
2013,APR,MASHONALAND CENTRAL,CENTENARY,RESETTLEMENT,-16.70638,31.03741,ALL,ADULT,88,2,0
2013,FEB,MASHONALAND CENTRAL,MAZOWE,COMMUNAL,-17.36176,31.1802,MALE,ADULT,999,1,0
2013,FEB,MASHONALAND CENTRAL,MAZOWE,COMMUNAL,-17.36176,31.1802,MALE,ADULT,999,1,0
2013,FEB,MASHONALAND CENTRAL,MAZOWE,COMMUNAL,-17.36176,31.1802,MALE,ADULT,999,1,0
2013,APR,MASHONALAND CENTRAL,MAZOWE,COMMUNAL,-17.36176,31.1802,ALL,ADULT,1001,4,0
2013,MAY,MANICALAND,MAKONI,RESETTLEMENT,-18.3112,31.62335,ALL,ALL,0,13,1
2013,FEB,MASHONALAND WEST,HURUNGWE,COMMUNAL,-16.584,29.47135,ALL,ALL,,21,
2013,FEB,MASHONALAND WEST,HURUNGWE,COMMUNAL,-16.584,29.47135,ALL,ALL,,21,
2013,MAR,MASHONALAND WEST,HURUNGWE,COMMUNAL,-16.584,29.47135,ALL,ALL,,171,
2013,APR,MANICALAND,BUHERA,COMMUNAL,-19.1744,31.52448,FEMALE,ADULT,1260,1,0
2013,FEB,MASHONALAND WEST,CHEGUTU,COMMERCIAL,S17.623,30.29557,MALE,ADULT,,2,0
2013,FEB,MASHONALAND WEST,CHEGUTU,COMMERCIAL,S17.624,31.29557,ALL,ADULT,,3,0
2013,FEB,MASHONALAND WEST,CHEGUTU,COMMERCIAL,S17.625,32.29557,MALE,ADULT,,1,0
2013,FEB,MASHONALAND WEST,ZVIMBA,COMMUNAL,-17.7234,30.62577,FEMALE,ADULT,,1,0
2013,FEB,MASHONALAND WEST,ZVIMBA,COMMUNAL,-17.7234,30.62577,FEMALE,ADULT,,1,0
2013,APR,MASHONALAND CENTRAL,MVURWI,COMMUNAL,-17.35219,30.69533,ALL,ALL,921,2,0
2013,JUN,MATABELELAND SOUTH,MATOBO,RESETTLEMENT,-21.0397,28.8956,MALE,JUVENILE,102,1,0
2013,MAY,MANICALAND,MUTARE,COMMUNAL,-18.91163,32.40132,ALL,ALL,0,4,0
2013,APR,MIDLANDS,GWERU,COMMUNAL,-19.55034,29.33464,FEMALE,ADULT,835,1,0
2013,APR,MIDLANDS,GWERU,COMMUNAL,-19.55034,29.33464,FEMALE,ADULT,855,1,0
2013,APR,MIDLANDS,GWERU,COMMUNAL,-19.55034,29.33464,MALE,ADULT,646,1,1
2013,MAY,MIDLANDS,GWERU,COMMUNAL,-19.55034,29.33464,FEMALE,ADULT,678,2,0
2013,APR,MASHONALAND CENTRAL,SHAMVA,COMMUNAL,-17.3612,31.46306,FEMALE,ADULT,956,1,0
2013,APR,MASHONALAND CENTRAL,SHAMVA,COMMUNAL,-17.3612,31.46306,FEMALE,ADULT,956,1,0
2013,APR,MASHONALAND CENTRAL,SHAMVA,COMMUNAL,-17.3612,31.46306,MALE,ADULT,956,1,0
2013,APR,MASHONALAND CENTRAL,SHAMVA,COMMUNAL,-17.3612,31.46306,ALL,ADULT,956,2,0
2013,MAY,MASHONALAND CENTRAL,SHAMVA,COMMUNAL,-17.3612,31.46306,MALE,ADULT,894,1,0
2013,FEB,MATEBELELAND NORTH,BULAWAYO,COMMUNAL,-20.43380152,28.49050331,FEMALE,JUVENILE,,1,0
2013,FEB,MASHONALAND CENTRAL,MAZOWE,COMMUNAL,-17.28205,30.94526,MALE,ADULT,61,3,0
2013,FEB,MASHONALAND CENTRAL,MAZOWE,COMMUNAL,-17.28205,30.94526,MALE,ADULT,25,1,0
2013,FEB,MASHONALAND CENTRAL,MAZOWE,COMMUNAL,-17.28205,30.94526,MALE,ADULT,30,1,0
2013,APR,MASHONALAND CENTRAL,MAZOWE,COMMUNAL,-17.28205,30.94526,FEMALE,ADULT,601,1,0
2013,APR,MASHONALAND CENTRAL,MAZOWE,COMMUNAL,-17.28205,30.94526,MALE,ADULT,601,2,0
2013,FEB,MASHONALAND WEST,HURUNGWE,RESETTLEMENT,-16.674,29.49873,ALL,ADULT,,11,
2013,FEB,MASHONALAND WEST,HURUNGWE,RESETTLEMENT,-16.674,29.49873,ALL,ADULT,,11,
2013,APR,MANICALAND,MAKONI,COMMUNAL,-18.16554,32.36603,MALE,ALL,,2,0
2013,JAN,MIDLANDS,CHIRUMANZU,COMMUNAL,-19.24613254,30.35182911,FEMALE,ADULT,701,1,0
2013,MAY,MANICALAND,MAKONI,COMMUNAL,-18.14407,31.5783,ALL,ALL,0,12,1
2013,APR,MIDLANDS,GOKWE SOUTH,COMMUNAL,-18.14869,28.77596,ALL,ALL,2047,3,0
2013,MAR,MASHONALAND EAST,HWEDZA,COMMUNAL,-18.3417,31.36185,ALL,ADULT,20,5,0
2013,MAR,MATABELELAND SOUTH,UMZINGWANE,COMMUNAL,20.255,29.1228,MALE,JUVENILE,,1,0
2013,FEB,MASHONALAND WEST,CHEGUTU,COMMUNAL,S18.5253,30.47004,FEMALE,ADULT,,3,1
2013,FEB,MASHONALAND WEST,MHONDORO/ NGEZI,COMMUNAL,-18.4734,30.65255,MALE,ADULT,,1,1
2013,MAR,MASHONALAND WEST,MHONDORO/ NGEZI,COMMUNAL,-18.4734,30.65255,MALE,ADULT,,1,1
2013,MAR,MASHONALAND WEST,MHONDORO/ NGEZI,COMMUNAL,-18.4734,30.65255,ALL,ADULT,,10,3
2013,APR,MASHONALAND CENTRAL,BINDURA,COMMUNAL,-17.0895,31.27707,FEMALE,JUVENILE,836,1,0
2013,APR,MASHONALAND CENTRAL,BINDURA,COMMUNAL,-17.0895,31.27707,FEMALE,ALL,836,2,0
2013,APR,MASHONALAND CENTRAL,BINDURA,COMMUNAL,-17.0895,31.27707,MALE,ADULT,836,1,0
2013,MAY,MASHONALAND CENTRAL,BINDURA,COMMUNAL,-17.0895,31.33273,MALE,ADULT,851,2,0
2013,MAY,MIDLANDS,CHIRUMANZU,COMMUNAL,-19.4795,30.26588,FEMALE,ADULT,929,2,0
2013,APR,MASHONALAND WEST,ZVIMBA,COMMUNAL,-17.8732,30.33423,FEMALE,ADULT,15,1,0
2013,MAR,MATEBELELAND NORTH,UMGUZA,COMMUNAL,#REF!,#REF!,MALE,ADULT,,1,0
2013,APR,MANICALAND,CHIPINGE,COMMERCIAL,#REF!,#REF!,MALE,ALL,24,2,0
2013,JUL,MIDLANDS,MBERENGWA,COMMUNAL,-20.91148,29.98608,ALL,ALL,2015,5,1
2013,JUL,MIDLANDS,KWEKWE,COMMUNAL,-18.75634,29.8895,MALE,ADULT,1462,1,0
2013,JUL,MIDLANDS,GOKWE NORTH,COMMUNAL,-17.9194,28.92226,MALE,ADULT,1772,12,0
2013,JUL,MIDLANDS,CHIRUMANZU,COMMUNAL,-18.9263,30.6054,ALL,ALL,765,4,1
2013,JUL,MIDLANDS,CHIRUMANZU,COMMUNAL,-19.4392,30.30336,ALL,ADULT,1504,2,0
2013,JUL,MIDLANDS,CHIRUMANZU,COMMUNAL,-19.4765,30.176992,FEMALE,ADULT,797,1,0
2013,JUL,MASHONALAND CENTRAL,BINDURA,COMMUNAL,-17.54103,31.35039,MALE,ADULT,1990,1,0
2013,JUL,MASHONALAND CENTRAL,BINDURA,COMMUNAL,-17.42852,31.22324,FEMALE,ADULT,2114,1,0
2013,JUL,MASHONALAND CENTRAL,CENTENARY,COMMUNAL,-16.35666,31.207,MALE,ADULT,2600,1,0
2013,JUL,MASHONALAND CENTRAL,MT DARWIN,COMMUNAL,-16.23693,31.72454,MALE,ADULT,4158,1,0
2013,JUL,MASHONALAND CENTRAL,RUSHINGA,COMMUNAL,-16.68884,32.11948,ALL,ADULT,2076,2,0
2013,JUL,MASHONALAND CENTRAL,SHAMVA,COMMUNAL,-17.37105,31.51233,FEMALE,JUVENILE,1045,1,0
2013,JUL,MASHONALAND CENTRAL,SHAMVA,COMMUNAL,-17.37105,31.51233,FEMALE,JUVENILE,1045,1,0
2013,JUL,MASHONALAND CENTRAL,SHAMVA,COMMUNAL,-16.93411,31.65747,FEMALE,ADULT,1061,1,0
2013,JUL,MASHONALAND WEST,CHEGUTU,COMMUNAL,S17.9841,30.52694,ALL,ALL,700,2,1
2013,JUL,MASHONALAND WEST,CHEGUTU,COMMUNAL,-17.2142,30.36074,MALE,ADULT,1770,1,0
2013,JUL,MASHONALAND WEST,CHEGUTU,COMMUNAL,#REF!,#REF!,ALL,ALL,1041,5,0
2013,JUL,MASHONALAND WEST,HURUNGWE,COMMUNAL,-16.6633,29.63542,MALE,ADULT,6,2,
2013,JUL,MASHONALAND WEST,HURUNGWE,COMMUNAL,-16.8227,29.13229,MALE,ADULT,568,1,
2013,JUL,MASHONALAND WEST,HURUNGWE,COMMUNAL,-16.6213,29.3734,FEMALE,ADULT,1432,1,
2013,JUL,MASHONALAND WEST,ZVIMBA,COMMERCIAL,-17.97411074,30.45257517,FEMALE,ADULT,121,1,
2013,JUL,MASHONALAND WEST,ZVIMBA,COMMERCIAL,#REF!,#REF!,ALL,ALL,41,2,0
2013,JUL,MASHONALAND WEST,ZVIMBA,COMMUNAL,#REF!,#REF!,ALL,ALL,9,1,0
2013,JUL,MASHONALAND WEST,ZVIMBA,COMMERCIAL,17.5593,30.50837,ALL,ALL,284,5,0
2013,JUL,MASHONALAND WEST,ZVIMBA,COMMUNAL,-16.5835841,30.49313423,ALL,ALL,10,1,0
2013,JUL,MASHONALAND WEST,ZVIMBA,COMMUNAL,#REF!,#REF!,ALL,ALL,21,1,0
2013,JUL,MASHONALAND WEST,ZVIMBA,COMMUNAL,-17.3496,30.35504,ALL,ALL,11,2,0
2013,JUL,MASHONALAND WEST,ZVIMBA,COMMERCIAL,#REF!,#REF!,ALL,ALL,144,12,0
2013,JUL,MANICALAND,MAKONI,COMMUNAL,-18.94154,32.03484,MALE,ADULT,5,1,0
2013,JUL,MANICALAND,MAKONI,RESETTLEMENT,#REF!,#REF!,ALL,ADULT,78,3,0
2013,JUL,MANICALAND,MAKONI,COMMUNAL,-18.85311,31.93705,MALE,ADULT,7,1,0
2013,JUL,MANICALAND,MAKONI,COMMUNAL,-18.02181,32.14932,MALE,ADULT,21,1,0
2013,JUL,MANICALAND,MAKONI,COMMUNAL,-17.86135,32.45409,MALE,ADULT,7,1,0
2013,JUL,MANICALAND,MAKONI,COMMUNAL,-17.86135,32.45409,MALE,ADULT,7,1,0
2013,JUL,MANICALAND,MAKONI,COMMUNAL,-17.86135,32.45409,FEMALE,JUVENILE,7,1,0
2013,JUL,MANICALAND,BUHERA,COMMUNAL,-19.17175,31.32186,MALE,ADULT,1476,1,0
2013,JUL,MANICALAND,BUHERA,COMMUNAL,-19.14328,31.58352,MALE,JUVENILE,1204,2,0
2013,JUL,MANICALAND,CHIMANIMANI,COMMUNAL,-17.60042,32.50854,ALL,ADULT,4,2,0
2013,JUL,MANICALAND,CHIMANIMANI,COMMUNAL,-17.60041,32.50862,ALL,ADULT,8,2,0
2013,JUL,MANICALAND,CHIMANIMANI,COMMUNAL,-17.91513,32.38055,FEMALE,ADULT,2,1,0
2013,JUL,MANICALAND,MUTARE,COMMUNAL,-19.37115,32.16369,MALE,ADULT,17,1,0
2013,JUL,MANICALAND,MUTARE,COMMUNAL,-19.31901,32.32795,FEMALE,ADULT,509,1,0
2013,JUL,MANICALAND,MUTARE,COMMUNAL,-18.97973,32.42541,FEMALE,ADULT,8,1,0
2013,JUL,MANICALAND,NYANGA,COMMUNAL,-18.12972,32.88903,MALE,ADULT,5,1,0
2013,JUN,MASHONALAND EAST,MUREWA,COMMUNAL,-17.26926,31.3140926,ALL,ADULT,13,13,1
2013,JUN,MASHONALAND EAST,MARONDERA,COMMUNAL,-18.49268715,31.71660973,MALE,ADULT,16,7,1
2013,JUN,MASHONALAND EAST,MUDZI,COMMUNAL,-16.33570605,32.4177035,FEMALE,ADULT,15,1,0
2013,JUN,MASHONALAND EAST,MARONDERA,COMMUNAL,-18.12338,31.05222,ALL,JUVENILE,0,0,0
2013,JUN,MASHONALAND EAST,MUDZI,COMMUNAL,-16.56244241,32.81068456,FEMALE,ADULT,12,2,0
2013,JUN,MASHONALAND EAST,MUDZI,COMMUNAL,-17.05940907,32.62695221,MALE,ADULT,6,2,0
2013,JUN,MASHONALAND EAST,MUTOKO,COMMUNAL,-17.18227,32.05595,ALL,JUVENILE,5,3,0
2013,JUL,MASHONALAND EAST,MUTOKO,COMMUNAL,-17.3839,32.23078,MALE,ADULT,20,1,0
2013,JUN,MASHONALAND EAST,MUTOKO,COMMUNAL,-17.32948,32.2583,ALL,ALL,8,2,0
2013,JUL,MASHONALAND EAST,MARONDERA,COMMUNAL,-18.13474,31.0864,MALE,ADULT,24,1,0
2013,JUN,MATABELELAND SOUTH,BEITBRIDGE,COMMUNAL,-22.315,29.46,ALL,ALL,50,2,0
2013,JUL,MATABELELAND SOUTH,BEITBRIDGE,RESETTLEMENT,-21.8375,29.8242,ALL,ADULT,47,3,3
2013,JUL,MATABELELAND SOUTH,BEITBRIDGE,COMMUNAL,-23.3747,30.9964,ALL,ADULT,33,3,0
2013,JUL,MATABELELAND SOUTH,BEITBRIDGE,COMMUNAL,-22.0333,29.8756,ALL,ADULT,187,3,0
2013,JUL,MATABELELAND SOUTH,BEITBRIDGE,COMMUNAL,-22.0747,29.81,FEMALE,ADULT,47,10,1
2013,JUN,MATABELELAND SOUTH,GWANDA,COMMUNAL,-21.5614,29.1956,FEMALE,ADULT,16,3,1
2013,JUN,MATABELELAND SOUTH,GWANDA,COMMUNAL,-21.5614,29.1956,ALL,ALL,224,4,0
2013,JUN,MATABELELAND SOUTH,GWANDA,COMMUNAL,-21.7186,29.2658,FEMALE,JUVENILE,51,2,0
2013,JUN,MATABELELAND SOUTH,GWANDA,COMMUNAL,-21.3269,29.0492,FEMALE,ADULT,4,1,0
2013,JUN,MATABELELAND SOUTH,GWANDA,COMMUNAL,-21.3269,29.0449,MALE,ADULT,17,1,0
2013,JUN,MATABELELAND SOUTH,GWANDA,COMMUNAL,-21.5675,29.109,MALE,ADULT,9,7,0
2013,JUN,MATABELELAND SOUTH,GWANDA,COMMUNAL,-21.5878,29.0025,FEMALE,ADULT,1,0,0
2013,JUN,MATABELELAND SOUTH,GWANDA,COMMUNAL,-21.8742,29.115,ALL,ALL,668,11,4
2013,JUN,MATABELELAND SOUTH,GWANDA,COMMUNAL,-20.4392,29.1336,MALE,ADULT,28,1,0
2013,JUN,MATABELELAND SOUTH,GWANDA,COMMUNAL,-21.8728,29.0897,FEMALE,ADULT,11,1,0
2013,JUL,MATEBELELAND NORTH,UMGUZA,COMMUNAL,-19.53244464,28.20283131,ALL,ALL,497,4,0
2013,AUG,MANICALAND,MAKONI,COMMUNAL,-18.56986,32.0064,MALE,ALL,10,2,0
2013,AUG,MANICALAND,MAKONI,COMMUNAL,-18.27591,32.06009,ALL,ADULT,18,2,0
2013,AUG,MANICALAND,CHIMANIMANI,COMMUNAL,-17.84077,32.40072,MALE,ADULT,7,1,0
2013,AUG,MANICALAND,CHIMANIMANI,COMMUNAL,-17.51665,32.55208,FEMALE,ADULT,14,2,0
2013,AUG,MANICALAND,CHIMANIMANI,COMMUNAL,-17.60042,32.50854,ALL,ALL,26,2,0
2013,AUG,MANICALAND,CHIPINGE,COMMUNAL,-20.35254,32.40857,FEMALE,ADULT,16,1,0
2013,AUG,MANICALAND,MUTARE,COMMUNAL,-19.37115,32.16369,MALE,ADULT,17,1,0
2013,AUG,MANICALAND,MUTARE,COMMUNAL,-19.37788,32.53742,ALL,ADULT,48,1,0
2013,AUG,MANICALAND,MUTARE,COMMUNAL,-19.31901,32.32795,FEMALE,ADULT,11,3,0
2013,AUG,MIDLANDS,GOKWE NORTH,COMMUNAL,-17.27447,28.18837,MALE,ADULT,709,2,0
2013,AUG,MIDLANDS,GOKWE NORTH,COMMUNAL,-17.749,29.10595,MALE,ADULT,718,1,0
2013,AUG,MIDLANDS,GOKWE SOUTH,COMMUNAL,-18.03221,28.60124,ALL,ADULT,934,2,0
2013,AUG,MIDLANDS,GOKWE SOUTH,COMMUNAL,-17.73441,28.57047,ALL,ADULT,2703,2,0
2013,AUG,MIDLANDS,GOKWE SOUTH,COMMUNAL,-17.81861,28.63129,FEMALE,ALL,4213,2,0
2013,AUG,MIDLANDS,GWERU,COMMUNAL,-19.14121,30.07262,ALL,ALL,903,4,0
2013,AUG,MIDLANDS,KWEKWE,COMMUNAL,-18.35282,29.44646,FEMALE,ADULT,2582,1,0
2013,AUG,MIDLANDS,KWEKWE,COMMUNAL,-19.10046,29.9228,FEMALE,ADULT,1038,4,0
2013,AUG,MIDLANDS,MBERENGWA,COMMUNAL,-18.36057928,32.42261776,ALL,ALL,1789,6,0
2013,AUG,MIDLANDS,ZVISHAVANE,COMMUNAL,-20.49416,30.26441,ALL,ALL,1796,5,0
2013,AUG,MASHONALAND CENTRAL,MT DARWIN,COMMUNAL,-16.46622,31.74826,MALE,ADULT,3290,1,0
2013,AUG,MASHONALAND CENTRAL,CENTENARY,COMMUNAL,-16.13242,31.15992,MALE,ADULT,3854,1,0
2013,AUG,MASHONALAND CENTRAL,CENTENARY,COMMUNAL,-16.35176,30.96064,ALL,ALL,2426,1,0
2013,AUG,MASHONALAND CENTRAL,MBIRE,COMMUNAL,-16.63363,30.88976,FEMALE,ADULT,2474,1,0
2013,AUG,MASHONALAND CENTRAL,BINDURA,COMMUNAL,-17.18753,31.32589,FEMALE,ADULT,913,2,0
2013,AUG,MASHONALAND WEST,CHEGUTU,COMMUNAL,S18.5974,30.45858,ALL,ADULT,807,5,0
2013,AUG,MASHONALAND WEST,HURUNGWE,COMMUNAL,-18.16903053,31.99971712,FEMALE,ADULT,1263,3,
2013,AUG,MASHONALAND WEST,HURUNGWE,COMMUNAL,-17.0568,29.92343,FEMALE,ADULT,1074,1,1
2013,AUG,MASHONALAND WEST,ZVIMBA,RESETTLEMENT,#REF!,#REF!,FEMALE,ADULT,651,1,0
2013,AUG,MASHONALAND WEST,ZVIMBA,COMMUNAL,#REF!,#REF!,ALL,ALL,13,2,0
2013,AUG,MASHONALAND WEST,ZVIMBA,COMMUNAL,-17.2058,30.40979,ALL,ALL,580,3,0
2013,AUG,MASVINGO,CHIREDZI,COMMUNAL,-22.49272054,31.43306605,MALE,JUVENILE,1488,1,
2013,AUG,MASVINGO,CHIREDZI,COMMUNAL,-22.49272054,31.43306605,MALE,JUVENILE,1488,1,
2013,AUG,MASVINGO,CHIREDZI,COMMUNAL,-21.71527793,31.36723192,ALL,ALL,885,4,1
2013,AUG,MASVINGO,CHIREDZI,COMMUNAL,-22.49272054,31.43306605,ALL,ALL,1488,4,
2013,AUG,MASVINGO,ZAKA,COMMUNAL,2064177,3132095,ALL,ALL,1231,20,
2013,AUG,MASVINGO,ZAKA,COMMUNAL,-21.24768834,30.76551,ALL,ALL,1630,26,
2013,AUG,MASVINGO,ZAKA,COMMUNAL,2027759,3152975,MALE,ADULT,1,1,
2013,JUN,MASHONALAND WEST,HURUNGWE,COMMUNAL,-16.1633,29.63542,MALE,ADULT,9,1,
2013,JUN,MASHONALAND WEST,ZVIMBA,RESETTLEMENT,#REF!,#REF!,MALE,ADULT,,1,0
2013,JUN,MASHONALAND WEST,CHEGUTU,COMMUNAL,S18.3089,E030.499,MALE,ADULT,564,1,0
2013,JUN,MASHONALAND WEST,ZVIMBA,COMMUNAL,-17.2058,30.40979,ALL,ALL,,1,
2013,JUN,MASHONALAND WEST,ZVIMBA,RESETTLEMENT,#REF!,#REF!,ALL,ADULT,0,2,0
2013,JUN,MASHONALAND WEST,ZVIMBA,RESETTLEMENT,#REF!,#REF!,ALL,ADULT,,3,0
2013,JUN,MASHONALAND WEST,SANYATI,COMMUNAL,-17.4888,29.36369,FEMALE,ADULT,597,2,0
2013,JUN,MASHONALAND CENTRAL,BINDURA,COMMUNAL,-17.18753,31.32589,ALL,ALL,987,3,0
2013,JUN,MASHONALAND CENTRAL,BINDURA,COMMUNAL,-16.88784,31.26456,FEMALE,ADULT,682,1,0
2013,JUN,MASHONALAND CENTRAL,BINDURA,COMMUNAL,-17.01137,31.33273,FEMALE,ADULT,1175,2,0
2013,JUN,MASHONALAND CENTRAL,BINDURA,COMMUNAL,-17.01137,31.33273,FEMALE,ADULT,1175,1,0
2013,JUN,MASHONALAND CENTRAL,CENTENARY,COMMUNAL,-16.17341,31.03579,ALL,ALL,2094,7,0
2013,JUN,MASHONALAND CENTRAL,CENTENARY,COMMUNAL,-16.63655,31.25524,MALE,ADULT,2718,1,0
2013,JUN,MASHONALAND CENTRAL,CENTENARY,RESETTLEMENT,-16.68047,31.2059,ALL,ADULT,170,1,0
2013,JUN,MASHONALAND CENTRAL,MAZOWE,COMMUNAL,-16.99035,31.12767,MALE,ADULT,1444,1,0
2013,JUN,MASHONALAND CENTRAL,MAZOWE,COMMUNAL,-17.03647,31.15196,MALE,ADULT,2676,1,0
2013,JUN,MASHONALAND CENTRAL,MT DARWIN,COMMUNAL,-16.74014,31.41772,ALL,ALL,455,5,0
2013,JUN,MASHONALAND CENTRAL,MT DARWIN,COMMUNAL,-16.70107,31.50842,MALE,ADULT,1029,1,0
2013,JUN,MASHONALAND CENTRAL,MVURWI,COMMUNAL,-16.77214,31.75941,ALL,ALL,1613,2,0
2013,JUN,MASHONALAND CENTRAL,MVURWI,COMMUNAL,-16.77214,31.75941,ALL,ALL,1613,3,0
2013,JUN,MASHONALAND CENTRAL,MVURWI,RESETTLEMENT,-17.09315,30.88238,MALE,ADULT,105,1,0
2013,JUN,MASHONALAND CENTRAL,MVURWI,RESETTLEMENT,-17.28934,30.65044,ALL,ALL,242,4,0
2013,JUN,MASHONALAND CENTRAL,MVURWI,COMMUNAL,-16.90968,30.71144,FEMALE,ADULT,1455,1,0
2013,JUN,MASHONALAND CENTRAL,MVURWI,COMMUNAL,-17.08596,30.99182,MALE,ADULT,1080,1,0
2013,JUN,MASHONALAND CENTRAL,RUSHINGA,COMMUNAL,-16.59316,31.97127,MALE,ADULT,1876,1,0
2013,JUN,MASHONALAND CENTRAL,SHAMVA,COMMUNAL,-16.9285,31.71672,FEMALE,ADULT,1437,1,0
2013,JUN,MASHONALAND CENTRAL,SHAMVA,COMMUNAL,-17.41405,31.60156,FEMALE,ADULT,354,1,0
2013,JUN,MANICALAND,CHIMANIMANI,COMMUNAL,-17.60042,32.50854,FEMALE,ADULT,10,1,1
2013,JUN,MANICALAND,CHIMANIMANI,COMMUNAL,-17.67015,32.63668,FEMALE,ADULT,0,1,0
2013,JUN,MANICALAND,MAKONI,COMMUNAL,-18.63928,32.00583,MALE,JUVENILE,2,1,0
2013,JUN,MANICALAND,MAKONI,COMMERCIAL,#REF!,#REF!,ALL,ALL,134,4,0
2013,JUN,MANICALAND,MAKONI,COMMERCIAL,#REF!,#REF!,ALL,ADULT,48,3,0
2013,JUN,MANICALAND,MAKONI,COMMERCIAL,#REF!,#REF!,ALL,ALL,77,4,0
2013,JUN,MANICALAND,MAKONI,COMMUNAL,-18.34305,-32.00646,ALL,ALL,15,2,0
2013,JUN,MANICALAND,MAKONI,COMMUNAL,-18.16554,32.03605,MALE,JUVENILE,13,1,0
2013,JUN,MANICALAND,MUTARE,COMMUNAL,-19.34459,32.2052,FEMALE,ADULT,7,1,0
2013,JUN,MANICALAND,MUTARE,COMMUNAL,-19.37115,32.16369,MALE,ADULT,7,1,0
2013,JUN,MANICALAND,MUTARE,COMMUNAL,-19.04694,32.13807,ALL,ALL,300,2,0
2013,JUN,MANICALAND,MUTASA,COMMUNAL,-18.64255,32.49757,FEMALE,ADULT,861,1,
2013,JUN,MANICALAND,NYANGA,COMMUNAL,-17.31805,32.52124,MALE,ADULT,6,1,0
2013,JUN,MANICALAND,NYANGA,COMMUNAL,-18.09976,32.94561,MALE,JUVENILE,11,1,0
2013,JUN,MANICALAND,NYANGA,COMMUNAL,-18.12972,32.88903,MALE,JUVENILE,10,1,0
2013,JUN,MIDLANDS,GOKWE NORTH,COMMUNAL,-17.86319,29.22274,MALE,ADULT,760,1,0
2013,JUN,MIDLANDS,CHIRUMANZU,COMMUNAL,-18.9263,30.6054,ALL,ALL,338,2,0
2013,JUN,MIDLANDS,GOKWE NORTH,COMMUNAL,-17.596905,28.61017,FEMALE,ADULT,1842,1,1
2013,JUN,MIDLANDS,GOKWE SOUTH,COMMUNAL,-18.54701,28.6922,MALE,ADULT,1544,2,0
2013,JUN,MIDLANDS,KWEKWE,COMMUNAL,-18.43431,29.53382,FEMALE,ADULT,802,1,0
2013,JUN,MIDLANDS,GOKWE SOUTH,COMMUNAL,-18.42457,29.28171,MALE,ADULT,1767,1,0
2013,JUN,MIDLANDS,KWEKWE,COMMUNAL,-18.75634,29.8895,ALL,ADULT,1463,2,0
2013,JUN,MIDLANDS,GOKWE SOUTH,COMMUNAL,-17.866,28.417,FEMALE,ADULT,1330,1,0
2013,JUN,MIDLANDS,KWEKWE,COMMUNAL,-18.75136,29.75628,FEMALE,ADULT,618,1,0
2013,JUN,MIDLANDS,GWERU,COMMUNAL,-19.56097,29.45423,FEMALE,ADULT,725,1,0
2013,JUN,MIDLANDS,SHURUGWI,COMMUNAL,-19.97459,30.3078,ALL,ADULT,1389,6,0
2013,JUN,MIDLANDS,GOKWE SOUTH,COMMUNAL,-17.73449,28.57047,ALL,ADULT,2428,3,0
2013,JUN,MIDLANDS,GOKWE NORTH,COMMUNAL,-17.2504,28.72879,FEMALE,ADULT,1497,2,0
2013,JUN,MIDLANDS,GWERU,COMMUNAL,-19.64542,29.39219,FEMALE,ADULT,755,1,1
2013,JUN,MIDLANDS,GWERU,COMMUNAL,-19.62783,29.44409,ALL,ADULT,793,2,0
2013,JUN,MIDLANDS,GWERU,COMMUNAL,-19.62783,29.44409,FEMALE,ADULT,793,1,0
2013,JUN,MIDLANDS,KWEKWE,COMMUNAL,-18.73055,29.45286,MALE,ADULT,2841,1,0
2013,JUN,MIDLANDS,GOKWE SOUTH,COMMUNAL,-17.95738,28.7899,ALL,ADULT,2075,2,0
2013,JUN,MIDLANDS,CHIRUMANZU,COMMUNAL,-19.4765,30.176992,ALL,ADULT,789,2,0
2013,FEB,MASHONALAND EAST,UMP,COMMUNAL,#REF!,#REF!,MALE,ADULT,1,1,0
2013,FEB,MASHONALAND EAST,HWEDZA,COMMUNAL,-18.3171,-31.2489,MALE,ADULT,18,1,0
2013,FEB,MASHONALAND EAST,MUREHWA,COMMUNAL,-18.0329,-31.0329,ALL,ALL,13,4,0
2013,FEB,MASHONALAND EAST,MARONDERA,COMMUNAL,-18.6108,-31.8436,MALE,JUVENILE,425,,0
2013,FEB,MASHONALAND EAST,CHIKOMBA,COMMUNAL,-18.4557,-30.6802,FEMALE,ADULT,,1,0
2013,FEB,MASHONALAND EAST,CHIKOMBA,COMMUNAL,-18.9086,-30.77756,FEMALE,ADULT,22,1,0
2013,FEB,MASHONALAND EAST,MARONDERA,COMMUNAL,18.13474,31.0864,FEMALE,ADULT,10,1,0
2013,FEB,MASHONALAND EAST,CHIKOMBA,COMMUNAL,-19.6242,-30.9518,MALE,ADULT,,1,0
2013,FEB,MASHONALAND EAST,MUREHWA,COMMUNAL,#REF!,#REF!,MALE,ADULT,1,1,0
2013,FEB,MASHONALAND EAST,SEKE,COMMUNAL,-18.1513,-30.464,ALL,ADULT,27,8,0
2013,FEB,MASHONALAND EAST,GOROMONZI,COMMUNAL,-17.6622,-31.8762,ALL,ADULT,150,11,0
2013,JAN,MASHONALAND EAST,GOROMONZI,COMMUNAL,-17.6498,-31.3947,ALL,ALL,25,5,0
2013,FEB,MASHONALAND EAST,GOROMONZI,COMMUNAL,-17.7927,-31.8942,ALL,ALL,82,6,6
2013,FEB,MASHONALAND EAST,MUTOKO,COMMUNAL,-17.329,-32.0001,MALE,ADULT,7,1,0
2013,FEB,MASHONALAND EAST,SEKE,COMMUNAL,-18.0324,-31.1,MALE,ADULT,1,2,0
2013,FEB,MASHONALAND EAST,GOROMONZI,COMMUNAL,-18.3407,-30..475,FEMALE,ADULT,2,2,0
2013,MAR,MASHONALAND CENTRAL,CENTENARY,COMMUNAL,-16.3923,30.99291,ALL,ADULT,1055,3,0
2013,MAR,MASHONALAND CENTRAL,MAZOWE,COMMUNAL,-17.36176,31.1802,MALE,JUVENILE,1670,1,0
2013,MAR,MASHONALAND CENTRAL,MAZOWE,COMMUNAL,-17.36176,31.1802,MALE,ADULT,65,1,0
2013,MAR,MASHONALAND CENTRAL,MAZOWE,COMMUNAL,-17.36176,31.1802,MALE,ADULT,956,1,0
2013,MAR,MASHONALAND CENTRAL,MAZOWE,COMMUNAL,-17.36176,31.1802,FEMALE,ADULT,956,1,0
2013,MAR,MASHONALAND CENTRAL,MAZOWE,COMMUNAL,-17.36176,31.1802,MALE,ADULT,2956,1,1
2013,MAR,MASHONALAND CENTRAL,MBIRE,COMMUNAL,-16.16462,30.5768,ALL,ALL,2956,9,0
2013,MAR,MASHONALAND CENTRAL,MAZOWE,COMMUNAL,-17.26444,31.14741,FEMALE,ADULT,1267,2,0
2013,MAR,MASHONALAND CENTRAL,MAZOWE,COMMUNAL,-17.26444,31.14741,FEMALE,ADULT,1267,1,0
2013,MAR,MASHONALAND CENTRAL,MAZOWE,COMMUNAL,-17.26444,31.14741,MALE,ADULT,1267,1,0
2013,MAR,MASHONALAND CENTRAL,MAZOWE,COMMUNAL,-17.28205,30.94526,FEMALE,ADULT,1267,1,0
2013,MAR,MASHONALAND CENTRAL,MAZOWE,COMMUNAL,-17.28205,30.94526,MALE,ADULT,1267,1,0
2013,MAR,MASHONALAND CENTRAL,MAZOWE,COMMUNAL,-17.28205,30.94526,MALE,ADULT,1267,3,0
2013,MAR,MASHONALAND CENTRAL,MAZOWE,COMMUNAL,-17.28205,30.94526,MALE,ADULT,450,6,0
2013,MAR,MASHONALAND CENTRAL,MAZOWE,COMMUNAL,-17.28205,30.94526,MALE,ADULT,598,1,0
2013,MAR,MASHONALAND CENTRAL,MAZOWE,COMMUNAL,-17.28205,30.94526,MALE,ADULT,598,1,0
2013,MAR,MASHONALAND CENTRAL,MAZOWE,COMMUNAL,-17.28205,30.94526,MALE,ADULT,598,3,0
2013,MAR,MASHONALAND CENTRAL,MAZOWE,COMMUNAL,-17.28205,30.94526,FEMALE,ADULT,598,1,0
2013,MAR,MASHONALAND CENTRAL,MAZOWE,COMMUNAL,-17.28205,30.94526,ALL,ADULT,598,3,0
2013,MAR,MASHONALAND CENTRAL,MAZOWE,COMMUNAL,-17.28205,30.94526,FEMALE,ADULT,598,2,0
2013,MAR,MASHONALAND CENTRAL,BINDURA,COMMUNAL,-17.42852,31.22324,ALL,ALL,2084,5,0
2013,MAR,MASHONALAND CENTRAL,MVURWI,COMMUNAL,-17.39771,30.70906,ALL,ALL,115,5,0
2013,MAR,MASHONALAND CENTRAL,MVURWI,COMMUNAL,-17.20685,30.78354,ALL,ALL,758,5,0
2013,MAR,MASHONALAND CENTRAL,GURUVE,COMMUNAL,-16.80208,30.57924,FEMALE,ADULT,1445,1,0
2013,MAR,MASHONALAND CENTRAL,GURUVE,COMMUNAL,-16.817824,30.71482,ALL,ALL,1630,5,0
2013,MAR,MASHONALAND CENTRAL,GURUVE,COMMUNAL,-16.817824,30.71482,ALL,ALL,1630,2,0
2013,MAR,MASHONALAND CENTRAL,GURUVE,COMMUNAL,-16.83898,30.66819,MALE,ADULT,1505,1,0
2013,MAR,MASHONALAND CENTRAL,GURUVE,COMMUNAL,-16.86847,30.6785,FEMALE,JUVENILE,1851,1,0
2013,MAR,MASHONALAND CENTRAL,GURUVE,COMMUNAL,-16.70317,30.72453,MALE,ADULT,2055,1,0
2013,MAR,MASHONALAND CENTRAL,GURUVE,COMMUNAL,-16.72906,30.68619,MALE,ADULT,1951,1,0
2013,MAR,MASHONALAND CENTRAL,GURUVE,COMMUNAL,-16.70301,30.58636,FEMALE,ADULT,1983,1,0
2013,MAR,MASHONALAND CENTRAL,MBIRE,COMMUNAL,-15.54961,30.96922,FEMALE,ADULT,1330,1,0
2013,MAR,MASHONALAND CENTRAL,MBIRE,COMMUNAL,-16.74849,30.67783,ALL,ADULT,302,2,0
2013,MAR,MASHONALAND CENTRAL,MVURWI,COMMUNAL,-17.14283,30.92063,MALE,ADULT,134,6,0
2013,MAR,MASHONALAND CENTRAL,MVURWI,COMMUNAL,-17.14882,30.91752,ALL,ALL,210,9,0
2013,MAR,MASHONALAND CENTRAL,MVURWI,COMMUNAL,-17.14882,30.91752,ALL,ALL,210,6,0
2013,MAR,MASHONALAND CENTRAL,MVURWI,COMMUNAL,-17.14882,30.91752,MALE,ADULT,210,2,0
2013,MAR,MASHONALAND CENTRAL,CENTENARY,COMMUNAL,-16.13242,31.15992,MALE,ADULT,3839,1,0
2013,MAR,MASHONALAND CENTRAL,MAZOWE,COMMUNAL,-16.99035,31.12767,ALL,ADULT,1451,2,0
2013,MAR,MASHONALAND CENTRAL,MAZOWE,COMMUNAL,-16.99035,31.12767,ALL,ALL,1451,2,0
2013,MAR,MASHONALAND CENTRAL,MAZOWE,COMMUNAL,-17.05026,31.09995,MALE,JUVENILE,1337,1,1
2013,MAR,MASHONALAND CENTRAL,MAZOWE,COMMUNAL,-17.05026,31.09995,ALL,ADULT,1337,2,0
2013,MAR,MASHONALAND CENTRAL,MAZOWE,COMMUNAL,-17.03647,31.15196,ALL,ALL,2668,4,0
2013,MAR,MASHONALAND CENTRAL,MAZOWE,COMMUNAL,-17.03647,31.15196,ALL,ALL,2668,3,0
2013,MAR,MASHONALAND CENTRAL,MAZOWE,COMMUNAL,-17.03647,31.15196,FEMALE,ADULT,2668,1,0
2013,MAR,MASHONALAND CENTRAL,MAZOWE,COMMUNAL,-17.03647,31.15196,FEMALE,ADULT,2668,2,0
2013,MAR,MASHONALAND CENTRAL,MAZOWE,COMMUNAL,-16.95634,31.06502,MALE,ADULT,1668,1,0
2013,MAR,MASHONALAND CENTRAL,MAZOWE,COMMUNAL,-16.99847,31.07419,ALL,ALL,1589,5,0
2013,MAR,MASHONALAND CENTRAL,MBIRE,COMMUNAL,-16.28826,30.6763,ALL,ALL,1881,13,0
2013,MAR,MASHONALAND CENTRAL,CENTENARY,COMMUNAL,-16.28953,31.0899,ALL,ALL,2825,15,0
2013,MAR,MASHONALAND CENTRAL,MVURWI,COMMUNAL,-16.99199,30.6539,ALL,ALL,1270,8,0
2013,MAR,MASHONALAND CENTRAL,BINDURA,COMMUNAL,-17.25777,31.37303,ALL,ALL,1416,4,0
2013,MAR,MASHONALAND CENTRAL,MAZOWE,COMMUNAL,-16.99847,31.07419,MALE,ADULT,1600,2,0
2013,MAR,MASHONALAND CENTRAL,MVURWI,COMMUNAL,-16.94919,30.95481,ALL,ADULT,1061,8,0
2013,MAR,MASHONALAND CENTRAL,MVURWI,COMMUNAL,-17.02519,30.99412,ALL,ADULT,1621,9,0
2013,MAR,MASHONALAND CENTRAL,BINDURA,COMMUNAL,-17.58895,31.36209,MALE,JUVENILE,1431,1,0
2013,MAR,MASHONALAND CENTRAL,BINDURA,COMMUNAL,-17.58042,31.28466,MALE,JUVENILE,1136,1,0
2013,MAR,MASHONALAND CENTRAL,BINDURA,COMMUNAL,-17.58895,31.36209,FEMALE,ADULT,1431,1,0
2013,MAR,MASHONALAND CENTRAL,CENTENARY,COMMUNAL,-16.7633,31.26701,ALL,ADULT,1203,5,0
2013,MAR,MASHONALAND CENTRAL,MVURWI,COMMUNAL,-16.90968,30.71144,ALL,ALL,2164,23,0
2013,MAR,MASHONALAND CENTRAL,GURUVE,COMMUNAL,-16.5564,30.60304,ALL,ADULT,1743,6,0
2013,MAR,MASHONALAND CENTRAL,GURUVE,COMMUNAL,-16.5564,30.60304,ALL,ALL,1700,4,0
2013,MAR,MASHONALAND CENTRAL,GURUVE,COMMUNAL,-16.48704,30.68697,FEMALE,ADULT,558,1,0
2013,MAR,MASHONALAND CENTRAL,GURUVE,COMMUNAL,-16.64028,30.82779,ALL,ALL,1061,9,0
2013,MAR,MASHONALAND CENTRAL,GURUVE,COMMUNAL,-16.66375,30.87748,ALL,ALL,1080,10,1
2013,MAR,MASHONALAND CENTRAL,GURUVE,COMMUNAL,-16.5646,30.53325,ALL,ALL,1862,5,0
2013,MAR,MASHONALAND CENTRAL,BINDURA,COMMUNAL,-17.35499,31.27691,FEMALE,ADULT,914,1,0
2013,MAR,MASHONALAND CENTRAL,BINDURA,COMMUNAL,-17.3995,31.32551,ALL,ALL,1975,7,0
2013,MAR,MASHONALAND CENTRAL,BINDURA,COMMUNAL,-17.01137,31.33273,ALL,ADULT,1196,5,0
2013,MAR,MASHONALAND CENTRAL,CENTENARY,COMMUNAL,-16.53232,31.12418,ALL,ALL,943,4,0
2013,MAR,MASHONALAND CENTRAL,MBIRE,COMMUNAL,-16.72292,30.58529,ALL,ADULT,1514,3,0
2013,MAR,MASHONALAND CENTRAL,BINDURA,COMMUNAL,-16.91743,31.37303,ALL,ADULT,1148,2,0
2013,MAR,MASHONALAND CENTRAL,BINDURA,COMMUNAL,-16.92155,31.30713,ALL,ADULT,595,2,0
2013,MAR,MASHONALAND CENTRAL,MT DARWIN,COMMUNAL,-16.46622,31.74826,MALE,ADULT,3358,1,0
2013,MAR,MASHONALAND CENTRAL,MAZOWE,COMMUNAL,-17.3095,31.07648,FEMALE,ADULT,713,1,0
2013,MAR,MASHONALAND CENTRAL,MAZOWE,COMMUNAL,-17.3095,31.07648,ALL,ADULT,713,3,0
2013,MAR,MASHONALAND CENTRAL,GURUVE,COMMUNAL,-16.89416,30.5405,ALL,ADULT,1172,3,1
2013,MAR,MASHONALAND CENTRAL,GURUVE,COMMUNAL,-16.301685,30.613381,FEMALE,ADULT,578,1,0
2013,MAR,MASHONALAND CENTRAL,GURUVE,COMMUNAL,-16.901795,30.66628,MALE,ALL,1436,3,0
2013,MAR,MASHONALAND CENTRAL,GURUVE,COMMUNAL,-16.84866,30.59302,ALL,ALL,1257,3,0
2013,MAR,MASHONALAND CENTRAL,GURUVE,COMMUNAL,-16.84866,30.59302,MALE,JUVENILE,1257,1,1
2013,MAR,MASHONALAND CENTRAL,GURUVE,COMMUNAL,-16.901795,30.66628,MALE,JUVENILE,1436,1,0
2013,MAR,MASHONALAND CENTRAL,GURUVE,COMMUNAL,-16.901363,30.62876,FEMALE,ADULT,1436,1,1
2013,MAR,MASHONALAND CENTRAL,MVURWI,COMMUNAL,-16.72214,30.75941,ALL,ALL,1604,2,0
2013,MAR,MASHONALAND CENTRAL,MVURWI,COMMUNAL,-16.72214,30.75941,ALL,ALL,1604,3,0
2013,MAR,MASHONALAND CENTRAL,GURUVE,COMMUNAL,-16.56626,30.53619,MALE,ADULT,1189,3,1
2013,MAR,MIDLANDS,GWERU,COMMUNAL,-19.17802,29.9472,ALL,ADULT,1723,2,0
2013,MAR,MIDLANDS,GWERU,COMMUNAL,-19.47738,29.6593,ALL,ALL,,2,0
2013,MAR,MIDLANDS,GWERU,COMMUNAL,-19.62783,29.44409,ALL,ADULT,901,4,0
2013,MAR,MIDLANDS,GWERU,COMMUNAL,-19.62783,29.44409,ALL,ADULT,988,4,1
2013,MAR,MIDLANDS,GWERU,COMMUNAL,-19.62783,29.44409,FEMALE,ADULT,991,1,0
2013,MAR,MIDLANDS,GWERU,COMMUNAL,-19.83898,29.53688,FEMALE,ADULT,76,1,0
2013,MAR,MIDLANDS,GWERU,COMMUNAL,-19.83898,29.53688,MALE,ADULT,42,1,0
2013,MAR,MIDLANDS,MBERENGWA,COMMUNAL,-20.98267,29.70485,MALE,ADULT,2186,2,0
2013,MAR,MIDLANDS,MBERENGWA,COMMUNAL,-20.98267,29.70485,ALL,ALL,2189,5,0
2013,MAR,MIDLANDS,MBERENGWA,COMMUNAL,-20.91148,29.98608,ALL,ALL,2015,9,0
2013,MAR,MIDLANDS,MBERENGWA,COMMUNAL,-20.91148,29.98608,ALL,ALL,1848,2,0
2013,MAR,MIDLANDS,ZVISHAVANE,COMMUNAL,-19.92176401,29.75576998,MALE,ADULT,1158,2,0
2013,MAR,MIDLANDS,ZVISHAVANE,COMMUNAL,-19.92176401,29.75576998,ALL,ADULT,1159,3,0
2013,MAR,MIDLANDS,GOKWE NORTH,COMMUNAL,-17.749,29.10595,MALE,ADULT,744,2,0
2013,MAR,MIDLANDS,GOKWE NORTH,COMMUNAL,-17.7002,29.51484,FEMALE,ADULT,964,2,0
2013,MAR,MIDLANDS,GOKWE NORTH,COMMUNAL,-17.85025,29.1683,MALE,ADULT,719,1,0
2013,MAR,MIDLANDS,GOKWE NORTH,COMMUNAL,-17.62153,28.81974,FEMALE,JUVENILE,1144,2,0
2013,MAR,MIDLANDS,GOKWE NORTH,COMMUNAL,-17.58941,28.71344,FEMALE,ADULT,1717,1,0
2013,MAR,MIDLANDS,GOKWE NORTH,COMMUNAL,-17.55778,29.21503,FEMALE,ADULT,1157,2,0
2013,MAR,MIDLANDS,GOKWE NORTH,COMMUNAL,-17.52508,29.18353,ALL,ADULT,1431,3,0
2013,MAR,MIDLANDS,GOKWE NORTH,COMMUNAL,-17.53226,28.91451,ALL,ADULT,1073,4,0
2013,MAR,MIDLANDS,CHIRUMANZU,COMMUNAL,-18.99303,30.5852,ALL,ADULT,819,7,2
2013,MAR,MIDLANDS,GOKWE NORTH,COMMUNAL,-17.45125,29.330107,ALL,ALL,844,3,1
2013,MAR,MIDLANDS,GOKWE NORTH,COMMUNAL,-17.54717,28.98607,FEMALE,ADULT,,2,0
2013,MAR,MIDLANDS,GOKWE NORTH,COMMUNAL,-17.68735,29.02167,FEMALE,ADULT,,3,0
2013,MAR,MIDLANDS,GOKWE NORTH,COMMUNAL,-17.9194,28.92226,MALE,ADULT,,1,0
2013,MAR,MIDLANDS,GOKWE NORTH,COMMUNAL,-17.32646,28.95483,MALE,ADULT,2678,1,0
2013,MAR,MIDLANDS,GOKWE NORTH,COMMUNAL,-17.52508,29.18353,FEMALE,ADULT,2217,2,0
2013,MAR,MIDLANDS,GOKWE NORTH,COMMUNAL,-17.57963,29.27204,FEMALE,ADULT,456,1,1
2013,MAR,MIDLANDS,GWERU,COMMUNAL,-19.55034,29.33464,FEMALE,ADULT,835,1,0
2013,MAR,MIDLANDS,GWERU,COMMUNAL,-19.55034,29.33464,FEMALE,ADULT,835,1,0
2013,MAR,MIDLANDS,GWERU,COMMUNAL,-19.55034,29.33464,FEMALE,ADULT,833,1,0
2013,MAR,MIDLANDS,GWERU,COMMUNAL,-19.38172,29.2037,ALL,ALL,2530,4,4
2013,MAR,MIDLANDS,KWEKWE,COMMERCIAL,#REF!,#REF!,ALL,ALL,119,5,0
2013,MAR,MIDLANDS,KWEKWE,COMMERCIAL,-18.90254,30.12436,ALL,ALL,27,3,0
2013,MAR,MIDLANDS,KWEKWE,COMMUNAL,-18.93761,29.79395,FEMALE,ADULT,474,1,0
2013,MAR,MIDLANDS,KWEKWE,COMMERCIAL,-18.93761,29.79395,MALE,ADULT,13,1,0
2013,MAR,MIDLANDS,KWEKWE,COMMERCIAL,-18.93761,29.79395,ALL,ADULT,54,10,0
2013,MAR,MIDLANDS,SHURUGWI,COMMUNAL,-19.46248,30.23511,ALL,ALL,1253,6,0
2013,MAR,MIDLANDS,SHURUGWI,COMMUNAL,-19.71311,30.33214,ALL,ALL,1365,5,0
2013,MAR,MIDLANDS,GOKWE SOUTH,COMMUNAL,-18.29717,28.20718,MALE,ADULT,2797,1,0
2013,MAR,MIDLANDS,CHIRUMANZU,COMMUNAL,-19.07165,30.61647,FEMALE,ADULT,,1,0
2013,MAR,MIDLANDS,CHIRUMANZU,COMMUNAL,-19.4735,30.47353,FEMALE,JUVENILE,1632,1,0
2013,MAR,MIDLANDS,CHIRUMANZU,COMMUNAL,-19.35898,30.11486,MALE,ADULT,651,1,0
2013,MAR,MIDLANDS,CHIRUMANZU,COMMUNAL,-19.4392,30.30336,ALL,ADULT,924,2,0
2013,MAR,MIDLANDS,CHIRUMANZU,COMMUNAL,-19.4392,30.30336,MALE,ADULT,923,1,0
2013,MAR,MIDLANDS,GOKWE SOUTH,COMMUNAL,-18.37928,29.19998,MALE,ADULT,1863,1,0
2013,MAR,MIDLANDS,GOKWE SOUTH,COMMUNAL,-18.14869,28.77596,ALL,ADULT,1791,2,0
2013,MAR,MIDLANDS,GOKWE SOUTH,COMMUNAL,-17.81861,28.63129,FEMALE,ALL,4183,3,0
2013,MAR,MIDLANDS,GOKWE SOUTH,COMMUNAL,-18.01638,29.1755,ALL,ADULT,2544,2,0
2013,MAR,MANICALAND,NYANGA,COMMUNAL,-17.88699,32.51417,ALL,ADULT,16,4,
2013,MAR,MANICALAND,NYANGA,COMMUNAL,-17.24559,32.53036,MALE,ADULT,17,1,
2013,MAR,MANICALAND,BUHERA,COMMUNAL,-19.49884,31.86413,MALE,ADULT,15,1,0
2013,MAR,MANICALAND,BUHERA,COMMUNAL,-19.27094,31.65325,ALL,ALL,1087,4,0
2013,MAR,MANICALAND,BUHERA,COMMUNAL,-19.72809,32.0361,FEMALE,ADULT,2074,1,0
2013,MAR,MANICALAND,MUTARE,COMMUNAL,-19.10691,32.67917,MALE,ADULT,,3,
2013,MAR,MANICALAND,MUTARE,RESETTLEMENT,-19.10691,32.67917,MALE,ADULT,,3,
2013,MAR,MANICALAND,MUTARE,COMMUNAL,-19.46018,32.4658,MALE,ADULT,,2,
2013,MAR,MANICALAND,MUTARE,COMMUNAL,-19.50541,32.37135,FEMALE,ADULT,,1,
2013,MAR,MANICALAND,MUTARE,COMMUNAL,-19.5034,32.42456,FEMALE,ADULT,,1,
2013,MAR,MANICALAND,MUTARE,COMMUNAL,-19.46018,32.4658,FEMALE,ADULT,,2,
2013,MAR,MANICALAND,MUTARE,COMMUNAL,-19.5034,32.42456,FEMALE,ADULT,,6,
2013,MAR,MANICALAND,MUTARE,COMMUNAL,-18.76285,32.37938,ALL,ALL,,4,
2013,JAN,MASHONALAND WEST,ZVIMBA,COMMUNAL,-17.9371,30.38516,ALL,ADULT,71,5,0
2013,JAN,MASHONALAND WEST,ZVIMBA,COMMUNAL,-17.3268,30.69957,ALL,ALL,446,3,0
2013,JAN,MASHONALAND WEST,ZVIMBA,COMMUNAL,-31.101,23.77648,ALL,ALL,8,3,1
2013,JAN,MASHONALAND WEST,ZVIMBA,COMMUNAL,-17.6126,30.437,ALL,ALL,395,2,0
2013,JAN,MASHONALAND WEST,ZVIMBA,RESETTLEMENT,-17.7868,30.64191,ALL,ALL,147,4,1
2013,JAN,MASHONALAND WEST,ZVIMBA,RESETTLEMENT,-17.8248,30.79795,FEMALE,ADULT,137,1,0
2013,JAN,MASHONALAND WEST,ZVIMBA,RESETTLEMENT,-17.8516,30.77875,ALL,ALL,295,4,0
2013,JAN,MASHONALAND WEST,ZVIMBA,RESETTLEMENT,-17.2279,30.74121,ALL,ALL,67,6,0
2013,JAN,MASHONALAND WEST,ZVIMBA,RESETTLEMENT,-16.7261,30.33569,ALL,ADULT,5,1,0
2013,JAN,MASHONALAND WEST,ZVIMBA,RESETTLEMENT,-16.8885,30.3156,ALL,ALL,11,3,1
2013,JAN,MASHONALAND WEST,ZVIMBA,RESETTLEMENT,-16.7261,30.33569,ALL,ALL,17,4,0
2013,JAN,MASHONALAND WEST,ZVIMBA,RESETTLEMENT,-17.3496,30.35504,MALE,ADULT,7,1,0
2013,JAN,MASHONALAND WEST,ZVIMBA,RESETTLEMENT,-17.259,30.33477,FEMALE,ADULT,302,3,0
2013,JAN,MASHONALAND WEST,ZVIMBA,RESETTLEMENT,-17.3949,30.36478,MALE,ALL,761,3,0
2013,JAN,MASHONALAND WEST,ZVIMBA,RESETTLEMENT,-17.0817,30.60028,ALL,ALL,80,53,1
2013,JAN,MASHONALAND WEST,CHEGUTU,COMMUNAL,S31.1467,23.80217,FEMALE,ADULT,622,1,0
2013,JAN,MASHONALAND WEST,CHEGUTU,COMMUNAL,S31.1468,24.80217,MALE,ADULT,622,1,0
2013,JAN,MASHONALAND WEST,CHEGUTU,COMMUNAL,S31.1469,25.80217,ALL,ALL,622,3,1
2013,JAN,MASHONALAND WEST,CHEGUTU,COMMUNAL,S31.1470,26.80217,ALL,ALL,614,36,0
2013,JAN,MASHONALAND WEST,CHEGUTU,COMMUNAL,S31.1471,27.80217,ALL,ALL,40,2,0
2013,JAN,MASHONALAND WEST,SANYATI,COMMUNAL,-17.9868,29.42028,FEMALE,ADULT,777,1,0
2013,JAN,MASHONALAND WEST,CHEGUTU,COMMUNAL,-17.2142,30.36074,ALL,ALL,1642,3,0
2013,JAN,MASHONALAND WEST,CHEGUTU,COMMUNAL,-17.2142,30.36074,MALE,ALL,1642,4,0
2013,JAN,MASHONALAND WEST,CHEGUTU,COMMUNAL,-17.2142,30.36074,ALL,ALL,1642,4,0
2013,JAN,MASHONALAND WEST,CHEGUTU,COMMUNAL,-17.2142,30.36074,ALL,ALL,642,6,0
2013,JAN,MASHONALAND WEST,CHEGUTU,COMMUNAL,-17.8738,30.38324,ALL,ALL,607,3,1
2013,JAN,MASHONALAND WEST,CHEGUTU,COMMUNAL,-31.50625344,23.75735775,ALL,ADULT,364,8,2
2013,JAN,MASHONALAND WEST,CHEGUTU,RESETTLEMENT,-17.264,30.74357,ALL,ALL,1500,9,2
2013,JAN,MASHONALAND WEST,CHEGUTU,RESETTLEMENT,30.8764,23.81014,MALE,ADULT,535,2,0
2013,JAN,MASHONALAND WEST,CHEGUTU,COMMERCIAL,17.6653,30.32033,MALE,ADULT,954,1,0
2013,JAN,MASHONALAND EAST,CHEGUTU,COMMERCIAL,17.6653,30.32033,ALL,ADULT,930,2,0
2013,JAN,MASHONALAND WEST,CHEGUTU,COMMERCIAL,17.6653,30.32033,ALL,ALL,954,4,0
2013,JAN,MASHONALAND WEST,CHEGUTU,COMMERCIAL,17.6653,30.32033,MALE,JUVENILE,954,1,0
2013,JAN,MASHONALAND WEST,CHEGUTU,COMMERCIAL,17.6653,30.32033,FEMALE,ADULT,954,2,0
2013,JAN,MASHONALAND WEST,CHEGUTU,COMMUNAL,S17.7112,30.38324,MALE,ADULT,101,1,0
2013,JAN,MASHONALAND WEST,CHEGUTU,COMMUNAL,S17.7113,31.38324,MALE,ALL,715,7,0
2013,JAN,MASHONALAND WEST,CHEGUTU,COMMUNAL,S17.7114,32.38324,ALL,ALL,715,4,0
2013,JAN,MASHONALAND WEST,CHEGUTU,URBAN,S17.7115,33.38324,FEMALE,ADULT,715,1,0
2013,JAN,MASHONALAND WEST,CHEGUTU,COMMUNAL,S17.7116,34.38324,ALL,ALL,715,0,0
2013,JAN,MASHONALAND WEST,CHEGUTU,COMMUNAL,S17.7117,35.38324,MALE,ADULT,710,1,0
2013,JAN,MASHONALAND WEST,CHEGUTU,COMMUNAL,S17.7118,36.38324,MALE,ADULT,715,1,0
2013,JAN,MASHONALAND WEST,CHEGUTU,COMMUNAL,31.5353,23.80217,ALL,ALL,600,10,0
2013,JAN,MASHONALAND WEST,CHEGUTU,COMMERCIAL,-17.97411074,30.45257517,ALL,ADULT,562,4,0
2013,JAN,MASHONALAND WEST,CHEGUTU,COMMERCIAL,-17.97411074,30.45257517,ALL,ALL,562,3,0
2013,JAN,MASHONALAND WEST,CHEGUTU,COMMERCIAL,-17.97411074,30.45257517,FEMALE,ADULT,562,2,0
2013,JAN,MASHONALAND WEST,CHEGUTU,COMMERCIAL,-17.97411074,30.45257517,ALL,ALL,562,3,0
2013,JAN,MASHONALAND WEST,CHEGUTU,COMMERCIAL,-17.97411074,30.45257517,ALL,ALL,562,7,0
2013,JAN,MASHONALAND WEST,CHEGUTU,COMMUNAL,-16.4427796,30.8272893,FEMALE,ADULT,90,1,0
2013,JAN,MASHONALAND WEST,CHEGUTU,RESETTLEMENT,S17.6196,30.28709,ALL,ALL,830,0,0
2013,JAN,MASHONALAND WEST,CHEGUTU,RESETTLEMENT,S17.6197,31.28709,ALL,ALL,831,6,1
2013,JAN,MASHONALAND WEST,CHEGUTU,RESETTLEMENT,S17.6198,32.28709,ALL,ALL,831,4,0
2013,JAN,MASHONALAND WEST,CHEGUTU,COMMUNAL,S30.0569,23.81565,ALL,ALL,633,4,1
2013,JAN,MASHONALAND WEST,CHEGUTU,COMMUNAL,S30.0570,24.81565,MALE,ADULT,633,2,0
2013,JAN,MASHONALAND WEST,CHEGUTU,COMMUNAL,S30.0571,25.81565,ALL,ALL,633,15,633
2013,JAN,MASHONALAND WEST,CHEGUTU,COMMUNAL,S30.0572,26.81565,FEMALE,ADULT,633,1,0
2013,JAN,MASHONALAND WEST,CHEGUTU,COMMUNAL,S30.0573,27.81565,ALL,ADULT,638,147,37
2013,JAN,MASHONALAND WEST,CHEGUTU,COMMUNAL,S30.0574,28.81565,FEMALE,ADULT,633,1,0
2013,JAN,MASHONALAND WEST,SANYATI,COMMUNAL,-7.9848,29.45515,FEMALE,ADULT,12,1,0
2013,JAN,MASHONALAND EAST,CHEGUTU,COMMERCIAL,S17.623,30.29557,ALL,ALL,1244,3,0
2013,JAN,MASHONALAND WEST,CHEGUTU,COMMUNAL,S17.624,31.29557,ALL,ALL,924,6,0
2013,JAN,MASHONALAND WEST,CHEGUTU,RESETTLEMENT,17.6204,30.34264,ALL,ALL,638,8,0
2013,JAN,MASHONALAND WEST,CHEGUTU,COMMUNAL,17.6204,30.34264,ALL,ALL,628,12,0
2013,JAN,MASHONALAND WEST,CHEGUTU,RESETTLEMENT,17.6204,30.34264,MALE,JUVENILE,638,1,0
2013,JAN,MASHONALAND WEST,CHEGUTU,RESETTLEMENT,#REF!,#REF!,FEMALE,ADULT,2381,3,2
2013,JAN,MASHONALAND WEST,CHEGUTU,RESETTLEMENT,17.8954,30.66119,ALL,ALL,7,2,1
2013,JAN,MASHONALAND WEST,CHEGUTU,RESETTLEMENT,#REF!,#REF!,ALL,ALL,32,2,1
2013,JAN,MASHONALAND WEST,CHEGUTU,RESETTLEMENT,#REF!,#REF!,ALL,ALL,105,3,2
2013,JAN,MASHONALAND WEST,CHEGUTU,COMMERCIAL,#REF!,#REF!,MALE,ADULT,562,2,0
2013,JAN,MASHONALAND WEST,CHEGUTU,COMMUNAL,#REF!,#REF!,MALE,JUVENILE,30,4,0
2013,JAN,MASHONALAND WEST,CHEGUTU,RESETTLEMENT,#REF!,#REF!,ALL,ADULT,830,2,0
2013,JAN,MASHONALAND WEST,CHEGUTU,COMMUNAL,#REF!,#REF!,ALL,ALL,17,5,1
2013,JAN,MASHONALAND WEST,CHEGUTU,RESETTLEMENT,#REF!,#REF!,ALL,ADULT,280,4,0
2013,JAN,MASHONALAND WEST,CHEGUTU,RESETTLEMENT,#REF!,#REF!,ALL,ALL,43,6,0
2013,JAN,MASHONALAND WEST,CHEGUTU,RESETTLEMENT,#REF!,#REF!,ALL,ALL,25,9,1
2013,JAN,MASHONALAND WEST,CHEGUTU,RESETTLEMENT,#REF!,#REF!,ALL,ALL,23,7,0
2013,JAN,MASHONALAND WEST,CHEGUTU,RESETTLEMENT,18.14646,30.19779,ALL,ADULT,13,2,0
2013,JAN,MASHONALAND WEST,CHEGUTU,RESETTLEMENT,#REF!,#REF!,ALL,ALL,26,4,2
2013,JAN,MASHONALAND WEST,CHEGUTU,COMMUNAL,#REF!,#REF!,ALL,ADULT,112,2,0
2013,JAN,MASHONALAND WEST,CHEGUTU,RESETTLEMENT,#REF!,#REF!,MALE,ALL,44,6,0
2013,SEP,MASHONALAND EAST,MUTOKO,COMMUNAL,-17.35574,32.22156,MALE,ALL,1383,1,0
2013,SEP,MASHONALAND EAST,MUTOKO,COMMUNAL,-17.36613,32.02277,FEMALE,ADULT,6,1,0
2013,SEP,MASHONALAND EAST,MUTOKO,COMMUNAL,-17.22917,32.10231,FEMALE,ADULT,7,1,0
2013,SEP,MASHONALAND EAST,MUTOKO,COMMUNAL,-17.20173,32.13959,MALE,ADULT,13,2,0
2013,SEP,MASHONALAND EAST,MACHEKE,COMMERCIAL,-17.47594,31.53933,FEMALE,JUVENILE,7,1,0
2013,SEP,MASHONALAND EAST,MUTOKO,COMMUNAL,-17.35574,32.22156,MALE,ALL,1383,1,0
2013,SEP,MASHONALAND EAST,MUTOKO,COMMUNAL,-17.36613,32.02277,FEMALE,ADULT,6,1,0
2013,SEP,MASHONALAND EAST,MUTOKO,COMMUNAL,-17.22917,32.10231,FEMALE,ADULT,7,1,0
2013,SEP,MASHONALAND EAST,MUTOKO,COMMUNAL,-17.20173,32.13959,MALE,ADULT,13,2,0
2013,SEP,MASHONALAND EAST,MACHEKE,COMMUNAL,-17.47594,31.53933,FEMALE,JUVENILE,7,1,0
2013,SEP,MASHONALAND CENTRAL,SHAMVA,COMMUNAL,-16.9285,31.71672,FEMALE,ADULT,1439,1,0
2013,SEP,MASHONALAND CENTRAL,RUSHINGA,COMMUNAL,-16.66278,32.0485,ALL,ADULT,1850,6,0
2013,SEP,MASHONALAND CENTRAL,MT DARWIN,COMMUNAL,-16.22595,31.61831,FEMALE,ADULT,1955,1,0
2013,SEP,MASHONALAND CENTRAL,GURUVE,COMMUNAL,-16.85016,30.6785,FEMALE,ADULT,1818,1,0
2013,SEP,MASHONALAND CENTRAL,CENTENARY,COMMUNAL,-16.13242,31.15992,FEMALE,ADULT,3844,1,0
2013,SEP,MASHONALAND CENTRAL,CENTENARY,COMMUNAL,-16.35176,30.16476,ALL,ADULT,2394,5,0
2013,SEP,MASHONALAND CENTRAL,SHAMVA,COMMUNAL,-17.00568,31.52056,FEMALE,ADULT,2031,1,0
2013,SEP,MASHONALAND CENTRAL,SHAMVA,COMMUNAL,-16.98072,31.48536,MALE,ADULT,1757,2,0
2013,SEP,MIDLANDS,KWEKWE,COMMUNAL,-21.42769487,29.27974906,ALL,ADULT,424,4,0
2013,SEP,MIDLANDS,GOKWE SOUTH,COMMUNAL,-18.34267,29.19998,MALE,ADULT,1798,3,0
2013,SEP,MIDLANDS,KWEKWE,COMMUNAL,-19.06212,29.72339,FEMALE,ADULT,1069,1,0
2013,SEP,MIDLANDS,GOKWE NORTH,COMMUNAL,-17.70081,29.33349,MALE,ADULT,424,2,0
2013,SEP,MIDLANDS,GWERU,COMMUNAL,-19.18884,29.31352,MALE,ADULT,1333,1,0
2013,SEP,MIDLANDS,GWERU,COMMUNAL,-19.34436,29.47642,ALL,ALL,1134,6,0
2013,SEP,MIDLANDS,KWEKWE,COMMERCIAL,-18.75634,29.8895,ALL,ADULT,1462,2,0
2013,SEP,MIDLANDS,KWEKWE,COMMUNAL,-18.93761,29.79395,ALL,ADULT,820,3,0
2013,SEP,MIDLANDS,GOKWE NORTH,COMMUNAL,-17.52508,29.18353,ALL,ALL,1420,6,0
2013,SEP,MIDLANDS,GOKWE SOUTH,COMMUNAL,-17.73449,28.57047,ALL,ALL,2501,5,0
2013,SEP,MIDLANDS,GOKWE NORTH,COMMUNAL,-17.2504,28.7237,MALE,ADULT,1490,1,0
2013,SEP,MIDLANDS,CHIRUMANZU,COMMUNAL,-18.9653,30.66643,ALL,ADULT,760,2,0
2013,SEP,MIDLANDS,GWERU,COMMUNAL,-19.25501,29.41321,MALE,ADULT,892,1,0
2013,SEP,MIDLANDS,GWERU,COMMUNAL,-19.25501,29.41321,FEMALE,ADULT,892,1,0
2013,SEP,MASVINGO,MWENEZI,COMMUNAL,211554.7,304031.8,ALL,ALL,51,3,0
2013,SEP,MASVINGO,MWENEZI,COMMUNAL,-21.41308,31.08177,ALL,ALL,1600,55,3
2013,SEP,MASVINGO,MWENEZI,COMMUNAL,211926.3,304023.5,ALL,ALL,1412,8,0
2013,SEP,MASVINGO,MWENEZI,COMMUNAL,211926.3,304023.5,MALE,ADULT,1412,1,0
2013,SEP,MASVINGO,MWENEZI,COMMUNAL,-21.3707661,30.52649053,ALL,ALL,8,3,0
2013,SEP,MASVINGO,MWENEZI,COMMUNAL,-21.181311,31.27438,ALL,ALL,1337,1,0
2013,SEP,MASVINGO,MASVINGO,COMMUNAL,#REF!,#REF!,MALE,ADULT,629,1,
2013,SEP,MASVINGO,CHIREDZI,COMMUNAL,31263040,2177030,ALL,ALL,,,
2013,SEP,MASVINGO,CHIREDZI,COMMUNAL,31263040,2177030,ALL,ALL,,10,0
2013,SEP,MASVINGO,CHIREDZI,COMMUNAL,-19.219822,30.40638597,ALL,ALL,1939,7,3
2013,SEP,MASVINGO,CHIREDZI,COMMUNAL,3105467,2054139,ALL,ALL,1776,23,0
2013,SEP,MASVINGO,BIKITA,COMMUNAL,-2034123,3181110,ALL,ALL,740,39,0
2013,SEP,MASVINGO,BIKITA,COMMUNAL,2026559,3172222,ALL,ALL,633,3,3
2013,SEP,MATEBELELAND NORTH,LUPANE,COMMUNAL,-18.99254999,27.77238586,MALE,JUVENILE,1168,1,0
2013,SEP,MATEBELELAND NORTH,BINGA,COMMUNAL,-17.38250887,28.03552486,MALE,ADULT,2996,1,0
2013,SEP,MATEBELELAND NORTH,LUPANE,COMMUNAL,-18.99254999,27.77238586,MALE,ADULT,1174,1,0
2013,SEP,MATEBELELAND NORTH,BUBI,COMMUNAL,-19.46722222,28.52861111,ALL,ALL,5,3,0
2013,SEP,MATEBELELAND NORTH,BUBI,COMMUNAL,-19.46722222,28.52861111,ALL,ALL,2,4,0
2013,SEP,MATEBELELAND NORTH,LUPANE,COMMUNAL,-18.99254999,27.77238586,FEMALE,ADULT,,1,0
2013,SEP,MATEBELELAND NORTH,BUBI,COMMUNAL,-19.46722222,28.52861111,ALL,ALL,6,5,0
2013,SEP,MATEBELELAND NORTH,BUBI,COMMUNAL,-19.46722222,28.52861111,ALL,JUVENILE,,2,0
2013,SEP,MATABELELAND SOUTH,BEITBRIDGE,RESETTLEMENT,-21.7481,29.9158,ALL,ADULT,25,2,0
2013,OCT,MATABELELAND SOUTH,BEITBRIDGE,COMMUNAL,-22.1028,30.3464,ALL,ADULT,48,5,0
2013,OCT,MATABELELAND SOUTH,BULILIMA,COMMUNAL,-20.524,28.4053,ALL,ADULT,626,3,0
2013,OCT,MATABELELAND SOUTH,BULILIMA,COMMUNAL,-20.3975,28.2418,ALL,ALL,239,8,0
2013,OCT,MATABELELAND SOUTH,BULILIMA,COMMUNAL,-20.613,28.3522,ALL,ADULT,211,3,0
2013,OCT,MATABELELAND SOUTH,MANGWE,COMMUNAL,-21.3042,28.1578,ALL,ADULT,1746,2,0
2013,OCT,MATABELELAND SOUTH,MANGWE,COMMUNAL,-21.3042,28.1578,ALL,ADULT,1746,2,0
2013,OCT,MANICALAND,CHIMANIMANI,COMMUNAL,-17.64756,32.46869,ALL,ALL,17,3,0
2013,OCT,MANICALAND,CHIMANIMANI,COMMUNAL,-17.51657,32.5522,MALE,ADULT,7,1,0
2013,OCT,MANICALAND,CHIMANIMANI,COMMUNAL,-17.51657,32.5522,MALE,ADULT,10,2,0
2013,OCT,MANICALAND,MAKONI,COMMUNAL,-18.64201,32.09834,ALL,ADULT,24,2,0
2013,OCT,MANICALAND,MUTARE,COMMUNAL,-19.37788,32.53374,ALL,ADULT,889,2,0
2013,OCT,MASHONALAND WEST,CHEGUTU,COMMUNAL,-17.264,30.74357,ALL,ADULT,432,3,0
2013,OCT,MASHONALAND WEST,CHEGUTU,COMMUNAL,#REF!,#REF!,MALE,ADULT,654,1,0
2013,OCT,MASHONALAND CENTRAL,BINDURA,COMMUNAL,-17.0895,31.27707,MALE,ADULT,830,1,0
2013,OCT,MASHONALAND CENTRAL,CENTENARY,COMMUNAL,-16.40412,31.10063,ALL,ALL,2491,4,0
2013,OCT,MASHONALAND EAST,MUDZI,COMMUNAL,#REF!,#REF!,FEMALE,ADULT,7,1,0
2013,OCT,MASVINGO,MASVINGO,COMMUNAL,-20.62569685,30.85718053,MALE,ADULT,,5,
2013,OCT,MASVINGO,MASVINGO,COMMUNAL,-20.62569685,30.85718053,FEMALE,ADULT,1898,1,
2013,OCT,MASVINGO,MASVINGO,COMMUNAL,-20.38015291,30.72462382,FEMALE,ADULT,596,1,
2013,OCT,MASVINGO,MASVINGO,COMMUNAL,-20.38015291,30.72462382,MALE,ADULT,14,1,
2013,OCT,MASVINGO,MASVINGO,COMMUNAL,-18.07069656,32.23743197,MALE,ADULT,32,1,
2013,OCT,MASVINGO,MASVINGO,COMMUNAL,-18.07069656,32.23743197,ALL,ALL,132,10,
2013,OCT,MASVINGO,MASVINGO,COMMUNAL,-18.07069656,32.23743197,MALE,ADULT,8,1,
2013,OCT,MASVINGO,CHIREDZI,COMMUNAL,-21.16239,31.5102,FEMALE,JUVENILE,1742,1,0
2013,OCT,MASVINGO,CHIREDZI,COMMUNAL,-21.16239,31.5102,MALE,ADULT,1690,1,0
2013,OCT,MASVINGO,CHIREDZI,COMMUNAL,-20.49037,31.18494,ALL,ALL,2630,4,0
2013,OCT,MASVINGO,CHIREDZI,COMMUNAL,-20.15412,31.21968,ALL,ADULT,1157,2,0
2013,OCT,MASVINGO,CHIREDZI,COMMUNAL,-20.4522,31.15222,FEMALE,ADULT,1973,7,0
2013,OCT,MASVINGO,CHIREDZI,COMMUNAL,-20.49237,31.18494,ALL,ADULT,2263,3,1
2013,OCT,MASVINGO,CHIREDZI,COMMUNAL,-20.49237,31.18494,ALL,ADULT,2004,2,2
2013,OCT,MASVINGO,CHIREDZI,COMMUNAL,-20.5657,31.0853,FEMALE,ADULT,1886,3,0
2013,OCT,MASVINGO,CHIREDZI,COMMUNAL,-20.55596,31.39582,ALL,ALL,1565,218,0
2013,OCT,MASVINGO,CHIREDZI,COMMUNAL,#REF!,#REF!,ALL,ALL,1285,3,0
2013,OCT,MASVINGO,BIKITA,COMMUNAL,-20.38559,31.88969,ALL,ALL,1123,46,2
2013,OCT,MASVINGO,BIKITA,RESETTLEMENT,-20.32368,31.70458,ALL,ALL,16,1,
2013,OCT,MASVINGO,CHIREDZI,COMMUNAL,-20.56577,31.0853,FEMALE,ADULT,1886,3,0
2013,OCT,MASVINGO,CHIREDZI,COMMUNAL,#REF!,#REF!,ALL,ALL,1285,3,0
2013,OCT,MASVINGO,MWENEZI,COMMUNAL,-21.24325,30.42018,ALL,ALL,15,11,0
2013,OCT,MASVINGO,MWENEZI,COMMUNAL,-21.24325,30.42018,MALE,ADULT,21,1,1
2013,OCT,MATEBELELAND NORTH,TSHOLOTSHO,COMMUNAL,-20.43775597,27.91929601,MALE,ADULT,7,1,0
2013,OCT,MATEBELELAND NORTH,HWANGE,COMMUNAL,-18.04717,26.242,FEMALE,ADULT,13,1,0
2013,OCT,MATEBELELAND NORTH,HWANGE,COMMUNAL,-18.04717,26.242,ALL,ADULT,3,2,0
2013,OCT,MATEBELELAND NORTH,HWANGE,COMMUNAL,-18.2125,26.49194444,ALL,ADULT,97,7,0
2013,OCT,MIDLANDS,KWEKWE,COMMUNAL,-19.02657,29.21425,FEMALE,JUVENILE,1416,1,0
2013,OCT,MIDLANDS,MBERENGWA,COMMUNAL,-20.92188,30.2228,MALE,ADULT,2279,3,0
2013,OCT,MIDLANDS,GOKWE SOUTH,COMMUNAL,-18.20861,28.99788,MALE,ADULT,1894,1,0
2013,OCT,MIDLANDS,GWERU,COMMERCIAL,-19.81518317,29.63853873,FEMALE,ADULT,12,1,0
2013,OCT,MIDLANDS,KWEKWE,COMMUNAL,-19.10046,29.9228,FEMALE,ADULT,1030,1,0
2013,OCT,MIDLANDS,CHIRUMANZU,COMMUNAL,-19.4735,30.47353,MALE,ADULT,1716,1,0
2013,OCT,MIDLANDS,KWEKWE,COMMUNAL,-19.09562,30.14523,ALL,ALL,533,5,0
2013,OCT,MIDLANDS,GOKWE SOUTH,COMMUNAL,-18.14869,28.77596,ALL,ADULT,2077,2,0
2013,SEP,MASHONALAND WEST,ZVIMBA,COMMUNAL,-17.6069,29.97262,FEMALE,ADULT,35,1,0
2013,SEP,MASHONALAND WEST,ZVIMBA,COMMERCIAL,17.8999,30.30557,MALE,ADULT,613,4,0
2013,SEP,MASHONALAND WEST,ZVIMBA,COMMUNAL,17.259,30.33477,MALE,ADULT,702,3,0
2013,SEP,MASHONALAND WEST,ZVIMBA,COMMUNAL,-17.3496,30.35504,FEMALE,ADULT,9,1,0
2013,SEP,MASHONALAND WEST,ZVIMBA,COMMUNAL,-20.97752483,28.28615253,FEMALE,ADULT,15,1,0
2013,SEP,MASHONALAND WEST,ZVIMBA,COMMUNAL,-17.5833,30.27357,FEMALE,JUVENILE,762,2,0
2013,SEP,MASHONALAND WEST,HURUNGWE,COMMUNAL,-17.1764,29.99696,FEMALE,JUVENILE,788,1,0
2013,SEP,MASHONALAND WEST,HURUNGWE,COMMUNAL,-16.6837,29.44072,ALL,ADULT,1322,1,0
2013,SEP,MASHONALAND WEST,HURUNGWE,COMMUNAL,-16.3955,29.32286,FEMALE,ADULT,1521,1,1
2013,SEP,MASHONALAND WEST,ZVIMBA,COMMUNAL,-17.7574,30.45375,ALL,ALL,62,15,0
2013,SEP,MASHONALAND WEST,ZVIMBA,COMMUNAL,-17.2058,30.40979,ALL,ALL,596,2,0
2013,NOV,MASHONALAND CENTRAL,BINDURA,COMMUNAL,-16.92155,31.30715,FEMALE,ADULT,670,2,0
2013,NOV,MASHONALAND CENTRAL,BINDURA,COMMUNAL,-16.88481,31.28606,FEMALE,ADULT,995,1,0
2013,NOV,MASHONALAND CENTRAL,BINDURA,COMMUNAL,-17.03726,31.26995,FEMALE,ADULT,12,1,0
2013,NOV,MASHONALAND CENTRAL,BINDURA,RESETTLEMENT,-17.22554,31.26223,ALL,ADULT,30,2,0
2013,NOV,MASHONALAND CENTRAL,MAZOWE,COMMUNAL,-17.26444,31.14744,FEMALE,ADULT,1289,1,0
2013,NOV,MASHONALAND CENTRAL,MAZOWE,COMMUNAL,-17.33331,30.6929,ALL,ALL,121,3,0
2013,NOV,MASHONALAND CENTRAL,MAZOWE,COMMUNAL,-17.85219,30.69533,ALL,ALL,978,2,0
2013,NOV,MASHONALAND CENTRAL,MT DARWIN,COMMUNAL,-16.73211,31.7855,ALL,ADULT,1324,2,0
2013,NOV,MASHONALAND CENTRAL,MT DARWIN,COMMUNAL,-16.73211,31.7855,ALL,ADULT,1324,4,0
2013,NOV,MIDLANDS,CHIRUMANZU,COMMERCIAL,#REF!,#REF!,FEMALE,ADULT,25,1,0
2013,NOV,MIDLANDS,MBERENGWA,COMMUNAL,-20.72321,29.97919,MALE,ADULT,2243,1,0
2013,NOV,MIDLANDS,MBERENGWA,COMMUNAL,-20.92188,30.2228,ALL,ALL,2270,2,0
2013,NOV,MIDLANDS,GOKWE SOUTH,COMMUNAL,-18.18265,28.95725,MALE,JUVENILE,1613,1,0
2013,NOV,MIDLANDS,GOKWE NORTH,COMMUNAL,-17.53112,29.39308,MALE,ADULT,1435,1,0
2013,NOV,MIDLANDS,GOKWE SOUTH,COMMERCIAL,-18.511,29.075,FEMALE,ADULT,58,3,0
2013,NOV,MIDLANDS,GOKWE NORTH,COMMUNAL,-17.53543,29.10319,ALL,ADULT,1499,2,0
2013,NOV,MIDLANDS,ZVISHAVANE,COMMUNAL,-20.01241,30.02164,FEMALE,ADULT,2117,1,0
2013,NOV,MIDLANDS,ZVISHAVANE,COMMUNAL,-20.01241,30.02164,FEMALE,ADULT,2117,1,0
2013,NOV,MIDLANDS,GWERU,COMMUNAL,#REF!,#REF!,MALE,ADULT,846,1,0
2013,NOV,MIDLANDS,GWERU,COMMUNAL,-19.28875,29.38098,FEMALE,ADULT,934,1,0
2013,NOV,MIDLANDS,CHIRUMANZU,COMMUNAL,-19.1327,30.7199,MALE,ADULT,887,1,0
2013,NOV,MIDLANDS,KWEKWE,COMMUNAL,-18.62364,29.42368,FEMALE,ADULT,2264,1,0
2013,NOV,MIDLANDS,CHIRUMANZU,COMMUNAL,-19.1588,30.31121,MALE,ADULT,801,1,0
2013,NOV,MIDLANDS,KWEKWE,COMMERCIAL,-18.93761,29.79395,FEMALE,ADULT,820,1,0
2013,NOV,MIDLANDS,KWEKWE,COMMUNAL,-19.15148,29.25019,FEMALE,ADULT,1579,1,0
2013,NOV,MIDLANDS,GOKWE NORTH,COMMUNAL,-17.28404,28.72879,MALE,ADULT,1460,2,0
2013,NOV,MIDLANDS,GOKWE NORTH,COMMUNAL,-17.42957,28.28786,ALL,ADULT,1582,2,0
2013,NOV,MIDLANDS,CHIRUMANZU,COMMUNAL,-19.279,30.186,FEMALE,ADULT,151,1,0
2013,NOV,MIDLANDS,SHURUGWI,COMMUNAL,-19.3795,30.22496,ALL,ALL,1325,4,0
2013,NOV,MIDLANDS,CHIRUMANZU,COMMUNAL,-18.9998,30.68113,ALL,ALL,263,3,0
2013,NOV,MIDLANDS,MBERENGWA,COMMUNAL,-20.39439,30.28294,MALE,ADULT,1674,1,0
2013,NOV,MIDLANDS,CHIRUMANZU,COMMUNAL,-18.9653,30.53436,ALL,ALL,1165,1,0
2013,NOV,MIDLANDS,GWERU,COMMUNAL,-19.25501,29.41321,ALL,ALL,868,2,0
2013,NOV,MIDLANDS,CHIRUMANZU,COMMUNAL,-19.24613254,30.35182911,MALE,ADULT,701,1,0
2013,NOV,MIDLANDS,CHIRUMANZU,COMMUNAL,-19.4795,30.26588,MALE,ADULT,972,1,0
2013,NOV,MATABELELAND SOUTH,INSIZA,COMMUNAL,-21.0969,29.5006,MALE,ADULT,26,1,0
2013,NOV,MATABELELAND SOUTH,INSIZA,RESETTLEMENT,-20.2692,29.5442,ALL,ALL,204,8,0
2013,NOV,MATABELELAND SOUTH,BEITBRIDGE,COMMUNAL,22.1225,30.6338,MALE,JUVENILE,2012,1,0
2013,NOV,MATABELELAND SOUTH,MANGWE,COMMUNAL,-21.3042,28.1578,ALL,ALL,1610,3,0
2013,NOV,MATABELELAND SOUTH,BULILIMA,COMMUNAL,-20.524,28.4053,ALL,ALL,487,5,0
2013,NOV,MATABELELAND SOUTH,BULILIMA,COMMUNAL,-20.3975,28.2418,FEMALE,ALL,258,3,0
2013,NOV,MATEBELELAND NORTH,BINGA,COMMUNAL,#REF!,#REF!,MALE,ADULT,,1,0
2013,NOV,MASHONALAND EAST,CHIKOMBA,COMMUNAL,-19.13305,30.46558,FEMALE,ADULT,12,1,0
2013,NOV,MASHONALAND EAST,CHIKOMBA,COMMUNAL,-18.59179,30.42556,FEMALE,ADULT,30,1,0
2013,OCT,MASHONALAND EAST,CHIKOMBA,COMMUNAL,-18.57161,31.38178,ALL,ADULT,5,2,0
2013,NOV,MANICALAND,CHIMANIMANI,COMMUNAL,-17.938,32.45813,FEMALE,ADULT,11,1,0
2013,NOV,MANICALAND,CHIMANIMANI,COMMUNAL,-17.6004,32.50871,ALL,ALL,6,2,0
2013,NOV,MANICALAND,CHIMANIMANI,COMMUNAL,-17.64756,32.46869,MALE,JUVENILE,1,1,0
2013,NOV,MANICALAND,CHIMANIMANI,COMMUNAL,-17.56554,32.54314,FEMALE,ADULT,10,1,0
2013,NOV,MANICALAND,CHIMANIMANI,COMMUNAL,-17.51657,32.5522,MALE,ADULT,15,2,0
2013,NOV,MANICALAND,MUTARE,COMMUNAL,-19.31901,32.32793,MALE,ADULT,12,2,0
2013,NOV,MANICALAND,MUTARE,COMMUNAL,-19.44568,32.71668,ALL,ADULT,525,2,1
2013,NOV,MANICALAND,MUTARE,COMMUNAL,-19.37788,32.53742,ALL,ADULT,1015,4,0
2013,NOV,MASHONALAND WEST,HURUNGWE,COMMUNAL,-16.5666,29.41958,MALE,ADULT,1397,1,1
2013,NOV,MASHONALAND WEST,HURUNGWE,COMMUNAL,-17.1764,28.99696,FEMALE,ADULT,781,1,0
2013,NOV,MASHONALAND WEST,HURUNGWE,COMMUNAL,-16.674,29.49873,ALL,ALL,674,8,0
2013,NOV,MASHONALAND WEST,HURUNGWE,COMMUNAL,-17.2413,28.82282,FEMALE,ADULT,101,1,
2013,NOV,MASHONALAND WEST,ZVIMBA,COMMUNAL,-17.9005,30.34802,FEMALE,ADULT,453,2,0
2013,NOV,MASHONALAND WEST,ZVIMBA,COMMERCIAL,-17.264,30.74357,MALE,ADULT,13,1,0
2013,NOV,MASVINGO,CHIVI,COMMUNAL,-20.08255438,30.75948246,ALL,ALL,1536,2,1
2013,DEC,MASHONALAND EAST,CHIKOMBA,COMMUNAL,-19.06122,-31.13067,MALE,ADULT,10,1,0
2013,DEC,MANICALAND,CHIMANIMANI,COMMUNAL,-17.938,32.45813,MALE,ADULT,6,1,0
2013,DEC,MANICALAND,CHIMANIMANI,COMMUNAL,-17.91532,32.38105,FEMALE,ADULT,3,1,0
2013,DEC,MANICALAND,CHIMANIMANI,COMMUNAL,-17.77723,32.72535,ALL,ALL,3,3,0
2013,DEC,MANICALAND,CHIMANIMANI,COMMUNAL,-17.77723,32.72535,ALL,ALL,2,2,0
2013,DEC,MANICALAND,CHIMANIMANI,COMMUNAL,-17.56554,32.54314,MALE,ADULT,10,1,0
2013,DEC,MANICALAND,CHIMANIMANI,COMMUNAL,-17.51657,32.5522,MALE,ADULT,11,1,0
2013,DEC,MANICALAND,CHIMANIMANI,COMMUNAL,-17.51657,32.5522,MALE,JUVENILE,13,1,0
2013,DEC,MANICALAND,CHIMANIMANI,COMMUNAL,-17.51657,32.5522,ALL,ADULT,12,1,2
2013,DEC,MANICALAND,CHIMANIMANI,COMMUNAL,-17.51657,32.5522,MALE,ADULT,6,1,0
2013,DEC,MANICALAND,BUHERA,COMMUNAL,-19.49091,31.70329,MALE,ADULT,2240,1,0
2013,DEC,MANICALAND,CHIPINGE,COMMUNAL,-20.68385,32.25013,FEMALE,ADULT,4,2,0
2013,DEC,MANICALAND,CHIPINGE,COMMUNAL,-20.923,32.36091,ALL,ADULT,8,1,0
2013,DEC,MANICALAND,CHIPINGE,COMMUNAL,-20.68383,32.25013,ALL,ADULT,2,1,0
2013,DEC,MANICALAND,CHIPINGE,COMMUNAL,-20.68385,32.25013,FEMALE,ALL,7,1,0
2013,DEC,MANICALAND,CHIPINGE,COMMUNAL,-20.923,32.3609,FEMALE,JUVENILE,5,1,0
2013,DEC,MANICALAND,CHIPINGE,COMMUNAL,-20.68383,32.25013,ALL,ALL,3,1,0
2013,DEC,MANICALAND,CHIPINGE,COMMUNAL,-20.23,32.3609,FEMALE,ALL,2,1,0
2013,DEC,MANICALAND,CHIPINGE,COMMUNAL,-20.68385,32.25013,FEMALE,ALL,12,1,0
2013,DEC,MANICALAND,CHIPINGE,COMMUNAL,-20.68385,32.2501,FEMALE,ALL,5,4,0
2013,DEC,MANICALAND,CHIPINGE,COMMUNAL,-20.68385,32.25013,ALL,ALL,4,1,0
2013,DEC,MANICALAND,MAKONI,COMMUNAL,-18.41629,32.36724,MALE,ADULT,12,2,0
2013,DEC,MANICALAND,MAKONI,COMMUNAL,-18.6255,32.26538,MALE,ADULT,14,1,0
2013,DEC,MANICALAND,MAKONI,COMMUNAL,-18.83551,32.07013,MALE,JUVENILE,28,4,0
2013,DEC,MANICALAND,MAKONI,COMMERCIAL,#REF!,#REF!,ALL,ALL,34,3,0
2013,DEC,MANICALAND,MAKONI,COMMUNAL,-18.10018,32.18902,ALL,ALL,13,2,0
2013,DEC,MANICALAND,MUTARE,COMMUNAL,-19.32795,32.32795,MALE,ADULT,12,2,0
2013,DEC,MANICALAND,NYANGA,COMMUNAL,-17.17463,32.74039,FEMALE,JUVENILE,9,1,0
2013,DEC,MASHONALAND CENTRAL,BINDURA,COMMUNAL,-16.88481,31.28606,MALE,ADULT,1001,1,0
2013,DEC,MASHONALAND CENTRAL,BINDURA,COMMUNAL,-17.25777,31.37303,ALL,ALL,1322,2,0
2013,DEC,MASHONALAND CENTRAL,CENTENARY,COMMUNAL,-16.35176,30.96004,ALL,ALL,2365,6,0
2013,DEC,MASHONALAND CENTRAL,MAZOWE,COMMUNAL,-16.94829,30.92028,MALE,ADULT,169,2,0
2013,DEC,MASHONALAND CENTRAL,MAZOWE,COMMUNAL,-17.16719,31.10113,FEMALE,ADULT,1791,1,0
2013,DEC,MASHONALAND CENTRAL,MBIRE,COMMUNAL,-16.03359,31.04518,FEMALE,ADULT,1817,1,0
2013,DEC,MASHONALAND CENTRAL,MBIRE,COMMUNAL,-16.17806,30.57692,ALL,ALL,3809,4,0
2013,DEC,MASHONALAND CENTRAL,MT DARWIN,COMMUNAL,-16.49689,31.39866,ALL,ADULT,1972,2,0
2013,DEC,MASHONALAND CENTRAL,MT DARWIN,COMMUNAL,-16.46622,31.74826,ALL,ADULT,3243,2,0
2013,DEC,MASHONALAND CENTRAL,MT DARWIN,COMMUNAL,-16.55815,31.66584,ALL,ADULT,1496,5,0
2013,DEC,MASHONALAND CENTRAL,MT DARWIN,COMMUNAL,-16.54642,31.71934,ALL,ADULT,1518,5,0
2013,DEC,MASHONALAND CENTRAL,MT DARWIN,COMMUNAL,-16.82047,31.28312,FEMALE,ADULT,437,1,0
2013,DEC,MASHONALAND CENTRAL,MT DARWIN,COMMUNAL,-16.20587,31.61079,MALE,ADULT,1992,1,0
2013,DEC,MASHONALAND CENTRAL,MT DARWIN,COMMUNAL,-16.81548,31.45792,ALL,ALL,1722,28,0
2013,DEC,MASHONALAND CENTRAL,MT DARWIN,COMMUNAL,-16.70643,31.73923,FEMALE,ADULT,1461,1,0
2013,DEC,MASHONALAND CENTRAL,RUSHINGA,COMMUNAL,-16.61496,32.50371,ALL,ADULT,2560,2,0
2013,DEC,MASHONALAND CENTRAL,RUSHINGA,COMMUNAL,-16.61558,32.30136,MALE,ADULT,2510,2,0
2013,DEC,MATABELELAND SOUTH,MATOBO,COMMUNAL,-21.1983,28.4944,FEMALE,ADULT,21,1,0
2013,DEC,MATABELELAND SOUTH,MATOBO,COMMUNAL,-20.9914,28.3092,MALE,ADULT,31,2,0
2013,DEC,MATABELELAND SOUTH,GWANDA,COMMUNAL,-21.1234,29.7256,ALL,ALL,1422,7,0
2013,DEC,MATABELELAND SOUTH,GWANDA,RESETTLEMENT,#REF!,#REF!,ALL,ALL,68,3,0
2013,DEC,MATABELELAND SOUTH,INSIZA,COMMUNAL,-20.48,29.7397,MALE,ADULT,24,1,0
2013,DEC,MATABELELAND SOUTH,INSIZA,COMMUNAL,-20.384,29.4261,FEMALE,JUVENILE,3,1,0
2013,DEC,MATABELELAND SOUTH,INSIZA,COMMUNAL,-21.0969,29.5006,FEMALE,ADULT,12,2,0
2013,DEC,MATABELELAND SOUTH,INSIZA,COMMUNAL,-21.0969,29.5006,FEMALE,JUVENILE,2,1,0
2013,DEC,MATABELELAND SOUTH,INSIZA,COMMUNAL,-21.0969,29.5006,ALL,ADULT,5,3,2
2013,DEC,MATABELELAND SOUTH,INSIZA,COMMUNAL,-20.2722,29.6467,FEMALE,ADULT,21,2,0
2013,DEC,MATABELELAND SOUTH,INSIZA,RESETTLEMENT,-20.041,29.7078,ALL,ADULT,43,3,0
2013,DEC,MATEBELELAND NORTH,LUPANE,COMMUNAL,-18.99254999,27.77238586,FEMALE,ADULT,9,1,0
2013,DEC,MIDLANDS,GOKWE SOUTH,COMMUNAL,-18.03221,28.60124,ALL,ADULT,958,2,0
2013,DEC,MIDLANDS,MBERENGWA,COMMUNAL,-20.22321,29.97919,MALE,ADULT,2250,3,1
2013,DEC,MIDLANDS,GOKWE SOUTH,COMMUNAL,-18.34267,29.12043,MALE,ADULT,1821,2,0
2013,DEC,MIDLANDS,GWERU,COMMUNAL,-19.14121,30.09262,ALL,ALL,900,3,0
2013,DEC,MIDLANDS,GOKWE NORTH,COMMUNAL,-17.53112,29.39308,ALL,ADULT,1439,3,0
2013,DEC,MIDLANDS,ZVISHAVANE,COMMUNAL,-20.35158281,29.97393905,ALL,ADULT,1351,2,1
2013,DEC,MIDLANDS,ZVISHAVANE,COMMUNAL,-20.35158281,29.97393905,FEMALE,ADULT,1349,1,0
2013,DEC,MIDLANDS,ZVISHAVANE,COMMUNAL,-20.35158281,29.97393905,FEMALE,ADULT,1349,1,0
2013,DEC,MIDLANDS,GOKWE SOUTH,COMMUNAL,-18.26359,29.28383,MALE,ADULT,3688,1,0
2013,DEC,MIDLANDS,GOKWE NORTH,COMMUNAL,-17.53543,29.10319,ALL,ALL,1517,5,0
2013,DEC,MIDLANDS,ZVISHAVANE,COMMUNAL,-20.01241,-30.02164,ALL,ALL,5076,37,2
2013,DEC,MIDLANDS,GOKWE NORTH,COMMUNAL,-17.36375,28.22471,ALL,ADULT,1878,2,0
2013,DEC,MIDLANDS,GOKWE NORTH,COMMUNAL,-17.496355,28.65306,FEMALE,ADULT,1046,1,0
2013,DEC,MIDLANDS,KWEKWE,COMMUNAL,-18.27899069,29.70787168,MALE,ADULT,796,1,0
2013,DEC,MIDLANDS,GOKWE SOUTH,COMMUNAL,-18.46109,28.46214,ALL,ALL,2308,2,0
2013,DEC,MIDLANDS,GOKWE NORTH,COMMUNAL,-17.32646,28.95483,FEMALE,ADULT,1818,1,0
2013,DEC,MIDLANDS,GOKWE NORTH,COMMUNAL,-17.6333,28.50805,FEMALE,ADULT,1688,1,0
2013,DEC,MIDLANDS,GWERU,COMMUNAL,-19.28875,29.38098,MALE,ADULT,923,1,1
2013,DEC,MIDLANDS,GWERU,COMMUNAL,-19.28875,29.38098,MALE,ADULT,923,1,0
2013,DEC,MIDLANDS,GWERU,COMMUNAL,-19.28875,29.38098,MALE,ADULT,923,1,0
2013,DEC,MIDLANDS,GWERU,COMMUNAL,-19.28875,29.32656,ALL,ADULT,926,3,1
2013,DEC,MIDLANDS,GWERU,COMMUNAL,-19.28875,29.38098,MALE,ADULT,923,1,0
2013,DEC,MIDLANDS,ZVISHAVANE,COMMUNAL,-20.067,29.54561,FEMALE,ADULT,1604,1,1
2013,DEC,MIDLANDS,CHIRUMANZU,COMMUNAL,-19.1588,30.31121,MALE,ADULT,801,1,0
2013,DEC,MIDLANDS,GOKWE NORTH,COMMUNAL,-17.42957,28.28786,MALE,ADULT,986,2,0
2013,DEC,MIDLANDS,GWERU,COMMUNAL,-19.16488847,29.64603395,MALE,ALL,527,2,0
2013,DEC,MIDLANDS,SHURUGWI,COMMUNAL,-19.3795,30.22496,ALL,ALL,1290,14,1
2013,DEC,MIDLANDS,CHIRUMANZU,COMMUNAL,-18.9998,30.68113,ALL,ADULT,262,2,0
2013,DEC,MIDLANDS,GOKWE SOUTH,COMMUNAL,-17.81861,28.63129,ALL,ADULT,4037,6,0
2013,DEC,MIDLANDS,KWEKWE,COMMUNAL,-18.73055,29.45286,MALE,ADULT,2658,1,0
2013,DEC,MIDLANDS,CHIRUMANZU,COMMUNAL,-19.4765,30.17692,ALL,ADULT,827,2,0
2013,DEC,MASHONALAND WEST,CHEGUTU,COMMUNAL,S18.5974,30.4586,ALL,ALL,289,4,0
2013,DEC,MASHONALAND WEST,CHEGUTU,COMMERCIAL,-17.97411074,30.45257517,ALL,ADULT,203,5,0
2013,DEC,MASHONALAND WEST,CHEGUTU,COMMUNAL,S18.5974,30.4586,ALL,ADULT,289,4,0
2013,DEC,MASHONALAND WEST,CHEGUTU,COMMERCIAL,S17.9872,30.78175,ALL,ADULT,215,3,0
2013,DEC,MASHONALAND WEST,ZVIMBA,COMMUNAL,-17.97411074,30.45257517,ALL,ALL,1509,51,0
2013,DEC,MASHONALAND WEST,SANYATI,RESETTLEMENT,-18.0673,29.93648,ALL,ALL,670,82,0
2013,DEC,MASHONALAND WEST,SANYATI,COMMUNAL,-17.3142,29.59189,ALL,ALL,700,50,17
2013,DEC,MASHONALAND WEST,SANYATI,COMMUNAL,-17.9848,29.42022,FEMALE,ADULT,777,1,0
2013,DEC,MASHONALAND WEST,SANYATI,COMMUNAL,-17.4254,29.36564,MALE,ADULT,707,1,0
2013,DEC,MASHONALAND WEST,SANYATI,COMMUNAL,-17.4254,29.36564,MALE,ADULT,707,1,0
2013,DEC,MASHONALAND WEST,SANYATI,COMMUNAL,-17.4748,29.84565,ALL,ALL,1962,1,1
2013,DEC,MASHONALAND WEST,SANYATI,RESETTLEMENT,-17.8392,29.50501,ALL,ALL,977,3,1
2013,DEC,MASHONALAND WEST,SANYATI,COMMUNAL,-17.3341,29.44222,FEMALE,ADULT,559,1,1
2013,DEC,MASHONALAND WEST,SANYATI,COMMUNAL,-17.8778,29.29888,ALL,ALL,169,1,0
2013,DEC,MASHONALAND WEST,HURUNGWE,COMMUNAL,-16.5666,29.41958,MALE,ADULT,1402,1,1
2013,DEC,MASHONALAND WEST,HURUNGWE,COMMUNAL,-16.3955,29.32861,FEMALE,ADULT,1519,1,1
2013,DEC,MASHONALAND WEST,HURUNGWE,COMMUNAL,-16.6213,29.3734,ALL,ADULT,1456,7,4
2013,DEC,MASHONALAND WEST,HURUNGWE,COMMUNAL,-17.1764,28.99696,MALE,ADULT,781,1,0
2013,DEC,MASHONALAND WEST,HURUNGWE,COMMUNAL,-16.6633,29.63542,MALE,ADULT,562,1,0
2013,DEC,MASHONALAND WEST,HURUNGWE,COMMUNAL,-16.7945,29.91514,MALE,ADULT,2745,1,0
2014,JAN,MATABELELAND SOUTH,MATOBO,COMMUNAL,-20.4025,28.6603,FEMALE,JUVENILE,23,2,0
2014,JAN,MATABELELAND SOUTH,BULILIMA,COMMUNAL,-20.1989,27.3639,FEMALE,ADULT,1700,2,0
2014,JAN,MATABELELAND SOUTH,BULILIMA,COMMUNAL,-20.0125,27.4469,ALL,ADULT,44,4,0
2014,JAN,MATABELELAND SOUTH,MANGWE,COMMUNAL,-20.8306,28.0439,ALL,ADULT,443,27,1
2014,JAN,MATABELELAND SOUTH,MANGWE,COMMUNAL,-20.8306,28.0439,ALL,ALL,347,16,2
2014,JAN,MATABELELAND SOUTH,MANGWE,COMMUNAL,-21.1219,28.1242,ALL,ALL,2671,4,0
2014,JAN,MATABELELAND SOUTH,MANGWE,COMMUNAL,-21.1256,28.2044,ALL,ALL,1072,3,0
2014,JAN,MATABELELAND SOUTH,MANGWE,COMMUNAL,-21.2178,28.2133,ALL,ALL,2800,5,0
2014,JAN,MATABELELAND SOUTH,MANGWE,COMMUNAL,-21.4317,28.1397,ALL,ALL,840,3,0
2014,JAN,MATABELELAND SOUTH,INSIZA,COMMUNAL,-20.893,29.635,MALE,JUVENILE,3,1,0
2014,JAN,MATABELELAND SOUTH,INSIZA,COMMUNAL,-20.864,29.5011,MALE,JUVENILE,25,1,1
2014,JAN,MATABELELAND SOUTH,INSIZA,COMMUNAL,-20.864,29.5011,FEMALE,JUVENILE,12,1,1
2014,JAN,MATABELELAND SOUTH,INSIZA,COMMUNAL,-20.893,29.635,MALE,JUVENILE,4,1,0
2014,JAN,MATABELELAND SOUTH,INSIZA,COMMUNAL,-20.893,29.635,MALE,JUVENILE,6,3,0
2014,JAN,MATABELELAND SOUTH,INSIZA,COMMUNAL,-19.968,29.6853,ALL,ADULT,20,4,0
2014,JAN,MATABELELAND SOUTH,INSIZA,COMMUNAL,-19.789,29.3886,ALL,ALL,13,4,0
2014,JAN,MATABELELAND SOUTH,INSIZA,COMMUNAL,-19.789,29.3886,ALL,ALL,14,4,1
2014,JAN,MATABELELAND SOUTH,INSIZA,RESETTLEMENT,-20.885,29.5822,MALE,ADULT,61,3,0
2014,JAN,MATABELELAND SOUTH,INSIZA,COMMUNAL,-21.0968,29.5006,FEMALE,ADULT,2,1,0
2014,JAN,MATABELELAND SOUTH,INSIZA,RESETTLEMENT,-20.245,29.5494,ALL,ALL,230,6,2
2014,JAN,MATABELELAND SOUTH,INSIZA,COMMUNAL,-20.301,29.7392,FEMALE,ADULT,25,1,0
2014,JAN,MATABELELAND SOUTH,INSIZA,COMMUNAL,-20.301,29.7392,MALE,ADULT,6,1,0
2014,JAN,MATABELELAND SOUTH,INSIZA,COMMUNAL,-20.441,29.4656,ALL,ADULT,96,3,0
2014,JAN,MASHONALAND CENTRAL,SHAMVA,COMMUNAL,-16.94891,31.44493,ALL,ALL,1345,5,0
2014,FEB,MASHONALAND WEST,ZVIMBA,COMMUNAL,-17.1798,30.49939,ALL,ALL,419,5,0
2014,JAN,MASHONALAND WEST,ZVIMBA,RESETTLEMENT,-17.97411074,30.45257517,MALE,ADULT,597,2,0
2014,JAN,MASHONALAND WEST,ZVIMBA,COMMUNAL,-17.7574,30.45375,MALE,ADULT,476,1,0
2014,FEB,MASHONALAND WEST,ZVIMBA,RESETTLEMENT,-17.97411074,30.45257517,MALE,ADULT,587,1,0
2014,FEB,MASHONALAND WEST,ZVIMBA,COMMERCIAL,-31.41869361,22.90485349,FEMALE,JUVENILE,43,2,0
2014,MAR,MASHONALAND WEST,ZVIMBA,RESETTLEMENT,-17.97411074,30.45257517,ALL,ALL,42,2,0
2014,FEB,MASHONALAND WEST,ZVIMBA,COMMUNAL,-31.41869361,22.90485349,ALL,ALL,478,4,0
2014,JAN,MASHONALAND WEST,ZVIMBA,COMMUNAL,-17.97411074,30.45257517,ALL,ALL,1603,19,
2014,JAN,MASHONALAND WEST,ZVIMBA,COMMERCIAL,-31.41869361,22.90485349,ALL,ADULT,46,3,0
2014,MAR,MASHONALAND WEST,CHEGUTU,COMMUNAL,-17.97411074,30.45257517,ALL,ALL,693,6,0
2014,FEB,MASHONALAND WEST,ZVIMBA,COMMERCIAL,-31.41869361,22.90485349,MALE,ADULT,66,1,0
2014,JAN,MASHONALAND WEST,ZVIMBA,COMMUNAL,-17.97411074,30.45257517,ALL,ALL,491,5,0
2014,MAR,MASHONALAND WEST,ZVIMBA,COMMUNAL,-31.41869361,22.90485349,MALE,ADULT,15,1,0
2014,FEB,MASHONALAND WEST,ZVIMBA,COMMUNAL,-17.97411074,30.45257517,MALE,ADULT,8,1,0
2014,FEB,MASHONALAND WEST,ZVIMBA,COMMUNAL,-31.41869361,22.90485349,ALL,ALL,26,6,0
2014,FEB,MASHONALAND WEST,ZVIMBA,COMMUNAL,-17.97411074,30.45257517,MALE,ADULT,1,1,
2014,JAN,MASHONALAND WEST,ZVIMBA,COMMUNAL,-31.41869361,22.90485349,FEMALE,ADULT,7,1,0
2014,JAN,MASHONALAND WEST,ZVIMBA,COMMUNAL,-17.97411074,30.45257517,MALE,ADULT,5,1,0
2014,MAR,MASHONALAND WEST,CHEGUTU,COMMUNAL,-31.41869361,22.90485349,MALE,ADULT,24477,4,0
2014,MAR,MASHONALAND WEST,CHEGUTU,RESETTLEMENT,-17.97411074,30.45257517,FEMALE,ADULT,203,1,0
2014,MAR,MASHONALAND WEST,CHEGUTU,COMMUNAL,-31.41869361,22.90485349,ALL,ALL,989,15,0
2014,JAN,MASHONALAND WEST,CHEGUTU,COMMUNAL,-17.97411074,30.45257517,ALL,ALL,2560,2,0
2014,JAN,MASHONALAND WEST,MAKONDE,COMMUNAL,-31.41869361,22.90485349,ALL,ALL,734,3,0
2014,FEB,MASHONALAND WEST,HURUNGWE,COMMUNAL,-16.5962,29.92292,ALL,ADULT,843,3,0
2014,FEB,MASHONALAND WEST,HURUNGWE,COMMUNAL,-16.3254,29.9522,MALE,ADULT,1998,1,0
2014,FEB,MASHONALAND WEST,HURUNGWE,COMMUNAL,-16.7945,29.91514,FEMALE,ADULT,2766,1,0
2014,FEB,MASVINGO,ZAKA,COMMUNAL,-20.61599,31.71318,ALL,ALL,1468,1,0
2014,FEB,MASVINGO,ZAKA,COMMUNAL,-31.61754,20.28997,MALE,JUVENILE,8,2,0
2014,FEB,MASVINGO,ZAKA,COMMUNAL,-20.47696,31.34061,ALL,ALL,1976,8,0
2014,FEB,MASVINGO,ZAKA,COMMUNAL,-20.47696,31.34061,ALL,ADULT,1941,3,0
2014,FEB,MASVINGO,ZAKA,COMMUNAL,-20.21503,31.41069,ALL,ALL,3220,17,0
2014,FEB,MASVINGO,ZAKA,COMMUNAL,-20.35803,31.32153,ALL,ALL,2568,124,3
2014,FEB,MASVINGO,MASVINGO,COMMUNAL,-19.98842024,31.21943143,ALL,ADULT,572,3,
2014,FEB,MASVINGO,MASVINGO,COMMUNAL,-19.82351264,31.00269738,ALL,ADULT,21,2,
2014,FEB,MASVINGO,MASVINGO,COMMUNAL,-20.51987142,31.07530969,FEMALE,ADULT,,1,
2014,FEB,MASVINGO,MASVINGO,COMMUNAL,-20.73778018,31.17818049,ALL,ALL,1165,3,
2014,FEB,MASVINGO,MASVINGO,COMMUNAL,-20.73778018,31.17818049,FEMALE,ADULT,1165,1,
2014,FEB,MASVINGO,MASVINGO,COMMUNAL,-20.14218206,31.23783823,ALL,ALL,32,5,1
2014,FEB,MASVINGO,MASVINGO,COMMUNAL,-20.73778018,31.17818049,MALE,ADULT,1165,2,
2014,FEB,MASVINGO,MASVINGO,COMMUNAL,-20.23569,31.1134,ALL,ALL,824,17,3
2014,FEB,MASVINGO,MASVINGO,COMMUNAL,-20.20464,31.163,ALL,ALL,720,7,
2014,FEB,MASVINGO,MASVINGO,COMMUNAL,#REF!,#REF!,MALE,ADULT,800,1,
2014,FEB,MASVINGO,MASVINGO,COMMUNAL,#REF!,#REF!,ALL,ALL,1133,55,1
2014,FEB,MASVINGO,MASVINGO,COMMUNAL,#REF!,#REF!,ALL,ALL,18,3,
2014,FEB,MASVINGO,MASVINGO,COMMUNAL,-20.51987142,31.07530969,FEMALE,ADULT,186,1,
2014,FEB,MASVINGO,MASVINGO,COMMUNAL,-20.62944647,31.18429931,ALL,ALL,,7,
2014,FEB,MASVINGO,MASVINGO,COMMUNAL,#REF!,#REF!,ALL,ADULT,42,4,
2014,FEB,MASVINGO,MASVINGO,COMMUNAL,#REF!,#REF!,ALL,ALL,,10,
2014,FEB,MASVINGO,MASVINGO,COMMUNAL,-20.43852223,31.07057496,ALL,ALL,1010,38,4
2014,FEB,MASVINGO,MASVINGO,COMMUNAL,-20.34226176,31.37561821,ALL,ALL,1297,3,
2014,MAR,MASHONALAND WEST,HURUNGWE,COMMUNAL,-16.91,29.91005,MALE,ADULT,1248,2,0
2014,JAN,MASHONALAND WEST,HURUNGWE,COMMUNAL,-17.0331,29.67244,ALL,ADULT,856,2,0
2014,FEB,MASHONALAND WEST,HURUNGWE,COMMUNAL,-16.6837,29.44072,MALE,ADULT,1261,1,0
2014,JAN,MASHONALAND WEST,HURUNGWE,COMMUNAL,-16.5666,29.41958,ALL,ADULT,1406,2,1
2014,FEB,MASHONALAND WEST,HURUNGWE,COMMUNAL,-17.073,29.36875,MALE,ADULT,2058,3,0
2014,JAN,MASHONALAND WEST,HURUNGWE,COMMUNAL,-17.0552,29.35254,ALL,ADULT,1359,3,0
2014,MAR,MASHONALAND WEST,HURUNGWE,COMMUNAL,-17.0552,29.35254,MALE,ADULT,152,2,0
2014,JAN,MASHONALAND WEST,HURUNGWE,COMMUNAL,-16.3955,29.32861,ALL,ADULT,1539,2,2
2014,JAN,MASHONALAND WEST,HURUNGWE,COMMUNAL,-17.1764,29.99696,FEMALE,JUVENILE,778,1,0
2014,MAR,MASHONALAND WEST,HURUNGWE,COMMUNAL,-18.0262,29.70122,MALE,ADULT,1485,2,0
2014,JAN,MASHONALAND WEST,MAKONDE,COMMUNAL,-17.7665,29.69009,FEMALE,ADULT,5,1,
2014,JAN,MASHONALAND WEST,MAKONDE,COMMUNAL,-17.6651,29.69009,FEMALE,ADULT,1176,1,
2014,JAN,MASHONALAND WEST,MAKONDE,COMMUNAL,-17.3954,29.60052,FEMALE,ADULT,,1,
2014,FEB,MATABELELAND SOUTH,GWANDA,COMMUNAL,-21.0242,29.3406,FEMALE,ADULT,18,3,0
2014,FEB,MATABELELAND SOUTH,GWANDA,COMMUNAL,-21.3792,28.9981,FEMALE,ADULT,8,2,0
2014,FEB,MATABELELAND SOUTH,GWANDA,COMMUNAL,-21.0242,29.3406,FEMALE,ADULT,11,1,0
2014,FEB,MATABELELAND SOUTH,GWANDA,COMMUNAL,-20.8428,28.99,MALE,ADULT,24,2,0
2014,FEB,MATABELELAND SOUTH,GWANDA,COMMUNAL,-21.3792,28.9981,ALL,ALL,5,5,0
2014,FEB,MATABELELAND SOUTH,GWANDA,COMMUNAL,-21.3747,29.0217,FEMALE,ADULT,13,1,0
2014,MAR,MATABELELAND SOUTH,INSIZA,RESETTLEMENT,-20.91,29.6981,ALL,ADULT,754,5,0
2014,MAR,MATABELELAND SOUTH,INSIZA,COMMUNAL,-20.301,29.7392,MALE,ADULT,58,2,1
2014,MAR,MATABELELAND SOUTH,INSIZA,COMMUNAL,-20.2331,29.3497,ALL,ADULT,23,2,0
2014,MAR,MATABELELAND SOUTH,INSIZA,COMMUNAL,-21.0969,29.5006,FEMALE,ADULT,32,7,0
2014,MAR,MATABELELAND SOUTH,INSIZA,COMMUNAL,-20.301,29.7392,FEMALE,ADULT,6,1,0
2014,MAR,MATABELELAND SOUTH,INSIZA,COMMUNAL,-20.2256,29.6403,FEMALE,ADULT,95,2,1
2014,MAR,MATABELELAND SOUTH,INSIZA,COMMUNAL,-20.301,29.7392,MALE,ADULT,6,1,0
2014,MAR,MATABELELAND SOUTH,INSIZA,COMMUNAL,-20.52,29.5947,ALL,ALL,87,6,2
2014,MAR,MATABELELAND SOUTH,INSIZA,RESETTLEMENT,-20.441,29.4656,FEMALE,ADULT,94,1,0
2014,MAR,MATABELELAND SOUTH,INSIZA,COMMUNAL,-21.0969,29.5006,ALL,ALL,75,13,0
2014,MAR,MATABELELAND SOUTH,INSIZA,COMMUNAL,-19.968,29.6853,FEMALE,JUVENILE,3,1,0
2014,MAR,MATABELELAND SOUTH,INSIZA,COMMUNAL,-19.968,29.6853,ALL,ALL,16,5,2
2014,MAR,MATABELELAND SOUTH,INSIZA,COMMUNAL,-19.85,29.2633,MALE,ADULT,3,1,0
2014,MAR,MATABELELAND SOUTH,INSIZA,COMMUNAL,-20.785,29.6108,MALE,ADULT,6,2,1
2014,MAR,MATABELELAND SOUTH,INSIZA,COMMUNAL,-20.5389,29.8578,ALL,ALL,22,5,0
2014,MAR,MATABELELAND SOUTH,INSIZA,COMMUNAL,-20.5389,29.8578,FEMALE,ADULT,18,1,0
2014,MAR,MATABELELAND SOUTH,INSIZA,COMMUNAL,-20.5389,29.8578,MALE,JUVENILE,7,1,0
2014,MAR,MATABELELAND SOUTH,INSIZA,COMMUNAL,-20.5389,29.8578,MALE,JUVENILE,3,1,1
2014,MAR,MATABELELAND SOUTH,INSIZA,COMMUNAL,-20.5389,29.8578,MALE,ADULT,20,1,0
2014,MAR,MATABELELAND SOUTH,INSIZA,COMMUNAL,-20.864,29.9617,ALL,ALL,6,2,0
2014,MAR,MATABELELAND SOUTH,INSIZA,COMMUNAL,-20.178,29.2461,FEMALE,ADULT,2,1,1
2014,MAR,MATABELELAND SOUTH,INSIZA,COMMUNAL,-20.75,29.4047,MALE,ADULT,17,1,1
2014,MAR,MATABELELAND SOUTH,INSIZA,COMMUNAL,-20.75,29.4047,FEMALE,ADULT,21,1,0
2014,MAR,MATABELELAND SOUTH,INSIZA,COMMUNAL,-20.75,29.4047,MALE,ADULT,21,1,0
2014,MAR,MATABELELAND SOUTH,INSIZA,COMMUNAL,-20.75,29.4047,ALL,ALL,23,2,2
2014,MAR,MATABELELAND SOUTH,INSIZA,COMMUNAL,-20.75,29.4047,FEMALE,ADULT,8,1,0
2014,MAR,MATABELELAND SOUTH,INSIZA,RESETTLEMENT,-20.245,29.5494,ALL,ALL,251,17,2
2014,MAR,MATABELELAND SOUTH,INSIZA,RESETTLEMENT,-20.08,29.5531,ALL,ALL,710,24,2
2014,MAR,MATABELELAND SOUTH,INSIZA,RESETTLEMENT,-20.2692,29.5442,ALL,ALL,109,6,0
2014,MAR,MATABELELAND SOUTH,INSIZA,RESETTLEMENT,-20.75,29.4047,ALL,ALL,68,1,0
2014,MAR,MATABELELAND SOUTH,INSIZA,COMMUNAL,-19.891,29.5931,FEMALE,ADULT,4,1,0
2014,MAR,MATABELELAND SOUTH,INSIZA,RESETTLEMENT,-19.796,29.4842,MALE,ADULT,198,2,0
2014,MAR,MATABELELAND SOUTH,INSIZA,COMMUNAL,-20.893,29.635,FEMALE,JUVENILE,32,1,0
2014,MAR,MATABELELAND SOUTH,INSIZA,COMMUNAL,-20.893,29.635,MALE,ADULT,13,1,1
2014,MAR,MATABELELAND SOUTH,INSIZA,COMMUNAL,-20.893,29.635,ALL,ALL,42,2,0
2014,MAR,MATABELELAND SOUTH,INSIZA,COMMUNAL,-20.893,29.635,ALL,JUVENILE,10,2,0
2014,MAR,MATABELELAND SOUTH,INSIZA,COMMUNAL,-20.5167,29.7375,FEMALE,ADULT,10,1,1
2014,MAR,MATABELELAND SOUTH,INSIZA,COMMUNAL,-20.7176,29.4056,FEMALE,ADULT,2,1,0
2014,MAR,MATABELELAND SOUTH,INSIZA,COMMUNAL,-20.6631,29.4764,MALE,ADULT,14,1,0
2014,MAR,MATABELELAND SOUTH,INSIZA,COMMUNAL,-20.089,29.2592,ALL,ALL,11,2,0
2014,MAR,MATABELELAND SOUTH,INSIZA,COMMUNAL,-19.789,29.3886,ALL,ALL,14,2,0
2014,MAR,MATABELELAND SOUTH,INSIZA,COMMUNAL,-20.2231,29.1369,ALL,ALL,14,2,0
2014,MAR,MATABELELAND SOUTH,MATOBO,COMMUNAL,-21.1558,28.4486,ALL,ALL,21,4,1
2014,MAR,MATABELELAND SOUTH,BULILIMA,COMMUNAL,-20.1303,27.525,ALL,ADULT,50,8,0
2014,MAR,MATABELELAND SOUTH,BULILIMA,COMMUNAL,-20.3703,28.2106,ALL,ALL,15,3,0
2014,MAR,MATABELELAND SOUTH,BULILIMA,COMMUNAL,-20.6025,27.6692,MALE,ADULT,19,1,0
2014,MAR,MATABELELAND SOUTH,BULILIMA,COMMUNAL,-20.1154,27.6583,MALE,ADULT,16,1,0
2014,MAR,MATABELELAND SOUTH,BULILIMA,COMMUNAL,-20.29,27.7014,FEMALE,ADULT,645,4,0
2014,MAR,MATABELELAND SOUTH,MANGWE,COMMUNAL,-21.1219,28.1242,ALL,ALL,2683,14,0
2014,MAR,MATABELELAND SOUTH,MANGWE,COMMUNAL,-21.2178,28.2133,ALL,ALL,2875,19,0
2014,MAR,MATABELELAND SOUTH,MANGWE,COMMUNAL,-21.1256,28.2044,ALL,ALL,1080,8,0
2014,MAR,MATABELELAND SOUTH,MANGWE,COMMUNAL,-20.97904492,28.06596074,ALL,ALL,576,5,0
2014,MAR,MATABELELAND SOUTH,MANGWE,COMMUNAL,-20.9839,28.0397,ALL,ALL,431,10,0
2014,FEB,MASHONALAND CENTRAL,CENTENARY,COMMUNAL,-16.9081,30.59575,MALE,ADULT,1249,1,0
2014,FEB,MASHONALAND CENTRAL,BINDURA,COMMUNAL,-17.0895,31.27707,ALL,ADULT,836,2,0
2014,FEB,MASHONALAND CENTRAL,BINDURA,COMMUNAL,-16.91743,31.37303,ALL,ADULT,1168,3,0
2014,FEB,MASHONALAND CENTRAL,BINDURA,COMMUNAL,-16.91743,31.3733,FEMALE,ADULT,1168,1,0
2014,FEB,MASHONALAND CENTRAL,BINDURA,COMMUNAL,-16.91743,31.37303,FEMALE,ADULT,1168,4,0
2014,FEB,MASHONALAND CENTRAL,BINDURA,COMMUNAL,-17.15273,31.16597,ALL,ALL,1876,2,0
2014,FEB,MASHONALAND CENTRAL,BINDURA,COMMUNAL,-17.15273,31.16597,ALL,ALL,1876,2,0
2014,FEB,MASHONALAND CENTRAL,RUSHINGA,COMMUNAL,-16.55804,32.06001,FEMALE,ADULT,1744,1,0
2014,FEB,MASHONALAND CENTRAL,MBIRE,COMMUNAL,-16.16462,30.5768,ALL,ALL,3842,25,0
2014,FEB,MASHONALAND CENTRAL,MBIRE,COMMUNAL,-16.19143,30.97145,FEMALE,ADULT,1867,1,0
2014,FEB,MASHONALAND CENTRAL,MBIRE,COMMUNAL,-16.16462,30.5768,ALL,ALL,3842,25,0
2014,FEB,MASHONALAND CENTRAL,MBIRE,COMMUNAL,-16.19143,30.97145,FEMALE,ADULT,1867,1,0
2014,FEB,MASHONALAND CENTRAL,MBIRE,COMMUNAL,-16.09028,30.83462,FEMALE,JUVENILE,1117,1,0
2014,FEB,MASHONALAND CENTRAL,MBIRE,COMMUNAL,-16.3874,30.732,MALE,ADULT,3016,1,0
2014,FEB,MASHONALAND CENTRAL,MBIRE,COMMUNAL,-16.3874,30.732,MALE,ADULT,3016,1,0
2014,FEB,MASHONALAND CENTRAL,MAZOWE,COMMUNAL,-17.28205,30.94526,ALL,ALL,634,2,0
2014,FEB,MASHONALAND CENTRAL,GURUVE,COMMUNAL,-16.36847,30.6785,ALL,ADULT,1826,5,0
2014,FEB,MASHONALAND CENTRAL,GURUVE,COMMUNAL,-16.81824,30.71482,MALE,ADULT,1657,2,0
2014,FEB,MASHONALAND CENTRAL,GURUVE,COMMUNAL,-16.42594,30.67892,FEMALE,ADULT,2407,2,0
2014,FEB,MASHONALAND CENTRAL,MAZOWE,COMMUNAL,-17.14882,30.91752,ALL,ALL,1685,5,0
2014,FEB,MASHONALAND CENTRAL,MAZOWE,COMMUNAL,-16.89812,30.99412,FEMALE,ADULT,1731,3,0
2014,FEB,MASHONALAND CENTRAL,MT DARWIN,COMMUNAL,-16.46622,31.74826,ALL,ADULT,3242,2,0
2014,FEB,MASHONALAND CENTRAL,MT DARWIN,COMMUNAL,-16.70643,31.73923,FEMALE,ADULT,1458,1,0
2014,FEB,MASHONALAND CENTRAL,SHAMVA,COMMUNAL,-16.98072,31.48536,MALE,JUVENILE,1756,1,0
2014,FEB,MASHONALAND CENTRAL,SHAMVA,COMMUNAL,-17.3375,31.42413,MALE,ADULT,973,1,0
2014,MAR,MASHONALAND CENTRAL,BINDURA,COMMUNAL,-17.0895,31.27707,FEMALE,ADULT,894,1,0
2014,MAR,MASHONALAND CENTRAL,BINDURA,COMMUNAL,-17.15273,31.16597,ALL,ADULT,1883,4,1
2014,MAR,MASHONALAND CENTRAL,BINDURA,COMMUNAL,-16.91743,31.37303,ALL,ADULT,1168,2,0
2014,MAR,MASHONALAND CENTRAL,BINDURA,COMMUNAL,-16.92155,31.30715,ALL,ADULT,764,4,0
2014,MAR,MASHONALAND CENTRAL,BINDURA,COMMUNAL,-16.91743,31.37303,ALL,ADULT,1168,3,0
2014,MAR,MASHONALAND CENTRAL,CENTENARY,COMMUNAL,-16.02876,31.20806,FEMALE,ADULT,2640,2,0
2014,MAR,MASHONALAND CENTRAL,CENTENARY,COMMUNAL,-16.35176,30.96064,ALL,ALL,2322,6,0
2014,MAR,MASHONALAND CENTRAL,CENTENARY,COMMERCIAL,-16.70638,31.03741,MALE,ADULT,613,1,0
2014,MAR,MASHONALAND CENTRAL,MBIRE,COMMUNAL,-16.34703,30.62201,MALE,ADULT,1571,1,0
2014,MAR,MASHONALAND CENTRAL,MBIRE,COMMUNAL,-16.10798,31.11453,MALE,ADULT,1762,1,0
2014,MAR,MASHONALAND CENTRAL,GURUVE,COMMUNAL,-16.80184,30.57294,MALE,ADULT,431,1,0
2014,MAR,MASHONALAND CENTRAL,RUSHINGA,COMMUNAL,-16.55804,32.06001,FEMALE,ADULT,1744,1,0
2014,MAR,MASHONALAND CENTRAL,MAZOWE,RESETTLEMENT,-17.26444,31.14744,FEMALE,ADULT,24,5,0
2014,MAR,MASHONALAND CENTRAL,MAZOWE,COMMUNAL,-17.31676,31.1802,ALL,ADULT,974,3,0
2014,MAR,MASHONALAND CENTRAL,MAZOWE,COMMUNAL,-17.31676,31.1802,FEMALE,ADULT,974,1,0
2014,MAR,MASHONALAND CENTRAL,MAZOWE,COMMUNAL,-17.2738,31.13231,ALL,ADULT,1014,3,0
2014,MAR,MASHONALAND CENTRAL,MAZOWE,COMMUNAL,-17.21648,31.0742,MALE,ADULT,2429,1,0
2014,MAR,MASHONALAND CENTRAL,MAZOWE,COMMUNAL,-17.2738,31.13231,ALL,ALL,1014,2,0
2014,MAR,MASHONALAND CENTRAL,MAZOWE,COMMUNAL,-17.06868,31.04747,MALE,ADULT,2719,1,0
2014,MAR,MASHONALAND CENTRAL,MAZOWE,COMMUNAL,-16.95634,31.06502,ALL,ALL,1633,8,3
2014,MAR,MASHONALAND CENTRAL,MAZOWE,COMMUNAL,-16.95634,31.06502,ALL,ALL,1635,5,1
2014,MAR,MASHONALAND CENTRAL,MAZOWE,COMMUNAL,-17.3095,31.07648,ALL,ALL,699,2,0
2014,MAR,MASHONALAND CENTRAL,MAZOWE,COMMUNAL,-17.3095,31.07648,ALL,ALL,699,8,0
2014,MAR,MASHONALAND CENTRAL,MT DARWIN,COMMUNAL,-16.63261,31.74245,MALE,ADULT,2293,2,0
2014,MAR,MASHONALAND CENTRAL,MT DARWIN,COMMUNAL,-16.5638,31.79258,MALE,ADULT,4697,1,0
2014,MAR,MASHONALAND CENTRAL,MT DARWIN,COMMUNAL,-16.55815,31.66584,FEMALE,ADULT,1496,1,0
2014,MAR,MASHONALAND CENTRAL,MT DARWIN,COMMUNAL,-16.46622,31.74826,FEMALE,ADULT,3240,1,0
2014,MAR,MASHONALAND CENTRAL,MT DARWIN,COMMUNAL,-16.61862,31.74245,ALL,ALL,1251,8,0
2014,MAR,MASHONALAND CENTRAL,MT DARWIN,COMMUNAL,-16.79419,31.8466,ALL,ALL,967,6,1
2014,MAR,MASHONALAND CENTRAL,MT DARWIN,COMMUNAL,-16.70643,31.73923,ALL,ALL,1257,7,0
2014,MAR,MASHONALAND CENTRAL,MT DARWIN,COMMUNAL,-16.70643,31.73923,FEMALE,JUVENILE,1357,1,1
2014,MAR,MASHONALAND CENTRAL,MT DARWIN,COMMUNAL,-16.73211,31.7855,ALL,ALL,1289,3,0
2014,MAR,MASHONALAND CENTRAL,MT DARWIN,COMMUNAL,-16.81548,31.45792,ALL,ALL,1964,4,0
2014,MAR,MASHONALAND CENTRAL,MAZOWE,COMMUNAL,-16.89812,30.99412,FEMALE,ADULT,1742,1,0
2014,MAR,MASHONALAND CENTRAL,MAZOWE,COMMUNAL,-16.94919,30.95481,MALE,ADULT,1067,1,0
2014,MAR,MASHONALAND CENTRAL,MAZOWE,RESETTLEMENT,-17.15824,30.80463,FEMALE,ADULT,5,1,0
2014,MAR,MASHONALAND CENTRAL,MAZOWE,RESETTLEMENT,-17.32228,30.86533,ALL,ADULT,14,2,0
2014,MAR,MASHONALAND CENTRAL,MAZOWE,COMMUNAL,-17.32228,30.86533,ALL,ADULT,5,1,0
2014,MAR,MASHONALAND CENTRAL,SHAMVA,COMMUNAL,-17.37105,31.51233,FEMALE,JUVENILE,710,1,0
2014,MAR,MASHONALAND CENTRAL,SHAMVA,COMMUNAL,-16.9285,31.71672,MALE,ADULT,1033,1,0
2014,MAR,MASHONALAND CENTRAL,SHAMVA,COMMUNAL,-16.93417,31.65747,MALE,JUVENILE,1082,1,0
2014,JAN,MASHONALAND WEST,HURUNGWE,COMMUNAL,-17.5041,29.53241,MALE,ADULT,1410,1,0
2014,JAN,MASHONALAND WEST,HURUNGWE,COMMUNAL,-17.5041,29.53241,FEMALE,JUVENILE,1410,1,0
2014,FEB,MASHONALAND WEST,HURUNGWE,COMMUNAL,-17.5041,29.53241,MALE,ADULT,1410,2,0
2014,MAR,MASHONALAND WEST,HURUNGWE,COMMUNAL,-17.2969,29.57386,FEMALE,ADULT,566,1,0
2014,JAN,MASHONALAND WEST,SANYATI,COMMUNAL,-17.98433392,29.45514694,MALE,ADULT,578,2,0
2014,JAN,MASHONALAND WEST,HURUNGWE,COMMUNAL,-17.4974,29.3921,ALL,ADULT,1672,1,0
2014,JAN,MASHONALAND WEST,MAKONDE,COMMUNAL,-30.73811802,23.68952828,ALL,ADULT,4,4,
2014,FEB,MASHONALAND WEST,ZVIMBA,COMMERCIAL,-17.5593,30.50837,ALL,ALL,349,7,0
2014,MAR,MANICALAND,NYANGA,COMMUNAL,-17.88699,32.51417,ALL,ADULT,16,4,
2014,MAR,MANICALAND,NYANGA,COMMUNAL,-17.24559,32.53036,MALE,ADULT,17,1,
2014,MAY,MATABELELAND SOUTH,INSIZA,RESETTLEMENT,-20.7392,29.5228,ALL,ADULT,78,2,0
2014,MAY,MATABELELAND SOUTH,INSIZA,RESETTLEMENT,-20.636,29.4047,ALL,ALL,40,8,0
2014,MAY,MATABELELAND SOUTH,INSIZA,RESETTLEMENT,-20.958,29.625,FEMALE,ADULT,88,3,0
2014,MAY,MATABELELAND SOUTH,INSIZA,RESETTLEMENT,-20.1158,29.2572,FEMALE,ADULT,53,1,1
2014,MAY,MATABELELAND SOUTH,INSIZA,RESETTLEMENT,-20.1158,29.2572,ALL,ALL,120,5,0
2014,MAY,MATABELELAND SOUTH,INSIZA,RESETTLEMENT,-20.578,29.4233,FEMALE,JUVENILE,42,1,0
2014,MAY,MATABELELAND SOUTH,INSIZA,COMMUNAL,-20.2331,29.3497,FEMALE,ADULT,42,4,0
2014,MAY,MATABELELAND SOUTH,INSIZA,RESETTLEMENT,-20.041,29.7078,FEMALE,ADULT,67,3,0
2014,MAY,MATABELELAND SOUTH,INSIZA,RESETTLEMENT,-20.8289,29.5247,FEMALE,ADULT,91,15,0
2014,MAY,MATABELELAND SOUTH,INSIZA,RESETTLEMENT,-20.8464,29.3286,MALE,ADULT,105,2,0
2014,MAY,MATABELELAND SOUTH,INSIZA,RESETTLEMENT,-20.1606,29.3636,ALL,ADULT,70,2,0
2014,MAY,MATABELELAND SOUTH,INSIZA,RESETTLEMENT,-20.041,29.7078,FEMALE,ADULT,69,2,0
2014,MAY,MATABELELAND SOUTH,INSIZA,RESETTLEMENT,-19.8353,29.5497,ALL,ALL,12,1,1
2014,MAY,MATABELELAND SOUTH,INSIZA,RESETTLEMENT,-20.581,29.6343,ALL,ALL,168,2,1
2014,MAY,MATABELELAND SOUTH,INSIZA,COMMUNAL,-19.85,29.2633,MALE,ALL,5,2,0
2014,MAY,MATABELELAND SOUTH,INSIZA,RESETTLEMENT,-20.7392,29.5228,MALE,ADULT,20,1,0
2014,MAY,MATABELELAND SOUTH,INSIZA,COMMUNAL,-20.164,29.3839,ALL,ALL,7,1,0
2014,MAY,MATABELELAND SOUTH,INSIZA,COMMUNAL,-20.104,29.8836,ALL,ALL,28,4,0
2014,MAY,MATABELELAND SOUTH,INSIZA,COMMUNAL,-20.301,29.7392,FEMALE,ADULT,58,1,0
2014,MAY,MATABELELAND SOUTH,INSIZA,COMMUNAL,-20.2256,29.6403,MALE,ADULT,95,1,0
2014,MAY,MATABELELAND SOUTH,INSIZA,COMMUNAL,-20.755,29.4425,FEMALE,ADULT,13,1,0
2014,MAY,MATABELELAND SOUTH,INSIZA,COMMUNAL,-20.893,29.635,MALE,JUVENILE,9,1,1
2014,MAY,MATABELELAND SOUTH,INSIZA,COMMUNAL,-20.5167,29.7375,ALL,ALL,8,1,1
2014,MAY,MATABELELAND SOUTH,INSIZA,COMMUNAL,-20.7453,29.4019,MALE,JUVENILE,11,1,0
2014,MAY,MATABELELAND SOUTH,INSIZA,COMMUNAL,-20.48,29.7397,FEMALE,ADULT,8,2,0
2014,MAY,MATABELELAND SOUTH,INSIZA,COMMUNAL,-20.48,29.7397,ALL,ALL,11,2,0
2014,MAY,MATABELELAND SOUTH,INSIZA,COMMUNAL,-20.48,29.7397,ALL,ALL,4,1,0
2014,MAY,MATABELELAND SOUTH,INSIZA,COMMUNAL,-20.48,29.7397,FEMALE,JUVENILE,23,1,0
2014,MAY,MATABELELAND SOUTH,INSIZA,COMMUNAL,-19.85,29.2633,FEMALE,ADULT,1,1,0
2014,MAY,MATABELELAND SOUTH,INSIZA,COMMUNAL,-20.8742,29.4531,FEMALE,ADULT,9,1,0
2014,MAY,MATABELELAND SOUTH,INSIZA,COMMUNAL,-20.6631,29.4764,FEMALE,ADULT,14,1,1
2014,MAY,MATABELELAND SOUTH,INSIZA,COMMUNAL,-20.755,29.4425,FEMALE,ADULT,16,1,0
2014,MAY,MATABELELAND SOUTH,INSIZA,COMMUNAL,-20.089,29.2592,ALL,ALL,76,13,0
2014,MAY,MATABELELAND SOUTH,INSIZA,COMMUNAL,-20.104,29.8836,ALL,ALL,97,7,0
2014,MAY,MATABELELAND SOUTH,INSIZA,COMMUNAL,-20.164,29.3839,ALL,ALL,76,6,0
2014,MAY,MATABELELAND SOUTH,INSIZA,COMMUNAL,-20.7878,29.5111,ALL,ALL,57,5,0
2014,MAY,MATABELELAND SOUTH,INSIZA,COMMUNAL,-20.064,29.6425,ALL,ALL,204,9,0
2014,MAY,MATABELELAND SOUTH,MATOBO,COMMERCIAL,-20.0506,28.5878,FEMALE,ALL,11,4,0
2014,MAY,MATABELELAND SOUTH,MATOBO,COMMERCIAL,-20.5167,28.4669,MALE,ADULT,270,1,0
2014,MAY,MATABELELAND SOUTH,MATOBO,COMMERCIAL,-20.2869,28.6967,ALL,JUVENILE,31,2,0
2014,MAY,MATABELELAND SOUTH,MATOBO,COMMUNAL,-21.4028,28.5172,FEMALE,JUVENILE,512,1,0
2014,MAY,MATABELELAND SOUTH,MATOBO,COMMUNAL,-21.4028,28.5172,FEMALE,JUVENILE,512,1,0
2014,MAY,MATABELELAND SOUTH,MATOBO,COMMUNAL,-21.4028,28.5172,FEMALE,ADULT,512,1,0
2014,MAY,MATABELELAND SOUTH,MATOBO,COMMUNAL,-21.4028,28.5172,MALE,JUVENILE,512,1,0
2014,MAY,MATABELELAND SOUTH,MATOBO,COMMUNAL,-21.4606,28.4061,FEMALE,ADULT,509,1,0
2014,MAY,MATABELELAND SOUTH,MATOBO,COMMUNAL,-21.4606,28.4061,MALE,JUVENILE,509,1,0
2014,MAY,MATABELELAND SOUTH,MATOBO,COMMUNAL,-20.9914,28.3092,FEMALE,ADULT,7,2,1
2014,MAY,MATABELELAND SOUTH,MATOBO,COMMUNAL,-210875,28.2936,MALE,ADULT,7,1,0
2014,MAY,MATABELELAND SOUTH,MATOBO,COMMUNAL,-21.0397,28.3572,ALL,ALL,13,3,0
2014,MAY,MATABELELAND SOUTH,MATOBO,COMMUNAL,-21.0397,28.3572,ALL,ALL,9,4,0
2014,MAY,MATABELELAND SOUTH,MATOBO,COMMUNAL,-21.0397,28.3572,MALE,JUVENILE,15,1,0
2014,MAY,MATABELELAND SOUTH,MATOBO,COMMUNAL,-21.0397,28.3572,ALL,ALL,18,4,2
2014,MAY,MATABELELAND SOUTH,MATOBO,COMMUNAL,-20.9914,28.3092,MALE,ADULT,7,2,0
2014,MAY,MATABELELAND SOUTH,MATOBO,COMMUNAL,-21.0875,28.2936,FEMALE,ADULT,4,1,0
2014,MAY,MATABELELAND SOUTH,MATOBO,COMMUNAL,-21.1558,28.4486,FEMALE,ADULT,14,3,0
2014,MAY,MATABELELAND SOUTH,MATOBO,COMMUNAL,-21.0875,28.2936,FEMALE,ALL,35,5,2
2014,MAY,MATABELELAND SOUTH,MATOBO,COMMUNAL,-21.0397,28.3572,ALL,ADULT,30,6,3
2014,MAY,MATABELELAND SOUTH,MATOBO,COMMUNAL,-21.1215,28.5242,ALL,JUVENILE,10,2,0
2014,MAY,MATABELELAND SOUTH,MATOBO,COMMUNAL,-21.3325,28.4978,FEMALE,ADULT,8,1,0
2014,MAY,MATABELELAND SOUTH,MATOBO,COMMUNAL,-20.7625,28.7283,MALE,ADULT,25,3,0
2014,MAY,MATABELELAND SOUTH,MATOBO,COMMERCIAL,-20.8914,28.5683,FEMALE,ADULT,124,1,0
2014,MAY,MATABELELAND SOUTH,UMZINGWANE,COMMUNAL,20.145,29.197,ALL,ALL,550,11,0
2014,MAY,MATABELELAND SOUTH,UMZINGWANE,COMMUNAL,20.145,29.197,ALL,ALL,922,31,0
2014,MAY,MATABELELAND SOUTH,UMZINGWANE,COMMUNAL,29.0725,20.44444,ALL,ALL,1398,32,2
2014,MAY,MATABELELAND SOUTH,UMZINGWANE,COMMUNAL,29.195,20.23194,ALL,ALL,33,4,0
2014,MAY,MATABELELAND SOUTH,UMZINGWANE,COMMUNAL,29.2489,20.67111,MALE,ADULT,8,3,0
2014,MAY,MATABELELAND SOUTH,UMZINGWANE,COMMUNAL,29.1086,20.46194,MALE,ADULT,11,1,0
2014,MAY,MATABELELAND SOUTH,UMZINGWANE,COMMUNAL,29.0914,20.72611,FEMALE,ADULT,2,1,0
2014,MAR,MASVINGO,ZAKA,COMMUNAL,-20.32387801,31.34203475,ALL,ALL,1976,8,0
2014,MAR,MASVINGO,ZAKA,COMMUNAL,-20.32387801,31.34203475,ALL,ADULT,1941,3,0
2014,MAR,MASVINGO,ZAKA,COMMUNAL,-20.38778783,31.41419123,ALL,ALL,3220,17,0
2014,MAR,MASVINGO,ZAKA,COMMUNAL,-20.24335441,31.42713832,MALE,JUVENILE,8,2,0
2014,MAR,MASVINGO,ZAKA,COMMUNAL,-20.50780554,31.72645106,ALL,ALL,1468,1,0
2014,MAR,MASVINGO,ZAKA,COMMUNAL,-20.12614388,31.45409971,ALL,ALL,2568,124,3
2014,MAR,MASVINGO,MASVINGO,COMMUNAL,-20.43852223,31.07057496,ALL,ALL,970,7,
2014,MAR,MASVINGO,MASVINGO,COMMUNAL,-20.29292156,30.97569666,FEMALE,ADULT,,1,
2014,MAR,MASVINGO,MASVINGO,COMMUNAL,-20.29292156,30.97569666,ALL,ALL,,15,
2014,MAR,MASVINGO,MASVINGO,COMMUNAL,-20.44902992,31.20843156,ALL,ALL,967,42,2
2014,MAR,MASVINGO,MASVINGO,COMMUNAL,-2026275,305750,ALL,ADULT,,2,
2014,MAR,MASVINGO,MASVINGO,COMMUNAL,-20.07494232,30.8743239,MALE,ADULT,300,4,
2014,MAR,MASVINGO,MASVINGO,COMMUNAL,-20.07362126,30.76728481,MALE,ADULT,650,3,
2014,MAR,MASVINGO,MASVINGO,COMMUNAL,-20.77848167,30.79742698,FEMALE,ALL,634,2,
2014,MAR,MASVINGO,MASVINGO,COMMUNAL,-20.2908561,30.80437992,ALL,ADULT,20,4,1
2014,MAR,MASVINGO,MASVINGO,COMMUNAL,-20.19086873,30.75412075,MALE,ADULT,18,1,
2014,MAR,MASVINGO,MASVINGO,COMMUNAL,-20.33767584,30.94068106,ALL,ALL,518,4,1
2014,MAR,MASVINGO,MASVINGO,COMMUNAL,#REF!,#REF!,ALL,ALL,55,5,
2014,MAR,MASVINGO,MASVINGO,COMMUNAL,-2002536,3105063,ALL,ALL,10,2,
2014,MAR,MASVINGO,MASVINGO,COMMUNAL,-20.20968979,30.81414058,ALL,ALL,877,6,
2014,MAR,MASVINGO,MASVINGO,COMMUNAL,-20.27478124,30.96923203,FEMALE,ADULT,1225,2,
2014,MAR,MASVINGO,MASVINGO,COMMUNAL,-20.25585009,30.89584438,ALL,ALL,38,4,
2014,MAR,MASVINGO,MASVINGO,COMMUNAL,-2065161,3116306,ALL,ALL,810,23,4
2014,MAR,MASVINGO,MASVINGO,COMMUNAL,-2058880,3115705,ALL,ALL,1933,19,11
2014,MAR,MASVINGO,MASVINGO,COMMUNAL,2039043,3109779,ALL,ALL,1810,17,7
2014,MAR,MASVINGO,MASVINGO,COMMUNAL,-18.07069656,32.23743197,ALL,ALL,,19,1
2014,MAR,MASVINGO,MASVINGO,COMMUNAL,-20.55537101,31.01925653,ALL,ALL,1617,22,
2014,MAR,MASVINGO,MASVINGO,COMMUNAL,-20.49393314,31.1830054,ALL,ADULT,1214,3,
2014,MAR,MASVINGO,MASVINGO,COMMUNAL,-20.03922811,30.90920023,ALL,ALL,1360,7,1
2014,MAR,MASVINGO,MASVINGO,COMMUNAL,-20.71758766,30.98736833,ALL,ALL,737,6,
2014,MAR,MASVINGO,MASVINGO,COMMUNAL,-20.62569685,30.85718053,ALL,ALL,2009,10,
2014,MAR,MASVINGO,MASVINGO,COMMUNAL,-19.99407191,30.90981621,ALL,ALL,1808,9,2
2014,MAR,MASVINGO,MASVINGO,COMMUNAL,-20.38015291,30.72462382,FEMALE,ADULT,299,1,
2014,MAR,MASVINGO,MASVINGO,COMMUNAL,-20.38015291,30.72462382,ALL,ALL,702,3,
2014,MAR,MASVINGO,MASVINGO,COMMUNAL,-20.1934546,30.96648082,ALL,ALL,614,4,
2014,MAR,MASVINGO,MASVINGO,COMMUNAL,-2034218,3104601,ALL,ALL,6,6,
2014,MAR,MASVINGO,MASVINGO,COMMUNAL,-20.27478124,30.96923203,ALL,ADULT,1225,20,
